keyword,cluster_id,cluster,intent,demand_tier,geo,score,band,value,fit,winnability,effort,evidence,map_pack,ai_overview,gsc_impressions,gsc_position
local seo for cafes bangalore,c-216,Local Seo For Cafes Bangalore,transactional,mid,bangalore,95,core,10,10,8,3,inferred,,,,
social media marketing consultant near bangalore,c-023,Social Media Marketing Bangalore,transactional,long_tail,bangalore,105,core,10,10,8,2,inferred,,,,
social media marketing consultant company bangalore,c-023,Social Media Marketing Bangalore,transactional,long_tail,bangalore,105,core,10,10,8,2,inferred,,,,
24 hour social media marketing consultant bangalore,c-023,Social Media Marketing Bangalore,transactional,long_tail,bangalore,105,core,10,10,8,2,inferred,,,,
social media marketing consultant services bangalore,c-023,Social Media Marketing Bangalore,transactional,long_tail,bangalore,105,core,10,10,8,2,inferred,,,,
same day social media marketing consultant bangalore,c-023,Social Media Marketing Bangalore,transactional,long_tail,bangalore,105,core,10,10,8,2,inferred,,,,
emergency social media marketing consultant bangalore,c-023,Social Media Marketing Bangalore,transactional,long_tail,bangalore,105,core,10,10,8,2,inferred,,,,
social media marketing consultant contractor bangalore,c-023,Social Media Marketing Bangalore,transactional,long_tail,bangalore,105,core,10,10,8,2,inferred,,,,
social media marketing consultant bangalore ka,c-023,Social Media Marketing Bangalore,transactional,long_tail,bangalore,95,core,9,10,8,2,inferred,,,,
best social media marketing consultant bangalore,c-023,Social Media Marketing Bangalore,transactional,long_tail,bangalore,95,core,9,10,8,2,inferred,,,,
cheap social media marketing consultant bangalore,c-023,Social Media Marketing Bangalore,transactional,long_tail,bangalore,95,core,9,10,8,2,inferred,,,,
best social media marketing consultant in bangalore,c-023,Social Media Marketing Bangalore,transactional,long_tail,bangalore,95,core,9,10,8,2,inferred,,,,
licensed social media marketing consultant bangalore,c-023,Social Media Marketing Bangalore,transactional,long_tail,bangalore,95,core,9,10,8,2,inferred,,,,
top rated social media marketing consultant bangalore,c-023,Social Media Marketing Bangalore,transactional,long_tail,bangalore,95,core,9,10,8,2,inferred,,,,
affordable social media marketing consultant bangalore,c-023,Social Media Marketing Bangalore,transactional,long_tail,bangalore,95,core,9,10,8,2,inferred,,,,
social media marketing bangalore,c-023,Social Media Marketing Bangalore,transactional,mid,bangalore,86,core,9,10,8,3,inferred,,,,
social media marketing consultant bangalore,c-023,Social Media Marketing Bangalore,transactional,mid,bangalore,86,core,9,10,8,3,inferred,,,,
bangalore social media marketing consultant,c-023,Social Media Marketing Bangalore,transactional,mid,bangalore,86,core,9,10,8,3,inferred,,,,
social media marketing consultant in bangalore,c-023,Social Media Marketing Bangalore,transactional,mid,bangalore,86,core,9,10,8,3,inferred,,,,
social media marketing consultant bangalore cost,c-023,Social Media Marketing Bangalore,informational_bofu,long_tail,bangalore,76,core,8,10,8,3,inferred,,,,
social media marketing consultant prices bangalore,c-023,Social Media Marketing Bangalore,informational_bofu,long_tail,bangalore,76,core,8,10,8,3,inferred,,,,
social media marketing consultant quotes bangalore,c-023,Social Media Marketing Bangalore,informational_bofu,long_tail,bangalore,76,core,8,10,8,3,inferred,,,,
social media marketing consultant cost in bangalore,c-023,Social Media Marketing Bangalore,informational_bofu,long_tail,bangalore,76,core,8,10,8,3,inferred,,,,
social media marketing consultant bangalore reviews,c-023,Social Media Marketing Bangalore,commercial,long_tail,bangalore,56,core,7,10,8,5,inferred,,,,
24 hour google ads expert bangalore,c-025,Google Ads Expert Bangalore,transactional,long_tail,bangalore,105,core,10,10,8,2,inferred,,,,
same day google ads expert bangalore,c-025,Google Ads Expert Bangalore,transactional,long_tail,bangalore,105,core,10,10,8,2,inferred,,,,
google ads expert near bangalore,c-025,Google Ads Expert Bangalore,transactional,mid,bangalore,95,core,10,10,8,3,inferred,,,,
google ads expert company bangalore,c-025,Google Ads Expert Bangalore,transactional,mid,bangalore,95,core,10,10,8,3,inferred,,,,
google ads expert services bangalore,c-025,Google Ads Expert Bangalore,transactional,mid,bangalore,95,core,10,10,8,3,inferred,,,,
emergency google ads expert bangalore,c-025,Google Ads Expert Bangalore,transactional,mid,bangalore,95,core,10,10,8,3,inferred,,,,
google ads expert contractor bangalore,c-025,Google Ads Expert Bangalore,transactional,mid,bangalore,95,core,10,10,8,3,inferred,,,,
top rated google ads expert bangalore,c-025,Google Ads Expert Bangalore,transactional,long_tail,bangalore,95,core,9,10,8,2,inferred,,,,
google ads expert bangalore,c-025,Google Ads Expert Bangalore,transactional,mid,bangalore,86,core,9,10,8,3,inferred,,,,
bangalore google ads expert,c-025,Google Ads Expert Bangalore,transactional,mid,bangalore,86,core,9,10,8,3,inferred,,,,
google ads expert in bangalore,c-025,Google Ads Expert Bangalore,transactional,mid,bangalore,86,core,9,10,8,3,inferred,,,,
google ads expert bangalore ka,c-025,Google Ads Expert Bangalore,transactional,mid,bangalore,86,core,9,10,8,3,inferred,,,,
best google ads expert bangalore,c-025,Google Ads Expert Bangalore,transactional,mid,bangalore,86,core,9,10,8,3,inferred,,,,
cheap google ads expert bangalore,c-025,Google Ads Expert Bangalore,transactional,mid,bangalore,86,core,9,10,8,3,inferred,,,,
best google ads expert in bangalore,c-025,Google Ads Expert Bangalore,transactional,mid,bangalore,86,core,9,10,8,3,inferred,,,,
licensed google ads expert bangalore,c-025,Google Ads Expert Bangalore,transactional,mid,bangalore,86,core,9,10,8,3,inferred,,,,
affordable google ads expert bangalore,c-025,Google Ads Expert Bangalore,transactional,mid,bangalore,86,core,9,10,8,3,inferred,,,,
google ads expert bangalore cost,c-025,Google Ads Expert Bangalore,informational_bofu,mid,bangalore,70,core,8,10,8,4,inferred,,,,
google ads expert prices bangalore,c-025,Google Ads Expert Bangalore,informational_bofu,mid,bangalore,70,core,8,10,8,4,inferred,,,,
google ads expert quotes bangalore,c-025,Google Ads Expert Bangalore,informational_bofu,mid,bangalore,70,core,8,10,8,4,inferred,,,,
google ads expert cost in bangalore,c-025,Google Ads Expert Bangalore,informational_bofu,mid,bangalore,70,core,8,10,8,4,inferred,,,,
google ads expert bangalore reviews,c-025,Google Ads Expert Bangalore,commercial,mid,bangalore,52,core,7,10,8,6,inferred,,,,
24 hour google ads expert bengaluru,c-026,Google Ads Expert Bengaluru,transactional,long_tail,bengaluru,105,core,10,10,8,2,inferred,,,,
same day google ads expert bengaluru,c-026,Google Ads Expert Bengaluru,transactional,long_tail,bengaluru,105,core,10,10,8,2,inferred,,,,
google ads expert near bengaluru,c-026,Google Ads Expert Bengaluru,transactional,mid,bengaluru,95,core,10,10,8,3,inferred,,,,
google ads expert company bengaluru,c-026,Google Ads Expert Bengaluru,transactional,mid,bengaluru,95,core,10,10,8,3,inferred,,,,
google ads expert services bengaluru,c-026,Google Ads Expert Bengaluru,transactional,mid,bengaluru,95,core,10,10,8,3,inferred,,,,
emergency google ads expert bengaluru,c-026,Google Ads Expert Bengaluru,transactional,mid,bengaluru,95,core,10,10,8,3,inferred,,,,
google ads expert contractor bengaluru,c-026,Google Ads Expert Bengaluru,transactional,mid,bengaluru,95,core,10,10,8,3,inferred,,,,
top rated google ads expert bengaluru,c-026,Google Ads Expert Bengaluru,transactional,long_tail,bengaluru,95,core,9,10,8,2,inferred,,,,
google ads expert bengaluru,c-026,Google Ads Expert Bengaluru,transactional,mid,bengaluru,86,core,9,10,8,3,inferred,,,,
bengaluru google ads expert,c-026,Google Ads Expert Bengaluru,transactional,mid,bengaluru,86,core,9,10,8,3,inferred,,,,
google ads expert in bengaluru,c-026,Google Ads Expert Bengaluru,transactional,mid,bengaluru,86,core,9,10,8,3,inferred,,,,
google ads expert bengaluru ka,c-026,Google Ads Expert Bengaluru,transactional,mid,bengaluru,86,core,9,10,8,3,inferred,,,,
best google ads expert bengaluru,c-026,Google Ads Expert Bengaluru,transactional,mid,bengaluru,86,core,9,10,8,3,inferred,,,,
cheap google ads expert bengaluru,c-026,Google Ads Expert Bengaluru,transactional,mid,bengaluru,86,core,9,10,8,3,inferred,,,,
best google ads expert in bengaluru,c-026,Google Ads Expert Bengaluru,transactional,mid,bengaluru,86,core,9,10,8,3,inferred,,,,
licensed google ads expert bengaluru,c-026,Google Ads Expert Bengaluru,transactional,mid,bengaluru,86,core,9,10,8,3,inferred,,,,
affordable google ads expert bengaluru,c-026,Google Ads Expert Bengaluru,transactional,mid,bengaluru,86,core,9,10,8,3,inferred,,,,
google ads expert bengaluru cost,c-026,Google Ads Expert Bengaluru,informational_bofu,mid,bengaluru,70,core,8,10,8,4,inferred,,,,
google ads expert prices bengaluru,c-026,Google Ads Expert Bengaluru,informational_bofu,mid,bengaluru,70,core,8,10,8,4,inferred,,,,
google ads expert quotes bengaluru,c-026,Google Ads Expert Bengaluru,informational_bofu,mid,bengaluru,70,core,8,10,8,4,inferred,,,,
google ads expert cost in bengaluru,c-026,Google Ads Expert Bengaluru,informational_bofu,mid,bengaluru,70,core,8,10,8,4,inferred,,,,
google ads expert bengaluru reviews,c-026,Google Ads Expert Bengaluru,commercial,mid,bengaluru,52,core,7,10,8,6,inferred,,,,
24 hour meta ads expert bengaluru,c-036,Meta Ads Expert Bengaluru,transactional,long_tail,bengaluru,105,core,10,10,8,2,inferred,,,,
same day meta ads expert bengaluru,c-036,Meta Ads Expert Bengaluru,transactional,long_tail,bengaluru,105,core,10,10,8,2,inferred,,,,
meta ads expert near bengaluru,c-036,Meta Ads Expert Bengaluru,transactional,mid,bengaluru,95,core,10,10,8,3,inferred,,,,
meta ads expert company bengaluru,c-036,Meta Ads Expert Bengaluru,transactional,mid,bengaluru,95,core,10,10,8,3,inferred,,,,
meta ads expert services bengaluru,c-036,Meta Ads Expert Bengaluru,transactional,mid,bengaluru,95,core,10,10,8,3,inferred,,,,
emergency meta ads expert bengaluru,c-036,Meta Ads Expert Bengaluru,transactional,mid,bengaluru,95,core,10,10,8,3,inferred,,,,
meta ads expert contractor bengaluru,c-036,Meta Ads Expert Bengaluru,transactional,mid,bengaluru,95,core,10,10,8,3,inferred,,,,
top rated meta ads expert bengaluru,c-036,Meta Ads Expert Bengaluru,transactional,long_tail,bengaluru,95,core,9,10,8,2,inferred,,,,
meta ads expert bengaluru,c-036,Meta Ads Expert Bengaluru,transactional,mid,bengaluru,86,core,9,10,8,3,inferred,,,,
bengaluru meta ads expert,c-036,Meta Ads Expert Bengaluru,transactional,mid,bengaluru,86,core,9,10,8,3,inferred,,,,
meta ads expert in bengaluru,c-036,Meta Ads Expert Bengaluru,transactional,mid,bengaluru,86,core,9,10,8,3,inferred,,,,
meta ads expert bengaluru ka,c-036,Meta Ads Expert Bengaluru,transactional,mid,bengaluru,86,core,9,10,8,3,inferred,,,,
best meta ads expert bengaluru,c-036,Meta Ads Expert Bengaluru,transactional,mid,bengaluru,86,core,9,10,8,3,inferred,,,,
cheap meta ads expert bengaluru,c-036,Meta Ads Expert Bengaluru,transactional,mid,bengaluru,86,core,9,10,8,3,inferred,,,,
best meta ads expert in bengaluru,c-036,Meta Ads Expert Bengaluru,transactional,mid,bengaluru,86,core,9,10,8,3,inferred,,,,
licensed meta ads expert bengaluru,c-036,Meta Ads Expert Bengaluru,transactional,mid,bengaluru,86,core,9,10,8,3,inferred,,,,
affordable meta ads expert bengaluru,c-036,Meta Ads Expert Bengaluru,transactional,mid,bengaluru,86,core,9,10,8,3,inferred,,,,
meta ads expert bengaluru cost,c-036,Meta Ads Expert Bengaluru,informational_bofu,mid,bengaluru,70,core,8,10,8,4,inferred,,,,
meta ads expert prices bengaluru,c-036,Meta Ads Expert Bengaluru,informational_bofu,mid,bengaluru,70,core,8,10,8,4,inferred,,,,
meta ads expert quotes bengaluru,c-036,Meta Ads Expert Bengaluru,informational_bofu,mid,bengaluru,70,core,8,10,8,4,inferred,,,,
meta ads expert cost in bengaluru,c-036,Meta Ads Expert Bengaluru,informational_bofu,mid,bengaluru,70,core,8,10,8,4,inferred,,,,
meta ads expert bengaluru reviews,c-036,Meta Ads Expert Bengaluru,commercial,mid,bengaluru,52,core,7,10,8,6,inferred,,,,
24 hour meta ads expert bangalore,c-037,Meta Ads Expert Bangalore,transactional,long_tail,bangalore,105,core,10,10,8,2,inferred,,,,
same day meta ads expert bangalore,c-037,Meta Ads Expert Bangalore,transactional,long_tail,bangalore,105,core,10,10,8,2,inferred,,,,
meta ads expert near bangalore,c-037,Meta Ads Expert Bangalore,transactional,mid,bangalore,95,core,10,10,8,3,inferred,,,,
meta ads expert company bangalore,c-037,Meta Ads Expert Bangalore,transactional,mid,bangalore,95,core,10,10,8,3,inferred,,,,
meta ads expert services bangalore,c-037,Meta Ads Expert Bangalore,transactional,mid,bangalore,95,core,10,10,8,3,inferred,,,,
emergency meta ads expert bangalore,c-037,Meta Ads Expert Bangalore,transactional,mid,bangalore,95,core,10,10,8,3,inferred,,,,
meta ads expert contractor bangalore,c-037,Meta Ads Expert Bangalore,transactional,mid,bangalore,95,core,10,10,8,3,inferred,,,,
top rated meta ads expert bangalore,c-037,Meta Ads Expert Bangalore,transactional,long_tail,bangalore,95,core,9,10,8,2,inferred,,,,
meta ads expert bangalore,c-037,Meta Ads Expert Bangalore,transactional,mid,bangalore,86,core,9,10,8,3,inferred,,,,
bangalore meta ads expert,c-037,Meta Ads Expert Bangalore,transactional,mid,bangalore,86,core,9,10,8,3,inferred,,,,
meta ads expert in bangalore,c-037,Meta Ads Expert Bangalore,transactional,mid,bangalore,86,core,9,10,8,3,inferred,,,,
meta ads expert bangalore ka,c-037,Meta Ads Expert Bangalore,transactional,mid,bangalore,86,core,9,10,8,3,inferred,,,,
best meta ads expert bangalore,c-037,Meta Ads Expert Bangalore,transactional,mid,bangalore,86,core,9,10,8,3,inferred,,,,
cheap meta ads expert bangalore,c-037,Meta Ads Expert Bangalore,transactional,mid,bangalore,86,core,9,10,8,3,inferred,,,,
best meta ads expert in bangalore,c-037,Meta Ads Expert Bangalore,transactional,mid,bangalore,86,core,9,10,8,3,inferred,,,,
licensed meta ads expert bangalore,c-037,Meta Ads Expert Bangalore,transactional,mid,bangalore,86,core,9,10,8,3,inferred,,,,
affordable meta ads expert bangalore,c-037,Meta Ads Expert Bangalore,transactional,mid,bangalore,86,core,9,10,8,3,inferred,,,,
meta ads expert bangalore cost,c-037,Meta Ads Expert Bangalore,informational_bofu,mid,bangalore,70,core,8,10,8,4,inferred,,,,
meta ads expert prices bangalore,c-037,Meta Ads Expert Bangalore,informational_bofu,mid,bangalore,70,core,8,10,8,4,inferred,,,,
meta ads expert quotes bangalore,c-037,Meta Ads Expert Bangalore,informational_bofu,mid,bangalore,70,core,8,10,8,4,inferred,,,,
meta ads expert cost in bangalore,c-037,Meta Ads Expert Bangalore,informational_bofu,mid,bangalore,70,core,8,10,8,4,inferred,,,,
meta ads expert bangalore reviews,c-037,Meta Ads Expert Bangalore,commercial,mid,bangalore,52,core,7,10,8,6,inferred,,,,
24 hour digital marketing consultant bangalore,c-047,Digital Marketing Consultant Bangalore,transactional,long_tail,bangalore,105,core,10,10,8,2,inferred,,,,
same day digital marketing consultant bangalore,c-047,Digital Marketing Consultant Bangalore,transactional,long_tail,bangalore,105,core,10,10,8,2,inferred,,,,
digital marketing consultant near bangalore,c-047,Digital Marketing Consultant Bangalore,transactional,mid,bangalore,95,core,10,10,8,3,inferred,,,,
digital marketing consultant company bangalore,c-047,Digital Marketing Consultant Bangalore,transactional,mid,bangalore,95,core,10,10,8,3,inferred,,,,
digital marketing consultant services bangalore,c-047,Digital Marketing Consultant Bangalore,transactional,mid,bangalore,95,core,10,10,8,3,inferred,,,,
emergency digital marketing consultant bangalore,c-047,Digital Marketing Consultant Bangalore,transactional,mid,bangalore,95,core,10,10,8,3,inferred,,,,
digital marketing consultant contractor bangalore,c-047,Digital Marketing Consultant Bangalore,transactional,mid,bangalore,95,core,10,10,8,3,inferred,,,,
top rated digital marketing consultant bangalore,c-047,Digital Marketing Consultant Bangalore,transactional,long_tail,bangalore,95,core,9,10,8,2,inferred,,,,
digital marketing consultant bangalore,c-047,Digital Marketing Consultant Bangalore,transactional,mid,bangalore,86,core,9,10,8,3,inferred,,,,
bangalore digital marketing consultant,c-047,Digital Marketing Consultant Bangalore,transactional,mid,bangalore,86,core,9,10,8,3,inferred,,,,
digital marketing consultant in bangalore,c-047,Digital Marketing Consultant Bangalore,transactional,mid,bangalore,86,core,9,10,8,3,inferred,,,,
digital marketing consultant bangalore ka,c-047,Digital Marketing Consultant Bangalore,transactional,mid,bangalore,86,core,9,10,8,3,inferred,,,,
best digital marketing consultant bangalore,c-047,Digital Marketing Consultant Bangalore,transactional,mid,bangalore,86,core,9,10,8,3,inferred,,,,
cheap digital marketing consultant bangalore,c-047,Digital Marketing Consultant Bangalore,transactional,mid,bangalore,86,core,9,10,8,3,inferred,,,,
best digital marketing consultant in bangalore,c-047,Digital Marketing Consultant Bangalore,transactional,mid,bangalore,86,core,9,10,8,3,inferred,,,,
licensed digital marketing consultant bangalore,c-047,Digital Marketing Consultant Bangalore,transactional,mid,bangalore,86,core,9,10,8,3,inferred,,,,
affordable digital marketing consultant bangalore,c-047,Digital Marketing Consultant Bangalore,transactional,mid,bangalore,86,core,9,10,8,3,inferred,,,,
digital marketing consultant bangalore cost,c-047,Digital Marketing Consultant Bangalore,informational_bofu,mid,bangalore,70,core,8,10,8,4,inferred,,,,
digital marketing consultant prices bangalore,c-047,Digital Marketing Consultant Bangalore,informational_bofu,mid,bangalore,70,core,8,10,8,4,inferred,,,,
digital marketing consultant quotes bangalore,c-047,Digital Marketing Consultant Bangalore,informational_bofu,mid,bangalore,70,core,8,10,8,4,inferred,,,,
digital marketing consultant cost in bangalore,c-047,Digital Marketing Consultant Bangalore,informational_bofu,mid,bangalore,70,core,8,10,8,4,inferred,,,,
digital marketing consultant bangalore reviews,c-047,Digital Marketing Consultant Bangalore,commercial,mid,bangalore,52,core,7,10,8,6,inferred,,,,
24 hour digital marketing consultant bengaluru,c-056,Digital Marketing Consultant Bengaluru,transactional,long_tail,bengaluru,105,core,10,10,8,2,inferred,,,,
same day digital marketing consultant bengaluru,c-056,Digital Marketing Consultant Bengaluru,transactional,long_tail,bengaluru,105,core,10,10,8,2,inferred,,,,
digital marketing consultant near bengaluru,c-056,Digital Marketing Consultant Bengaluru,transactional,mid,bengaluru,95,core,10,10,8,3,inferred,,,,
digital marketing consultant company bengaluru,c-056,Digital Marketing Consultant Bengaluru,transactional,mid,bengaluru,95,core,10,10,8,3,inferred,,,,
digital marketing consultant services bengaluru,c-056,Digital Marketing Consultant Bengaluru,transactional,mid,bengaluru,95,core,10,10,8,3,inferred,,,,
emergency digital marketing consultant bengaluru,c-056,Digital Marketing Consultant Bengaluru,transactional,mid,bengaluru,95,core,10,10,8,3,inferred,,,,
digital marketing consultant contractor bengaluru,c-056,Digital Marketing Consultant Bengaluru,transactional,mid,bengaluru,95,core,10,10,8,3,inferred,,,,
top rated digital marketing consultant bengaluru,c-056,Digital Marketing Consultant Bengaluru,transactional,long_tail,bengaluru,95,core,9,10,8,2,inferred,,,,
digital marketing consultant bengaluru,c-056,Digital Marketing Consultant Bengaluru,transactional,mid,bengaluru,86,quick_win,9,10,8,3,serp,True,True,,
bengaluru digital marketing consultant,c-056,Digital Marketing Consultant Bengaluru,transactional,mid,bengaluru,86,core,9,10,8,3,inferred,,,,
digital marketing consultant in bengaluru,c-056,Digital Marketing Consultant Bengaluru,transactional,mid,bengaluru,86,core,9,10,8,3,inferred,,,,
digital marketing consultant bengaluru ka,c-056,Digital Marketing Consultant Bengaluru,transactional,mid,bengaluru,86,core,9,10,8,3,inferred,,,,
best digital marketing consultant bengaluru,c-056,Digital Marketing Consultant Bengaluru,transactional,mid,bengaluru,86,core,9,10,8,3,inferred,,,,
cheap digital marketing consultant bengaluru,c-056,Digital Marketing Consultant Bengaluru,transactional,mid,bengaluru,86,core,9,10,8,3,inferred,,,,
best digital marketing consultant in bengaluru,c-056,Digital Marketing Consultant Bengaluru,transactional,mid,bengaluru,86,core,9,10,8,3,inferred,,,,
licensed digital marketing consultant bengaluru,c-056,Digital Marketing Consultant Bengaluru,transactional,mid,bengaluru,86,core,9,10,8,3,inferred,,,,
affordable digital marketing consultant bengaluru,c-056,Digital Marketing Consultant Bengaluru,transactional,mid,bengaluru,86,core,9,10,8,3,inferred,,,,
digital marketing consultant bengaluru cost,c-056,Digital Marketing Consultant Bengaluru,informational_bofu,mid,bengaluru,70,core,8,10,8,4,inferred,,,,
digital marketing consultant prices bengaluru,c-056,Digital Marketing Consultant Bengaluru,informational_bofu,mid,bengaluru,70,core,8,10,8,4,inferred,,,,
digital marketing consultant quotes bengaluru,c-056,Digital Marketing Consultant Bengaluru,informational_bofu,mid,bengaluru,70,core,8,10,8,4,inferred,,,,
digital marketing consultant cost in bengaluru,c-056,Digital Marketing Consultant Bengaluru,informational_bofu,mid,bengaluru,70,core,8,10,8,4,inferred,,,,
digital marketing consultant bengaluru reviews,c-056,Digital Marketing Consultant Bengaluru,commercial,mid,bengaluru,52,core,7,10,8,6,inferred,,,,
24 hour lead generation consultant bengaluru,c-058,Lead Generation Consultant Bengaluru,transactional,long_tail,bengaluru,105,core,10,10,8,2,inferred,,,,
same day lead generation consultant bengaluru,c-058,Lead Generation Consultant Bengaluru,transactional,long_tail,bengaluru,105,core,10,10,8,2,inferred,,,,
lead generation consultant near bengaluru,c-058,Lead Generation Consultant Bengaluru,transactional,mid,bengaluru,95,core,10,10,8,3,inferred,,,,
lead generation consultant company bengaluru,c-058,Lead Generation Consultant Bengaluru,transactional,mid,bengaluru,95,core,10,10,8,3,inferred,,,,
lead generation consultant services bengaluru,c-058,Lead Generation Consultant Bengaluru,transactional,mid,bengaluru,95,core,10,10,8,3,inferred,,,,
emergency lead generation consultant bengaluru,c-058,Lead Generation Consultant Bengaluru,transactional,mid,bengaluru,95,core,10,10,8,3,inferred,,,,
lead generation consultant contractor bengaluru,c-058,Lead Generation Consultant Bengaluru,transactional,mid,bengaluru,95,core,10,10,8,3,inferred,,,,
top rated lead generation consultant bengaluru,c-058,Lead Generation Consultant Bengaluru,transactional,long_tail,bengaluru,95,core,9,10,8,2,inferred,,,,
lead generation consultant bengaluru,c-058,Lead Generation Consultant Bengaluru,transactional,mid,bengaluru,86,core,9,10,8,3,inferred,,,,
bengaluru lead generation consultant,c-058,Lead Generation Consultant Bengaluru,transactional,mid,bengaluru,86,core,9,10,8,3,inferred,,,,
lead generation consultant in bengaluru,c-058,Lead Generation Consultant Bengaluru,transactional,mid,bengaluru,86,core,9,10,8,3,inferred,,,,
lead generation consultant bengaluru ka,c-058,Lead Generation Consultant Bengaluru,transactional,mid,bengaluru,86,core,9,10,8,3,inferred,,,,
best lead generation consultant bengaluru,c-058,Lead Generation Consultant Bengaluru,transactional,mid,bengaluru,86,core,9,10,8,3,inferred,,,,
cheap lead generation consultant bengaluru,c-058,Lead Generation Consultant Bengaluru,transactional,mid,bengaluru,86,core,9,10,8,3,inferred,,,,
best lead generation consultant in bengaluru,c-058,Lead Generation Consultant Bengaluru,transactional,mid,bengaluru,86,core,9,10,8,3,inferred,,,,
licensed lead generation consultant bengaluru,c-058,Lead Generation Consultant Bengaluru,transactional,mid,bengaluru,86,core,9,10,8,3,inferred,,,,
affordable lead generation consultant bengaluru,c-058,Lead Generation Consultant Bengaluru,transactional,mid,bengaluru,86,core,9,10,8,3,inferred,,,,
lead generation consultant bengaluru cost,c-058,Lead Generation Consultant Bengaluru,informational_bofu,mid,bengaluru,70,core,8,10,8,4,inferred,,,,
lead generation consultant prices bengaluru,c-058,Lead Generation Consultant Bengaluru,informational_bofu,mid,bengaluru,70,core,8,10,8,4,inferred,,,,
lead generation consultant quotes bengaluru,c-058,Lead Generation Consultant Bengaluru,informational_bofu,mid,bengaluru,70,core,8,10,8,4,inferred,,,,
lead generation consultant cost in bengaluru,c-058,Lead Generation Consultant Bengaluru,informational_bofu,mid,bengaluru,70,core,8,10,8,4,inferred,,,,
lead generation consultant bengaluru reviews,c-058,Lead Generation Consultant Bengaluru,commercial,mid,bengaluru,52,core,7,10,8,6,inferred,,,,
24 hour lead generation consultant bangalore,c-059,Lead Generation Consultant Bangalore,transactional,long_tail,bangalore,105,core,10,10,8,2,inferred,,,,
same day lead generation consultant bangalore,c-059,Lead Generation Consultant Bangalore,transactional,long_tail,bangalore,105,core,10,10,8,2,inferred,,,,
lead generation consultant near bangalore,c-059,Lead Generation Consultant Bangalore,transactional,mid,bangalore,95,core,10,10,8,3,inferred,,,,
lead generation consultant company bangalore,c-059,Lead Generation Consultant Bangalore,transactional,mid,bangalore,95,core,10,10,8,3,inferred,,,,
lead generation consultant services bangalore,c-059,Lead Generation Consultant Bangalore,transactional,mid,bangalore,95,core,10,10,8,3,inferred,,,,
emergency lead generation consultant bangalore,c-059,Lead Generation Consultant Bangalore,transactional,mid,bangalore,95,core,10,10,8,3,inferred,,,,
lead generation consultant contractor bangalore,c-059,Lead Generation Consultant Bangalore,transactional,mid,bangalore,95,core,10,10,8,3,inferred,,,,
top rated lead generation consultant bangalore,c-059,Lead Generation Consultant Bangalore,transactional,long_tail,bangalore,95,core,9,10,8,2,inferred,,,,
lead generation consultant bangalore,c-059,Lead Generation Consultant Bangalore,transactional,mid,bangalore,86,core,9,10,8,3,inferred,,,,
bangalore lead generation consultant,c-059,Lead Generation Consultant Bangalore,transactional,mid,bangalore,86,core,9,10,8,3,inferred,,,,
lead generation consultant in bangalore,c-059,Lead Generation Consultant Bangalore,transactional,mid,bangalore,86,core,9,10,8,3,inferred,,,,
lead generation consultant bangalore ka,c-059,Lead Generation Consultant Bangalore,transactional,mid,bangalore,86,core,9,10,8,3,inferred,,,,
best lead generation consultant bangalore,c-059,Lead Generation Consultant Bangalore,transactional,mid,bangalore,86,core,9,10,8,3,inferred,,,,
cheap lead generation consultant bangalore,c-059,Lead Generation Consultant Bangalore,transactional,mid,bangalore,86,core,9,10,8,3,inferred,,,,
best lead generation consultant in bangalore,c-059,Lead Generation Consultant Bangalore,transactional,mid,bangalore,86,core,9,10,8,3,inferred,,,,
licensed lead generation consultant bangalore,c-059,Lead Generation Consultant Bangalore,transactional,mid,bangalore,86,core,9,10,8,3,inferred,,,,
affordable lead generation consultant bangalore,c-059,Lead Generation Consultant Bangalore,transactional,mid,bangalore,86,core,9,10,8,3,inferred,,,,
lead generation consultant bangalore cost,c-059,Lead Generation Consultant Bangalore,informational_bofu,mid,bangalore,70,core,8,10,8,4,inferred,,,,
lead generation consultant prices bangalore,c-059,Lead Generation Consultant Bangalore,informational_bofu,mid,bangalore,70,core,8,10,8,4,inferred,,,,
lead generation consultant quotes bangalore,c-059,Lead Generation Consultant Bangalore,informational_bofu,mid,bangalore,70,core,8,10,8,4,inferred,,,,
lead generation consultant cost in bangalore,c-059,Lead Generation Consultant Bangalore,informational_bofu,mid,bangalore,70,core,8,10,8,4,inferred,,,,
lead generation consultant bangalore reviews,c-059,Lead Generation Consultant Bangalore,commercial,mid,bangalore,52,core,7,10,8,6,inferred,,,,
social media marketing consultant near bengaluru,c-069,Social Media Marketing Consultant Bengaluru,transactional,long_tail,bengaluru,105,core,10,10,8,2,inferred,,,,
social media marketing consultant company bengaluru,c-069,Social Media Marketing Consultant Bengaluru,transactional,long_tail,bengaluru,105,core,10,10,8,2,inferred,,,,
24 hour social media marketing consultant bengaluru,c-069,Social Media Marketing Consultant Bengaluru,transactional,long_tail,bengaluru,105,core,10,10,8,2,inferred,,,,
social media marketing consultant services bengaluru,c-069,Social Media Marketing Consultant Bengaluru,transactional,long_tail,bengaluru,105,core,10,10,8,2,inferred,,,,
same day social media marketing consultant bengaluru,c-069,Social Media Marketing Consultant Bengaluru,transactional,long_tail,bengaluru,105,core,10,10,8,2,inferred,,,,
emergency social media marketing consultant bengaluru,c-069,Social Media Marketing Consultant Bengaluru,transactional,long_tail,bengaluru,105,core,10,10,8,2,inferred,,,,
social media marketing consultant contractor bengaluru,c-069,Social Media Marketing Consultant Bengaluru,transactional,long_tail,bengaluru,105,core,10,10,8,2,inferred,,,,
social media marketing consultant bengaluru ka,c-069,Social Media Marketing Consultant Bengaluru,transactional,long_tail,bengaluru,95,core,9,10,8,2,inferred,,,,
best social media marketing consultant bengaluru,c-069,Social Media Marketing Consultant Bengaluru,transactional,long_tail,bengaluru,95,core,9,10,8,2,inferred,,,,
cheap social media marketing consultant bengaluru,c-069,Social Media Marketing Consultant Bengaluru,transactional,long_tail,bengaluru,95,core,9,10,8,2,inferred,,,,
best social media marketing consultant in bengaluru,c-069,Social Media Marketing Consultant Bengaluru,transactional,long_tail,bengaluru,95,core,9,10,8,2,inferred,,,,
licensed social media marketing consultant bengaluru,c-069,Social Media Marketing Consultant Bengaluru,transactional,long_tail,bengaluru,95,core,9,10,8,2,inferred,,,,
top rated social media marketing consultant bengaluru,c-069,Social Media Marketing Consultant Bengaluru,transactional,long_tail,bengaluru,95,core,9,10,8,2,inferred,,,,
affordable social media marketing consultant bengaluru,c-069,Social Media Marketing Consultant Bengaluru,transactional,long_tail,bengaluru,95,core,9,10,8,2,inferred,,,,
social media marketing consultant bengaluru,c-069,Social Media Marketing Consultant Bengaluru,transactional,mid,bengaluru,86,core,9,10,8,3,inferred,,,,
bengaluru social media marketing consultant,c-069,Social Media Marketing Consultant Bengaluru,transactional,mid,bengaluru,86,core,9,10,8,3,inferred,,,,
social media marketing consultant in bengaluru,c-069,Social Media Marketing Consultant Bengaluru,transactional,mid,bengaluru,86,core,9,10,8,3,inferred,,,,
social media marketing consultant bengaluru cost,c-069,Social Media Marketing Consultant Bengaluru,informational_bofu,long_tail,bengaluru,76,core,8,10,8,3,inferred,,,,
social media marketing consultant prices bengaluru,c-069,Social Media Marketing Consultant Bengaluru,informational_bofu,long_tail,bengaluru,76,core,8,10,8,3,inferred,,,,
social media marketing consultant quotes bengaluru,c-069,Social Media Marketing Consultant Bengaluru,informational_bofu,long_tail,bengaluru,76,core,8,10,8,3,inferred,,,,
social media marketing consultant cost in bengaluru,c-069,Social Media Marketing Consultant Bengaluru,informational_bofu,long_tail,bengaluru,76,core,8,10,8,3,inferred,,,,
social media marketing consultant bengaluru reviews,c-069,Social Media Marketing Consultant Bengaluru,commercial,long_tail,bengaluru,56,core,7,10,8,5,inferred,,,,
24 hour performance marketing consultant bengaluru,c-079,Performance Marketing Consultant Bengaluru,transactional,long_tail,bengaluru,105,core,10,10,8,2,inferred,,,,
same day performance marketing consultant bengaluru,c-079,Performance Marketing Consultant Bengaluru,transactional,long_tail,bengaluru,105,core,10,10,8,2,inferred,,,,
performance marketing consultant near bengaluru,c-079,Performance Marketing Consultant Bengaluru,transactional,mid,bengaluru,95,core,10,10,8,3,inferred,,,,
performance marketing consultant company bengaluru,c-079,Performance Marketing Consultant Bengaluru,transactional,mid,bengaluru,95,core,10,10,8,3,inferred,,,,
performance marketing consultant services bengaluru,c-079,Performance Marketing Consultant Bengaluru,transactional,mid,bengaluru,95,core,10,10,8,3,inferred,,,,
emergency performance marketing consultant bengaluru,c-079,Performance Marketing Consultant Bengaluru,transactional,mid,bengaluru,95,core,10,10,8,3,inferred,,,,
performance marketing consultant contractor bengaluru,c-079,Performance Marketing Consultant Bengaluru,transactional,mid,bengaluru,95,core,10,10,8,3,inferred,,,,
top rated performance marketing consultant bengaluru,c-079,Performance Marketing Consultant Bengaluru,transactional,long_tail,bengaluru,95,core,9,10,8,2,inferred,,,,
performance marketing consultant bengaluru,c-079,Performance Marketing Consultant Bengaluru,transactional,mid,bengaluru,86,core,9,10,8,3,inferred,,,,
bengaluru performance marketing consultant,c-079,Performance Marketing Consultant Bengaluru,transactional,mid,bengaluru,86,core,9,10,8,3,inferred,,,,
performance marketing consultant in bengaluru,c-079,Performance Marketing Consultant Bengaluru,transactional,mid,bengaluru,86,core,9,10,8,3,inferred,,,,
performance marketing consultant bengaluru ka,c-079,Performance Marketing Consultant Bengaluru,transactional,mid,bengaluru,86,core,9,10,8,3,inferred,,,,
best performance marketing consultant bengaluru,c-079,Performance Marketing Consultant Bengaluru,transactional,mid,bengaluru,86,core,9,10,8,3,inferred,,,,
cheap performance marketing consultant bengaluru,c-079,Performance Marketing Consultant Bengaluru,transactional,mid,bengaluru,86,core,9,10,8,3,inferred,,,,
best performance marketing consultant in bengaluru,c-079,Performance Marketing Consultant Bengaluru,transactional,mid,bengaluru,86,core,9,10,8,3,inferred,,,,
licensed performance marketing consultant bengaluru,c-079,Performance Marketing Consultant Bengaluru,transactional,mid,bengaluru,86,core,9,10,8,3,inferred,,,,
affordable performance marketing consultant bengaluru,c-079,Performance Marketing Consultant Bengaluru,transactional,mid,bengaluru,86,core,9,10,8,3,inferred,,,,
performance marketing consultant bengaluru cost,c-079,Performance Marketing Consultant Bengaluru,informational_bofu,mid,bengaluru,70,core,8,10,8,4,inferred,,,,
performance marketing consultant prices bengaluru,c-079,Performance Marketing Consultant Bengaluru,informational_bofu,mid,bengaluru,70,core,8,10,8,4,inferred,,,,
performance marketing consultant quotes bengaluru,c-079,Performance Marketing Consultant Bengaluru,informational_bofu,mid,bengaluru,70,core,8,10,8,4,inferred,,,,
performance marketing consultant cost in bengaluru,c-079,Performance Marketing Consultant Bengaluru,informational_bofu,mid,bengaluru,70,core,8,10,8,4,inferred,,,,
performance marketing consultant bengaluru reviews,c-079,Performance Marketing Consultant Bengaluru,commercial,mid,bengaluru,52,core,7,10,8,6,inferred,,,,
24 hour performance marketing consultant bangalore,c-080,Performance Marketing Consultant Bangalore,transactional,long_tail,bangalore,105,core,10,10,8,2,inferred,,,,
same day performance marketing consultant bangalore,c-080,Performance Marketing Consultant Bangalore,transactional,long_tail,bangalore,105,core,10,10,8,2,inferred,,,,
performance marketing consultant near bangalore,c-080,Performance Marketing Consultant Bangalore,transactional,mid,bangalore,95,core,10,10,8,3,inferred,,,,
performance marketing consultant company bangalore,c-080,Performance Marketing Consultant Bangalore,transactional,mid,bangalore,95,core,10,10,8,3,inferred,,,,
performance marketing consultant services bangalore,c-080,Performance Marketing Consultant Bangalore,transactional,mid,bangalore,95,core,10,10,8,3,inferred,,,,
emergency performance marketing consultant bangalore,c-080,Performance Marketing Consultant Bangalore,transactional,mid,bangalore,95,core,10,10,8,3,inferred,,,,
performance marketing consultant contractor bangalore,c-080,Performance Marketing Consultant Bangalore,transactional,mid,bangalore,95,core,10,10,8,3,inferred,,,,
top rated performance marketing consultant bangalore,c-080,Performance Marketing Consultant Bangalore,transactional,long_tail,bangalore,95,core,9,10,8,2,inferred,,,,
performance marketing consultant bangalore,c-080,Performance Marketing Consultant Bangalore,transactional,mid,bangalore,86,core,9,10,8,3,inferred,,,,
bangalore performance marketing consultant,c-080,Performance Marketing Consultant Bangalore,transactional,mid,bangalore,86,core,9,10,8,3,inferred,,,,
performance marketing consultant in bangalore,c-080,Performance Marketing Consultant Bangalore,transactional,mid,bangalore,86,core,9,10,8,3,inferred,,,,
performance marketing consultant bangalore ka,c-080,Performance Marketing Consultant Bangalore,transactional,mid,bangalore,86,core,9,10,8,3,inferred,,,,
best performance marketing consultant bangalore,c-080,Performance Marketing Consultant Bangalore,transactional,mid,bangalore,86,core,9,10,8,3,inferred,,,,
cheap performance marketing consultant bangalore,c-080,Performance Marketing Consultant Bangalore,transactional,mid,bangalore,86,core,9,10,8,3,inferred,,,,
best performance marketing consultant in bangalore,c-080,Performance Marketing Consultant Bangalore,transactional,mid,bangalore,86,core,9,10,8,3,inferred,,,,
licensed performance marketing consultant bangalore,c-080,Performance Marketing Consultant Bangalore,transactional,mid,bangalore,86,core,9,10,8,3,inferred,,,,
affordable performance marketing consultant bangalore,c-080,Performance Marketing Consultant Bangalore,transactional,mid,bangalore,86,core,9,10,8,3,inferred,,,,
performance marketing consultant bangalore cost,c-080,Performance Marketing Consultant Bangalore,informational_bofu,mid,bangalore,70,core,8,10,8,4,inferred,,,,
performance marketing consultant prices bangalore,c-080,Performance Marketing Consultant Bangalore,informational_bofu,mid,bangalore,70,core,8,10,8,4,inferred,,,,
performance marketing consultant quotes bangalore,c-080,Performance Marketing Consultant Bangalore,informational_bofu,mid,bangalore,70,core,8,10,8,4,inferred,,,,
performance marketing consultant cost in bangalore,c-080,Performance Marketing Consultant Bangalore,informational_bofu,mid,bangalore,70,core,8,10,8,4,inferred,,,,
performance marketing consultant bangalore reviews,c-080,Performance Marketing Consultant Bangalore,commercial,mid,bangalore,52,core,7,10,8,6,inferred,,,,
24 hour freelance digital marketer bengaluru,c-100,Freelance Digital Marketer Bengaluru,transactional,long_tail,bengaluru,105,core,10,10,8,2,inferred,,,,
same day freelance digital marketer bengaluru,c-100,Freelance Digital Marketer Bengaluru,transactional,long_tail,bengaluru,105,core,10,10,8,2,inferred,,,,
freelance digital marketer near bengaluru,c-100,Freelance Digital Marketer Bengaluru,transactional,mid,bengaluru,95,core,10,10,8,3,inferred,,,,
freelance digital marketer company bengaluru,c-100,Freelance Digital Marketer Bengaluru,transactional,mid,bengaluru,95,core,10,10,8,3,inferred,,,,
freelance digital marketer services bengaluru,c-100,Freelance Digital Marketer Bengaluru,transactional,mid,bengaluru,95,core,10,10,8,3,inferred,,,,
emergency freelance digital marketer bengaluru,c-100,Freelance Digital Marketer Bengaluru,transactional,mid,bengaluru,95,core,10,10,8,3,inferred,,,,
freelance digital marketer contractor bengaluru,c-100,Freelance Digital Marketer Bengaluru,transactional,mid,bengaluru,95,core,10,10,8,3,inferred,,,,
top rated freelance digital marketer bengaluru,c-100,Freelance Digital Marketer Bengaluru,transactional,long_tail,bengaluru,95,core,9,10,8,2,inferred,,,,
freelance digital marketer bengaluru,c-100,Freelance Digital Marketer Bengaluru,transactional,mid,bengaluru,86,core,9,10,8,3,inferred,,,,
bengaluru freelance digital marketer,c-100,Freelance Digital Marketer Bengaluru,transactional,mid,bengaluru,86,core,9,10,8,3,inferred,,,,
freelance digital marketer in bengaluru,c-100,Freelance Digital Marketer Bengaluru,transactional,mid,bengaluru,86,core,9,10,8,3,inferred,,,,
freelance digital marketer bengaluru ka,c-100,Freelance Digital Marketer Bengaluru,transactional,mid,bengaluru,86,core,9,10,8,3,inferred,,,,
best freelance digital marketer bengaluru,c-100,Freelance Digital Marketer Bengaluru,transactional,mid,bengaluru,86,core,9,10,8,3,inferred,,,,
cheap freelance digital marketer bengaluru,c-100,Freelance Digital Marketer Bengaluru,transactional,mid,bengaluru,86,core,9,10,8,3,inferred,,,,
best freelance digital marketer in bengaluru,c-100,Freelance Digital Marketer Bengaluru,transactional,mid,bengaluru,86,core,9,10,8,3,inferred,,,,
licensed freelance digital marketer bengaluru,c-100,Freelance Digital Marketer Bengaluru,transactional,mid,bengaluru,86,core,9,10,8,3,inferred,,,,
affordable freelance digital marketer bengaluru,c-100,Freelance Digital Marketer Bengaluru,transactional,mid,bengaluru,86,core,9,10,8,3,inferred,,,,
freelance digital marketer bengaluru cost,c-100,Freelance Digital Marketer Bengaluru,informational_bofu,mid,bengaluru,70,core,8,10,8,4,inferred,,,,
freelance digital marketer prices bengaluru,c-100,Freelance Digital Marketer Bengaluru,informational_bofu,mid,bengaluru,70,core,8,10,8,4,inferred,,,,
freelance digital marketer quotes bengaluru,c-100,Freelance Digital Marketer Bengaluru,informational_bofu,mid,bengaluru,70,core,8,10,8,4,inferred,,,,
freelance digital marketer cost in bengaluru,c-100,Freelance Digital Marketer Bengaluru,informational_bofu,mid,bengaluru,70,core,8,10,8,4,inferred,,,,
freelance digital marketer bengaluru reviews,c-100,Freelance Digital Marketer Bengaluru,commercial,mid,bengaluru,52,core,7,10,8,6,inferred,,,,
24 hour freelance digital marketer bangalore,c-101,Freelance Digital Marketer Bangalore,transactional,long_tail,bangalore,105,core,10,10,8,2,inferred,,,,
same day freelance digital marketer bangalore,c-101,Freelance Digital Marketer Bangalore,transactional,long_tail,bangalore,105,core,10,10,8,2,inferred,,,,
freelance digital marketer near bangalore,c-101,Freelance Digital Marketer Bangalore,transactional,mid,bangalore,95,core,10,10,8,3,inferred,,,,
freelance digital marketer company bangalore,c-101,Freelance Digital Marketer Bangalore,transactional,mid,bangalore,95,core,10,10,8,3,inferred,,,,
freelance digital marketer services bangalore,c-101,Freelance Digital Marketer Bangalore,transactional,mid,bangalore,95,core,10,10,8,3,inferred,,,,
emergency freelance digital marketer bangalore,c-101,Freelance Digital Marketer Bangalore,transactional,mid,bangalore,95,core,10,10,8,3,inferred,,,,
freelance digital marketer contractor bangalore,c-101,Freelance Digital Marketer Bangalore,transactional,mid,bangalore,95,core,10,10,8,3,inferred,,,,
top rated freelance digital marketer bangalore,c-101,Freelance Digital Marketer Bangalore,transactional,long_tail,bangalore,95,core,9,10,8,2,inferred,,,,
freelance digital marketer bangalore,c-101,Freelance Digital Marketer Bangalore,transactional,mid,bangalore,86,core,9,10,8,3,inferred,,,,
bangalore freelance digital marketer,c-101,Freelance Digital Marketer Bangalore,transactional,mid,bangalore,86,core,9,10,8,3,inferred,,,,
freelance digital marketer in bangalore,c-101,Freelance Digital Marketer Bangalore,transactional,mid,bangalore,86,core,9,10,8,3,inferred,,,,
freelance digital marketer bangalore ka,c-101,Freelance Digital Marketer Bangalore,transactional,mid,bangalore,86,core,9,10,8,3,inferred,,,,
best freelance digital marketer bangalore,c-101,Freelance Digital Marketer Bangalore,transactional,mid,bangalore,86,core,9,10,8,3,inferred,,,,
cheap freelance digital marketer bangalore,c-101,Freelance Digital Marketer Bangalore,transactional,mid,bangalore,86,core,9,10,8,3,inferred,,,,
best freelance digital marketer in bangalore,c-101,Freelance Digital Marketer Bangalore,transactional,mid,bangalore,86,core,9,10,8,3,inferred,,,,
licensed freelance digital marketer bangalore,c-101,Freelance Digital Marketer Bangalore,transactional,mid,bangalore,86,core,9,10,8,3,inferred,,,,
affordable freelance digital marketer bangalore,c-101,Freelance Digital Marketer Bangalore,transactional,mid,bangalore,86,core,9,10,8,3,inferred,,,,
freelance digital marketer bangalore cost,c-101,Freelance Digital Marketer Bangalore,informational_bofu,mid,bangalore,70,core,8,10,8,4,inferred,,,,
freelance digital marketer prices bangalore,c-101,Freelance Digital Marketer Bangalore,informational_bofu,mid,bangalore,70,core,8,10,8,4,inferred,,,,
freelance digital marketer quotes bangalore,c-101,Freelance Digital Marketer Bangalore,informational_bofu,mid,bangalore,70,core,8,10,8,4,inferred,,,,
freelance digital marketer cost in bangalore,c-101,Freelance Digital Marketer Bangalore,informational_bofu,mid,bangalore,70,core,8,10,8,4,inferred,,,,
freelance digital marketer bangalore reviews,c-101,Freelance Digital Marketer Bangalore,commercial,mid,bangalore,52,core,7,10,8,6,inferred,,,,
digital marketing freelancer bangalore,c-125,Digital Marketing Freelancer Bangalore,transactional,mid,bangalore,86,core,9,10,8,3,inferred,,,,
best digital marketing freelancer in bangalore,c-125,Digital Marketing Freelancer Bangalore,transactional,mid,bangalore,86,core,9,10,8,3,inferred,,,,
24 hour local seo services bengaluru,c-001,Seo Services Bengaluru,transactional,long_tail,bengaluru,105,core,10,10,8,2,inferred,,,,
same day local seo services bengaluru,c-001,Seo Services Bengaluru,transactional,long_tail,bengaluru,105,core,10,10,8,2,inferred,,,,
top rated local seo services bengaluru,c-001,Seo Services Bengaluru,transactional,long_tail,bengaluru,105,core,10,10,8,2,inferred,,,,
seo services bengaluru ka,c-001,Seo Services Bengaluru,transactional,mid,bengaluru,95,core,10,10,8,3,inferred,,,,
seo services company bengaluru,c-001,Seo Services Bengaluru,transactional,mid,bengaluru,95,core,10,10,8,3,inferred,,,,
seo services services bengaluru,c-001,Seo Services Bengaluru,transactional,mid,bengaluru,95,core,10,10,8,3,inferred,,,,
seo services contractor bengaluru,c-001,Seo Services Bengaluru,transactional,mid,bengaluru,95,core,10,10,8,3,inferred,,,,
seo services near bengaluru,c-001,Seo Services Bengaluru,transactional,mid,bengaluru,95,core,10,10,8,3,inferred,,,,
best seo services bengaluru,c-001,Seo Services Bengaluru,transactional,mid,bengaluru,95,core,10,10,8,3,inferred,,,,
local seo services bengaluru,c-001,Seo Services Bengaluru,transactional,mid,bengaluru,95,core,10,10,8,3,inferred,,,,
bengaluru local seo services,c-001,Seo Services Bengaluru,transactional,mid,bengaluru,95,core,10,10,8,3,inferred,,,,
cheap seo services bengaluru,c-001,Seo Services Bengaluru,transactional,mid,bengaluru,95,core,10,10,8,3,inferred,,,,
best seo services in bengaluru,c-001,Seo Services Bengaluru,transactional,mid,bengaluru,95,core,10,10,8,3,inferred,,,,
24 hour seo services bengaluru,c-001,Seo Services Bengaluru,transactional,mid,bengaluru,95,core,10,10,8,3,inferred,,,,
local seo services in bengaluru,c-001,Seo Services Bengaluru,transactional,mid,bengaluru,95,core,10,10,8,3,inferred,,,,
local seo services bengaluru ka,c-001,Seo Services Bengaluru,transactional,mid,bengaluru,95,core,10,10,8,3,inferred,,,,
same day seo services bengaluru,c-001,Seo Services Bengaluru,transactional,mid,bengaluru,95,core,10,10,8,3,inferred,,,,
licensed seo services bengaluru,c-001,Seo Services Bengaluru,transactional,mid,bengaluru,95,core,10,10,8,3,inferred,,,,
top rated seo services bengaluru,c-001,Seo Services Bengaluru,transactional,mid,bengaluru,95,core,10,10,8,3,inferred,,,,
emergency seo services bengaluru,c-001,Seo Services Bengaluru,transactional,mid,bengaluru,95,core,10,10,8,3,inferred,,,,
local seo services near bengaluru,c-001,Seo Services Bengaluru,transactional,mid,bengaluru,95,core,10,10,8,3,inferred,,,,
affordable seo services bengaluru,c-001,Seo Services Bengaluru,transactional,mid,bengaluru,95,core,10,10,8,3,inferred,,,,
local seo services company bengaluru,c-001,Seo Services Bengaluru,transactional,mid,bengaluru,95,core,10,10,8,3,inferred,,,,
local seo services services bengaluru,c-001,Seo Services Bengaluru,transactional,mid,bengaluru,95,core,10,10,8,3,inferred,,,,
local seo services contractor bengaluru,c-001,Seo Services Bengaluru,transactional,mid,bengaluru,95,core,10,10,8,3,inferred,,,,
best local seo services bengaluru,c-001,Seo Services Bengaluru,transactional,mid,bengaluru,95,core,10,10,8,3,inferred,,,,
cheap local seo services bengaluru,c-001,Seo Services Bengaluru,transactional,mid,bengaluru,95,core,10,10,8,3,inferred,,,,
best local seo services in bengaluru,c-001,Seo Services Bengaluru,transactional,mid,bengaluru,95,core,10,10,8,3,inferred,,,,
local seo services bengaluru reviews,c-001,Seo Services Bengaluru,transactional,mid,bengaluru,95,core,10,10,8,3,inferred,,,,
licensed local seo services bengaluru,c-001,Seo Services Bengaluru,transactional,mid,bengaluru,95,core,10,10,8,3,inferred,,,,
emergency local seo services bengaluru,c-001,Seo Services Bengaluru,transactional,mid,bengaluru,95,core,10,10,8,3,inferred,,,,
affordable local seo services bengaluru,c-001,Seo Services Bengaluru,transactional,mid,bengaluru,95,core,10,10,8,3,inferred,,,,
seo services bengaluru,c-001,Seo Services Bengaluru,transactional,head,bengaluru,80,core,10,10,8,5,inferred,,,,
bengaluru seo services,c-001,Seo Services Bengaluru,transactional,head,bengaluru,80,core,10,10,8,5,inferred,,,,
seo services in bengaluru,c-001,Seo Services Bengaluru,transactional,head,bengaluru,80,core,10,10,8,5,inferred,,,,
seo services bengaluru cost,c-001,Seo Services Bengaluru,informational_bofu,mid,bengaluru,78,core,9,10,8,4,inferred,,,,
seo services prices bengaluru,c-001,Seo Services Bengaluru,informational_bofu,mid,bengaluru,78,core,9,10,8,4,inferred,,,,
seo services quotes bengaluru,c-001,Seo Services Bengaluru,informational_bofu,mid,bengaluru,78,core,9,10,8,4,inferred,,,,
seo services cost in bengaluru,c-001,Seo Services Bengaluru,informational_bofu,mid,bengaluru,78,core,9,10,8,4,inferred,,,,
local seo services bengaluru cost,c-001,Seo Services Bengaluru,informational_bofu,mid,bengaluru,78,core,9,10,8,4,inferred,,,,
local seo services prices bengaluru,c-001,Seo Services Bengaluru,informational_bofu,mid,bengaluru,78,core,9,10,8,4,inferred,,,,
local seo services quotes bengaluru,c-001,Seo Services Bengaluru,informational_bofu,mid,bengaluru,78,core,9,10,8,4,inferred,,,,
local seo services cost in bengaluru,c-001,Seo Services Bengaluru,informational_bofu,mid,bengaluru,78,core,9,10,8,4,inferred,,,,
seo services bengaluru reviews,c-001,Seo Services Bengaluru,commercial,mid,bengaluru,59,core,8,10,8,6,inferred,,,,
24 hour local seo services bangalore,c-002,Seo Services Bangalore,transactional,long_tail,bangalore,105,core,10,10,8,2,inferred,,,,
same day local seo services bangalore,c-002,Seo Services Bangalore,transactional,long_tail,bangalore,105,core,10,10,8,2,inferred,,,,
top rated local seo services bangalore,c-002,Seo Services Bangalore,transactional,long_tail,bangalore,105,core,10,10,8,2,inferred,,,,
seo services bangalore ka,c-002,Seo Services Bangalore,transactional,mid,bangalore,95,core,10,10,8,3,inferred,,,,
seo services company bangalore,c-002,Seo Services Bangalore,transactional,mid,bangalore,95,core,10,10,8,3,inferred,,,,
seo services services bangalore,c-002,Seo Services Bangalore,transactional,mid,bangalore,95,core,10,10,8,3,inferred,,,,
seo services contractor bangalore,c-002,Seo Services Bangalore,transactional,mid,bangalore,95,core,10,10,8,3,inferred,,,,
seo services near bangalore,c-002,Seo Services Bangalore,transactional,mid,bangalore,95,core,10,10,8,3,inferred,,,,
best seo services bangalore,c-002,Seo Services Bangalore,transactional,mid,bangalore,95,core,10,10,8,3,inferred,,,,
local seo services bangalore,c-002,Seo Services Bangalore,transactional,mid,bangalore,95,core,10,10,8,3,inferred,,,,
bangalore local seo services,c-002,Seo Services Bangalore,transactional,mid,bangalore,95,core,10,10,8,3,inferred,,,,
cheap seo services bangalore,c-002,Seo Services Bangalore,transactional,mid,bangalore,95,core,10,10,8,3,inferred,,,,
best seo services in bangalore,c-002,Seo Services Bangalore,transactional,mid,bangalore,95,core,10,10,8,3,inferred,,,,
24 hour seo services bangalore,c-002,Seo Services Bangalore,transactional,mid,bangalore,95,core,10,10,8,3,inferred,,,,
local seo services in bangalore,c-002,Seo Services Bangalore,transactional,mid,bangalore,95,core,10,10,8,3,inferred,,,,
local seo services bangalore ka,c-002,Seo Services Bangalore,transactional,mid,bangalore,95,core,10,10,8,3,inferred,,,,
same day seo services bangalore,c-002,Seo Services Bangalore,transactional,mid,bangalore,95,core,10,10,8,3,inferred,,,,
licensed seo services bangalore,c-002,Seo Services Bangalore,transactional,mid,bangalore,95,core,10,10,8,3,inferred,,,,
top rated seo services bangalore,c-002,Seo Services Bangalore,transactional,mid,bangalore,95,core,10,10,8,3,inferred,,,,
emergency seo services bangalore,c-002,Seo Services Bangalore,transactional,mid,bangalore,95,core,10,10,8,3,inferred,,,,
local seo services near bangalore,c-002,Seo Services Bangalore,transactional,mid,bangalore,95,core,10,10,8,3,inferred,,,,
affordable seo services bangalore,c-002,Seo Services Bangalore,transactional,mid,bangalore,95,core,10,10,8,3,inferred,,,,
local seo services company bangalore,c-002,Seo Services Bangalore,transactional,mid,bangalore,95,core,10,10,8,3,inferred,,,,
local seo services services bangalore,c-002,Seo Services Bangalore,transactional,mid,bangalore,95,core,10,10,8,3,inferred,,,,
local seo services contractor bangalore,c-002,Seo Services Bangalore,transactional,mid,bangalore,95,core,10,10,8,3,inferred,,,,
best local seo services bangalore,c-002,Seo Services Bangalore,transactional,mid,bangalore,95,core,10,10,8,3,inferred,,,,
cheap local seo services bangalore,c-002,Seo Services Bangalore,transactional,mid,bangalore,95,core,10,10,8,3,inferred,,,,
best local seo services in bangalore,c-002,Seo Services Bangalore,transactional,mid,bangalore,95,core,10,10,8,3,inferred,,,,
local seo services bangalore reviews,c-002,Seo Services Bangalore,transactional,mid,bangalore,95,core,10,10,8,3,inferred,,,,
licensed local seo services bangalore,c-002,Seo Services Bangalore,transactional,mid,bangalore,95,core,10,10,8,3,inferred,,,,
emergency local seo services bangalore,c-002,Seo Services Bangalore,transactional,mid,bangalore,95,core,10,10,8,3,inferred,,,,
affordable local seo services bangalore,c-002,Seo Services Bangalore,transactional,mid,bangalore,95,core,10,10,8,3,inferred,,,,
seo services bangalore,c-002,Seo Services Bangalore,transactional,head,bangalore,80,core,10,10,8,5,inferred,,,,
bangalore seo services,c-002,Seo Services Bangalore,transactional,head,bangalore,80,core,10,10,8,5,inferred,,,,
seo services in bangalore,c-002,Seo Services Bangalore,transactional,head,bangalore,80,core,10,10,8,5,inferred,,,,
seo services bangalore cost,c-002,Seo Services Bangalore,informational_bofu,mid,bangalore,78,core,9,10,8,4,inferred,,,,
seo services prices bangalore,c-002,Seo Services Bangalore,informational_bofu,mid,bangalore,78,core,9,10,8,4,inferred,,,,
seo services quotes bangalore,c-002,Seo Services Bangalore,informational_bofu,mid,bangalore,78,core,9,10,8,4,inferred,,,,
seo services cost in bangalore,c-002,Seo Services Bangalore,informational_bofu,mid,bangalore,78,core,9,10,8,4,inferred,,,,
local seo services bangalore cost,c-002,Seo Services Bangalore,informational_bofu,mid,bangalore,78,core,9,10,8,4,inferred,,,,
local seo services prices bangalore,c-002,Seo Services Bangalore,informational_bofu,mid,bangalore,78,core,9,10,8,4,inferred,,,,
local seo services quotes bangalore,c-002,Seo Services Bangalore,informational_bofu,mid,bangalore,78,core,9,10,8,4,inferred,,,,
local seo services cost in bangalore,c-002,Seo Services Bangalore,informational_bofu,mid,bangalore,78,core,9,10,8,4,inferred,,,,
seo services bangalore reviews,c-002,Seo Services Bangalore,commercial,mid,bangalore,59,core,8,10,8,6,inferred,,,,
24 hour content marketing consultant bengaluru,c-012,Marketing Consultant Bengaluru,transactional,long_tail,bengaluru,105,core,10,10,8,2,inferred,,,,
same day content marketing consultant bengaluru,c-012,Marketing Consultant Bengaluru,transactional,long_tail,bengaluru,105,core,10,10,8,2,inferred,,,,
marketing consultant near bengaluru,c-012,Marketing Consultant Bengaluru,transactional,mid,bengaluru,95,core,10,10,8,3,inferred,,,,
marketing consultant company bengaluru,c-012,Marketing Consultant Bengaluru,transactional,mid,bengaluru,95,core,10,10,8,3,inferred,,,,
24 hour marketing consultant bengaluru,c-012,Marketing Consultant Bengaluru,transactional,mid,bengaluru,95,core,10,10,8,3,inferred,,,,
marketing consultant services bengaluru,c-012,Marketing Consultant Bengaluru,transactional,mid,bengaluru,95,core,10,10,8,3,inferred,,,,
same day marketing consultant bengaluru,c-012,Marketing Consultant Bengaluru,transactional,mid,bengaluru,95,core,10,10,8,3,inferred,,,,
emergency marketing consultant bengaluru,c-012,Marketing Consultant Bengaluru,transactional,mid,bengaluru,95,core,10,10,8,3,inferred,,,,
marketing consultant contractor bengaluru,c-012,Marketing Consultant Bengaluru,transactional,mid,bengaluru,95,core,10,10,8,3,inferred,,,,
content marketing consultant near bengaluru,c-012,Marketing Consultant Bengaluru,transactional,mid,bengaluru,95,core,10,10,8,3,inferred,,,,
content marketing consultant company bengaluru,c-012,Marketing Consultant Bengaluru,transactional,mid,bengaluru,95,core,10,10,8,3,inferred,,,,
content marketing consultant services bengaluru,c-012,Marketing Consultant Bengaluru,transactional,mid,bengaluru,95,core,10,10,8,3,inferred,,,,
emergency content marketing consultant bengaluru,c-012,Marketing Consultant Bengaluru,transactional,mid,bengaluru,95,core,10,10,8,3,inferred,,,,
content marketing consultant contractor bengaluru,c-012,Marketing Consultant Bengaluru,transactional,mid,bengaluru,95,core,10,10,8,3,inferred,,,,
top rated content marketing consultant bengaluru,c-012,Marketing Consultant Bengaluru,transactional,long_tail,bengaluru,95,core,9,10,8,2,inferred,,,,
marketing consultant bengaluru ka,c-012,Marketing Consultant Bengaluru,transactional,mid,bengaluru,86,core,9,10,8,3,inferred,,,,
content marketing consultant bengaluru,c-012,Marketing Consultant Bengaluru,transactional,mid,bengaluru,86,core,9,10,8,3,inferred,,,,
bengaluru content marketing consultant,c-012,Marketing Consultant Bengaluru,transactional,mid,bengaluru,86,core,9,10,8,3,inferred,,,,
content marketing consultant in bengaluru,c-012,Marketing Consultant Bengaluru,transactional,mid,bengaluru,86,core,9,10,8,3,inferred,,,,
content marketing consultant bengaluru ka,c-012,Marketing Consultant Bengaluru,transactional,mid,bengaluru,86,core,9,10,8,3,inferred,,,,
best marketing consultant bengaluru,c-012,Marketing Consultant Bengaluru,transactional,mid,bengaluru,86,core,9,10,8,3,inferred,,,,
cheap marketing consultant bengaluru,c-012,Marketing Consultant Bengaluru,transactional,mid,bengaluru,86,core,9,10,8,3,inferred,,,,
best marketing consultant in bengaluru,c-012,Marketing Consultant Bengaluru,transactional,mid,bengaluru,86,core,9,10,8,3,inferred,,,,
licensed marketing consultant bengaluru,c-012,Marketing Consultant Bengaluru,transactional,mid,bengaluru,86,core,9,10,8,3,inferred,,,,
top rated marketing consultant bengaluru,c-012,Marketing Consultant Bengaluru,transactional,mid,bengaluru,86,core,9,10,8,3,inferred,,,,
affordable marketing consultant bengaluru,c-012,Marketing Consultant Bengaluru,transactional,mid,bengaluru,86,core,9,10,8,3,inferred,,,,
best content marketing consultant bengaluru,c-012,Marketing Consultant Bengaluru,transactional,mid,bengaluru,86,core,9,10,8,3,inferred,,,,
cheap content marketing consultant bengaluru,c-012,Marketing Consultant Bengaluru,transactional,mid,bengaluru,86,core,9,10,8,3,inferred,,,,
best content marketing consultant in bengaluru,c-012,Marketing Consultant Bengaluru,transactional,mid,bengaluru,86,core,9,10,8,3,inferred,,,,
licensed content marketing consultant bengaluru,c-012,Marketing Consultant Bengaluru,transactional,mid,bengaluru,86,core,9,10,8,3,inferred,,,,
affordable content marketing consultant bengaluru,c-012,Marketing Consultant Bengaluru,transactional,mid,bengaluru,86,core,9,10,8,3,inferred,,,,
marketing consultant bengaluru,c-012,Marketing Consultant Bengaluru,transactional,head,bengaluru,72,core,9,10,8,5,inferred,,,,
bengaluru marketing consultant,c-012,Marketing Consultant Bengaluru,transactional,head,bengaluru,72,core,9,10,8,5,inferred,,,,
marketing consultant in bengaluru,c-012,Marketing Consultant Bengaluru,transactional,head,bengaluru,72,core,9,10,8,5,inferred,,,,
marketing consultant bengaluru cost,c-012,Marketing Consultant Bengaluru,informational_bofu,mid,bengaluru,70,core,8,10,8,4,inferred,,,,
marketing consultant prices bengaluru,c-012,Marketing Consultant Bengaluru,informational_bofu,mid,bengaluru,70,core,8,10,8,4,inferred,,,,
marketing consultant quotes bengaluru,c-012,Marketing Consultant Bengaluru,informational_bofu,mid,bengaluru,70,core,8,10,8,4,inferred,,,,
marketing consultant cost in bengaluru,c-012,Marketing Consultant Bengaluru,informational_bofu,mid,bengaluru,70,core,8,10,8,4,inferred,,,,
content marketing consultant bengaluru cost,c-012,Marketing Consultant Bengaluru,informational_bofu,mid,bengaluru,70,core,8,10,8,4,inferred,,,,
content marketing consultant prices bengaluru,c-012,Marketing Consultant Bengaluru,informational_bofu,mid,bengaluru,70,core,8,10,8,4,inferred,,,,
content marketing consultant quotes bengaluru,c-012,Marketing Consultant Bengaluru,informational_bofu,mid,bengaluru,70,core,8,10,8,4,inferred,,,,
content marketing consultant cost in bengaluru,c-012,Marketing Consultant Bengaluru,informational_bofu,mid,bengaluru,70,core,8,10,8,4,inferred,,,,
marketing consultant bengaluru reviews,c-012,Marketing Consultant Bengaluru,commercial,mid,bengaluru,52,core,7,10,8,6,inferred,,,,
content marketing consultant bengaluru reviews,c-012,Marketing Consultant Bengaluru,commercial,mid,bengaluru,52,core,7,10,8,6,inferred,,,,
24 hour content marketing consultant bangalore,c-013,Marketing Consultant Bangalore,transactional,long_tail,bangalore,105,core,10,10,8,2,inferred,,,,
same day content marketing consultant bangalore,c-013,Marketing Consultant Bangalore,transactional,long_tail,bangalore,105,core,10,10,8,2,inferred,,,,
marketing consultant near bangalore,c-013,Marketing Consultant Bangalore,transactional,mid,bangalore,95,core,10,10,8,3,inferred,,,,
marketing consultant company bangalore,c-013,Marketing Consultant Bangalore,transactional,mid,bangalore,95,core,10,10,8,3,inferred,,,,
24 hour marketing consultant bangalore,c-013,Marketing Consultant Bangalore,transactional,mid,bangalore,95,core,10,10,8,3,inferred,,,,
marketing consultant services bangalore,c-013,Marketing Consultant Bangalore,transactional,mid,bangalore,95,core,10,10,8,3,inferred,,,,
same day marketing consultant bangalore,c-013,Marketing Consultant Bangalore,transactional,mid,bangalore,95,core,10,10,8,3,inferred,,,,
emergency marketing consultant bangalore,c-013,Marketing Consultant Bangalore,transactional,mid,bangalore,95,core,10,10,8,3,inferred,,,,
marketing consultant contractor bangalore,c-013,Marketing Consultant Bangalore,transactional,mid,bangalore,95,core,10,10,8,3,inferred,,,,
content marketing consultant near bangalore,c-013,Marketing Consultant Bangalore,transactional,mid,bangalore,95,core,10,10,8,3,inferred,,,,
content marketing consultant company bangalore,c-013,Marketing Consultant Bangalore,transactional,mid,bangalore,95,core,10,10,8,3,inferred,,,,
content marketing consultant services bangalore,c-013,Marketing Consultant Bangalore,transactional,mid,bangalore,95,core,10,10,8,3,inferred,,,,
emergency content marketing consultant bangalore,c-013,Marketing Consultant Bangalore,transactional,mid,bangalore,95,core,10,10,8,3,inferred,,,,
content marketing consultant contractor bangalore,c-013,Marketing Consultant Bangalore,transactional,mid,bangalore,95,core,10,10,8,3,inferred,,,,
top rated content marketing consultant bangalore,c-013,Marketing Consultant Bangalore,transactional,long_tail,bangalore,95,core,9,10,8,2,inferred,,,,
marketing consultant bangalore ka,c-013,Marketing Consultant Bangalore,transactional,mid,bangalore,86,core,9,10,8,3,inferred,,,,
content marketing consultant bangalore,c-013,Marketing Consultant Bangalore,transactional,mid,bangalore,86,core,9,10,8,3,inferred,,,,
bangalore content marketing consultant,c-013,Marketing Consultant Bangalore,transactional,mid,bangalore,86,core,9,10,8,3,inferred,,,,
content marketing consultant in bangalore,c-013,Marketing Consultant Bangalore,transactional,mid,bangalore,86,core,9,10,8,3,inferred,,,,
content marketing consultant bangalore ka,c-013,Marketing Consultant Bangalore,transactional,mid,bangalore,86,core,9,10,8,3,inferred,,,,
best marketing consultant bangalore,c-013,Marketing Consultant Bangalore,transactional,mid,bangalore,86,core,9,10,8,3,inferred,,,,
cheap marketing consultant bangalore,c-013,Marketing Consultant Bangalore,transactional,mid,bangalore,86,core,9,10,8,3,inferred,,,,
best marketing consultant in bangalore,c-013,Marketing Consultant Bangalore,transactional,mid,bangalore,86,core,9,10,8,3,inferred,,,,
licensed marketing consultant bangalore,c-013,Marketing Consultant Bangalore,transactional,mid,bangalore,86,core,9,10,8,3,inferred,,,,
top rated marketing consultant bangalore,c-013,Marketing Consultant Bangalore,transactional,mid,bangalore,86,core,9,10,8,3,inferred,,,,
affordable marketing consultant bangalore,c-013,Marketing Consultant Bangalore,transactional,mid,bangalore,86,core,9,10,8,3,inferred,,,,
best content marketing consultant bangalore,c-013,Marketing Consultant Bangalore,transactional,mid,bangalore,86,core,9,10,8,3,inferred,,,,
cheap content marketing consultant bangalore,c-013,Marketing Consultant Bangalore,transactional,mid,bangalore,86,core,9,10,8,3,inferred,,,,
best content marketing consultant in bangalore,c-013,Marketing Consultant Bangalore,transactional,mid,bangalore,86,core,9,10,8,3,inferred,,,,
licensed content marketing consultant bangalore,c-013,Marketing Consultant Bangalore,transactional,mid,bangalore,86,core,9,10,8,3,inferred,,,,
affordable content marketing consultant bangalore,c-013,Marketing Consultant Bangalore,transactional,mid,bangalore,86,core,9,10,8,3,inferred,,,,
marketing consultant bangalore,c-013,Marketing Consultant Bangalore,transactional,head,bangalore,72,core,9,10,8,5,inferred,,,,
bangalore marketing consultant,c-013,Marketing Consultant Bangalore,transactional,head,bangalore,72,core,9,10,8,5,inferred,,,,
marketing consultant in bangalore,c-013,Marketing Consultant Bangalore,transactional,head,bangalore,72,core,9,10,8,5,inferred,,,,
marketing consultant bangalore cost,c-013,Marketing Consultant Bangalore,informational_bofu,mid,bangalore,70,core,8,10,8,4,inferred,,,,
marketing consultant prices bangalore,c-013,Marketing Consultant Bangalore,informational_bofu,mid,bangalore,70,core,8,10,8,4,inferred,,,,
marketing consultant quotes bangalore,c-013,Marketing Consultant Bangalore,informational_bofu,mid,bangalore,70,core,8,10,8,4,inferred,,,,
marketing consultant cost in bangalore,c-013,Marketing Consultant Bangalore,informational_bofu,mid,bangalore,70,core,8,10,8,4,inferred,,,,
content marketing consultant bangalore cost,c-013,Marketing Consultant Bangalore,informational_bofu,mid,bangalore,70,core,8,10,8,4,inferred,,,,
content marketing consultant prices bangalore,c-013,Marketing Consultant Bangalore,informational_bofu,mid,bangalore,70,core,8,10,8,4,inferred,,,,
content marketing consultant quotes bangalore,c-013,Marketing Consultant Bangalore,informational_bofu,mid,bangalore,70,core,8,10,8,4,inferred,,,,
content marketing consultant cost in bangalore,c-013,Marketing Consultant Bangalore,informational_bofu,mid,bangalore,70,core,8,10,8,4,inferred,,,,
marketing consultant bangalore reviews,c-013,Marketing Consultant Bangalore,commercial,mid,bangalore,52,core,7,10,8,6,inferred,,,,
content marketing consultant bangalore reviews,c-013,Marketing Consultant Bangalore,commercial,mid,bangalore,52,core,7,10,8,6,inferred,,,,
seo consultant near bangalore,c-090,Seo Consultant Bangalore,transactional,mid,bangalore,95,core,10,10,8,3,inferred,,,,
seo consultant company bangalore,c-090,Seo Consultant Bangalore,transactional,mid,bangalore,95,core,10,10,8,3,inferred,,,,
24 hour seo consultant bangalore,c-090,Seo Consultant Bangalore,transactional,mid,bangalore,95,core,10,10,8,3,inferred,,,,
seo consultant services bangalore,c-090,Seo Consultant Bangalore,transactional,mid,bangalore,95,core,10,10,8,3,inferred,,,,
same day seo consultant bangalore,c-090,Seo Consultant Bangalore,transactional,mid,bangalore,95,core,10,10,8,3,inferred,,,,
emergency seo consultant bangalore,c-090,Seo Consultant Bangalore,transactional,mid,bangalore,95,core,10,10,8,3,inferred,,,,
seo consultant contractor bangalore,c-090,Seo Consultant Bangalore,transactional,mid,bangalore,95,core,10,10,8,3,inferred,,,,
seo consultant bangalore ka,c-090,Seo Consultant Bangalore,transactional,mid,bangalore,86,core,9,10,8,3,inferred,,,,
best seo consultant bangalore,c-090,Seo Consultant Bangalore,transactional,mid,bangalore,86,core,9,10,8,3,inferred,,,,
cheap seo consultant bangalore,c-090,Seo Consultant Bangalore,transactional,mid,bangalore,86,core,9,10,8,3,inferred,,,,
best seo consultant in bangalore,c-090,Seo Consultant Bangalore,transactional,mid,bangalore,86,core,9,10,8,3,inferred,,,,
licensed seo consultant bangalore,c-090,Seo Consultant Bangalore,transactional,mid,bangalore,86,core,9,10,8,3,inferred,,,,
top rated seo consultant bangalore,c-090,Seo Consultant Bangalore,transactional,mid,bangalore,86,core,9,10,8,3,inferred,,,,
affordable seo consultant bangalore,c-090,Seo Consultant Bangalore,transactional,mid,bangalore,86,core,9,10,8,3,inferred,,,,
seo consultant bangalore,c-090,Seo Consultant Bangalore,transactional,head,bangalore,72,core,9,10,8,5,inferred,,,,
bangalore seo consultant,c-090,Seo Consultant Bangalore,transactional,head,bangalore,72,core,9,10,8,5,inferred,,,,
seo consultant in bangalore,c-090,Seo Consultant Bangalore,transactional,head,bangalore,72,core,9,10,8,5,inferred,,,,
seo consultant bangalore cost,c-090,Seo Consultant Bangalore,informational_bofu,mid,bangalore,70,core,8,10,8,4,inferred,,,,
seo consultant prices bangalore,c-090,Seo Consultant Bangalore,informational_bofu,mid,bangalore,70,core,8,10,8,4,inferred,,,,
seo consultant quotes bangalore,c-090,Seo Consultant Bangalore,informational_bofu,mid,bangalore,70,core,8,10,8,4,inferred,,,,
seo consultant cost in bangalore,c-090,Seo Consultant Bangalore,informational_bofu,mid,bangalore,70,core,8,10,8,4,inferred,,,,
seo consultant bangalore reviews,c-090,Seo Consultant Bangalore,commercial,mid,bangalore,52,core,7,10,8,6,inferred,,,,
seo consultant near bengaluru,c-095,Seo Consultant Bengaluru,transactional,mid,bengaluru,95,core,10,10,8,3,inferred,,,,
seo consultant company bengaluru,c-095,Seo Consultant Bengaluru,transactional,mid,bengaluru,95,core,10,10,8,3,inferred,,,,
24 hour seo consultant bengaluru,c-095,Seo Consultant Bengaluru,transactional,mid,bengaluru,95,core,10,10,8,3,inferred,,,,
seo consultant services bengaluru,c-095,Seo Consultant Bengaluru,transactional,mid,bengaluru,95,core,10,10,8,3,inferred,,,,
same day seo consultant bengaluru,c-095,Seo Consultant Bengaluru,transactional,mid,bengaluru,95,core,10,10,8,3,inferred,,,,
emergency seo consultant bengaluru,c-095,Seo Consultant Bengaluru,transactional,mid,bengaluru,95,core,10,10,8,3,inferred,,,,
seo consultant contractor bengaluru,c-095,Seo Consultant Bengaluru,transactional,mid,bengaluru,95,core,10,10,8,3,inferred,,,,
seo consultant bengaluru ka,c-095,Seo Consultant Bengaluru,transactional,mid,bengaluru,86,core,9,10,8,3,inferred,,,,
best seo consultant bengaluru,c-095,Seo Consultant Bengaluru,transactional,mid,bengaluru,86,core,9,10,8,3,inferred,,,,
cheap seo consultant bengaluru,c-095,Seo Consultant Bengaluru,transactional,mid,bengaluru,86,core,9,10,8,3,inferred,,,,
best seo consultant in bengaluru,c-095,Seo Consultant Bengaluru,transactional,mid,bengaluru,86,core,9,10,8,3,inferred,,,,
licensed seo consultant bengaluru,c-095,Seo Consultant Bengaluru,transactional,mid,bengaluru,86,core,9,10,8,3,inferred,,,,
top rated seo consultant bengaluru,c-095,Seo Consultant Bengaluru,transactional,mid,bengaluru,86,core,9,10,8,3,inferred,,,,
affordable seo consultant bengaluru,c-095,Seo Consultant Bengaluru,transactional,mid,bengaluru,86,core,9,10,8,3,inferred,,,,
seo consultant bengaluru,c-095,Seo Consultant Bengaluru,transactional,head,bengaluru,72,core,9,10,8,5,serp,True,False,,
bengaluru seo consultant,c-095,Seo Consultant Bengaluru,transactional,head,bengaluru,72,core,9,10,8,5,inferred,,,,
seo consultant in bengaluru,c-095,Seo Consultant Bengaluru,transactional,head,bengaluru,72,core,9,10,8,5,inferred,,,,
seo consultant bengaluru cost,c-095,Seo Consultant Bengaluru,informational_bofu,mid,bengaluru,70,core,8,10,8,4,inferred,,,,
seo consultant prices bengaluru,c-095,Seo Consultant Bengaluru,informational_bofu,mid,bengaluru,70,core,8,10,8,4,inferred,,,,
seo consultant quotes bengaluru,c-095,Seo Consultant Bengaluru,informational_bofu,mid,bengaluru,70,core,8,10,8,4,inferred,,,,
seo consultant cost in bengaluru,c-095,Seo Consultant Bengaluru,informational_bofu,mid,bengaluru,70,core,8,10,8,4,inferred,,,,
seo consultant bengaluru reviews,c-095,Seo Consultant Bengaluru,commercial,mid,bengaluru,52,core,7,10,8,6,inferred,,,,
seo expert bangalore,c-279,Seo Expert Bangalore,transactional,head,bangalore,72,core,9,10,8,5,inferred,,,,
google business profile optimisation,c-303,Google Business Profile Optimisation,transactional,mid,,72,core,9,10,8,5,serp,True,True,,
digital marketing agency not delivering results,c-258,Digital Marketing Agency Not Delivering Results,transactional,long_tail,,71,core,9,10,6,2,inferred,,,,
social media marketing for small business india,c-319,Social Media Marketing For Small Business India,transactional,long_tail,,71,core,9,10,6,2,inferred,,,,
ai overviews traffic drop,c-169,Ai Overviews Traffic Drop,informational,mid,,63,core,7,10,9,5,serp,False,True,,
how to rank in chatgpt,c-224,How To Rank In Chatgpt,informational,mid,,63,core,7,10,9,5,serp,False,True,,
how to choose a digital marketing agency,c-227,How To Choose A Digital Marketing Agency,informational,mid,,63,core,7,10,9,5,serp,False,True,,
whatsapp business api cost india,c-179,Whatsapp Business Api Cost India,informational_bofu,mid,,59,core,8,10,8,6,serp,False,True,,
how long does seo take to show results,c-356,How Long Does Seo Take To Show Results,informational,long_tail,,58,core,7,10,9,6,serp,False,True,,
cac calculation,c-215,Cac Calculation,transactional,head,,55,core,8,10,8,7,serp,False,True,,
google ads expert near me open now,c-124,Google Ads Expert Near Me,transactional,long_tail,near me,79,core,10,10,6,2,inferred,,,,
google ads expert near me,c-124,Google Ads Expert Near Me,transactional,mid,near me,54,core,9,10,5,3,inferred,,,,
google ads for small business india,c-129,Google Ads For Small Business India,transactional,mid,,54,core,9,10,5,3,inferred,,,,
facebook ads for small business india,c-129,Google Ads For Small Business India,transactional,mid,,54,core,9,10,5,3,inferred,,,,
local seo checklist india,c-132,Local Seo Checklist India,transactional,mid,,54,core,9,10,5,3,inferred,,,,
seo services pricing india,c-132,Local Seo Checklist India,informational_bofu,mid,,43,growth,8,10,5,4,inferred,,,,
is seo worth it for small business india,c-139,Is Seo Worth It For Small Business India,transactional,mid,,54,core,9,10,5,3,inferred,,,,
local seo for small business india,c-139,Is Seo Worth It For Small Business India,transactional,mid,,54,core,9,10,5,3,inferred,,,,
local seo for chartered accountants,c-144,Local Seo For Chartered Accountants,transactional,mid,,54,core,9,10,5,3,inferred,,,,
questions to ask a digital marketing agency,c-183,Questions To Ask A Digital Marketing Agency,transactional,mid,,54,core,9,10,5,3,inferred,,,,
google business profile categories,c-220,Google Business Profile Categories,transactional,mid,,54,core,9,10,5,3,inferred,,,,
local seo for coaching centres,c-222,Local Seo For Coaching Centres,transactional,mid,,54,core,9,10,5,3,inferred,,,,
local landing pages for cities,c-229,Local Landing Pages For Cities,transactional,mid,,54,core,9,10,5,3,inferred,,,,
local seo for clinics,c-232,Local Seo For Clinics,transactional,mid,,54,core,9,10,5,3,inferred,,,,
seo for coaching business india,c-234,Seo For Coaching Business India,transactional,mid,,54,core,9,10,5,3,inferred,,,,
cold email open rates india,c-235,Cold Email Open Rates India,transactional,mid,,54,core,9,10,5,3,inferred,,,,
structured data for service business,c-257,Structured Data For Service Business,transactional,mid,,54,core,9,10,5,3,inferred,,,,
local seo for dentists india,c-259,Local Seo For Dentists India,transactional,mid,,54,core,9,10,5,3,inferred,,,,
local seo for interior designers,c-262,Local Seo For Interior Designers,transactional,mid,,54,core,9,10,5,3,inferred,,,,
red flags digital marketing agency,c-264,Red Flags Digital Marketing Agency,transactional,mid,,54,core,9,10,5,3,inferred,,,,
ga4 setup for small business,c-296,Ga4 Setup For Small Business,transactional,mid,,54,core,9,10,5,3,inferred,,,,
local seo for gyms,c-307,Local Seo For Gyms,transactional,mid,,54,core,9,10,5,3,inferred,,,,
local seo for pg and hostels,c-313,Local Seo For Pg And Hostels,transactional,mid,,54,core,9,10,5,3,inferred,,,,
local seo for lawyers india,c-315,Local Seo For Lawyers India,transactional,mid,,54,core,9,10,5,3,inferred,,,,
local seo for restaurants india,c-322,Local Seo For Restaurants India,transactional,mid,,54,core,9,10,5,3,inferred,,,,
how to rank for near me keywords,c-337,How To Rank For Near Me Keywords,transactional,mid,near me,54,core,9,10,5,3,inferred,,,,
schema markup for local business,c-345,Schema Markup For Local Business,transactional,mid,,54,core,9,10,5,3,inferred,,,,
local seo for salons,c-359,Local Seo For Salons,transactional,mid,,54,core,9,10,5,3,inferred,,,,
ai search optimisation,c-173,Ai Search Optimisation,commercial,mid,,50,core,6,10,9,6,serp,False,True,,
seo vs google ads which is better,c-150,Seo Vs Google Ads Which Is Better,informational,long_tail,,46,core,7,10,6,4,inferred,,,,
how many creatives to test meta ads,c-153,How Many Creatives To Test Meta Ads,informational,long_tail,,46,core,7,10,6,4,inferred,,,,
how to check if chatgpt mentions my brand,c-203,How To Check If Chatgpt Mentions My Brand,informational,long_tail,,46,core,7,10,6,4,inferred,,,,
what to expect in the first 90 days with a marketing consultant,c-241,What To Expect In The First 90 Days With A Marketing Consultant,informational,long_tail,,46,core,7,10,6,4,inferred,,,,
how to use gsc to find quick wins,c-286,How To Use Gsc To Find Quick Wins,informational,long_tail,,46,core,7,10,6,4,inferred,,,,
how to do keyword research without paid tools,c-336,How To Do Keyword Research Without Paid Tools,informational,long_tail,,46,core,7,10,6,4,inferred,,,,
how to rank on google maps india,c-298,How To Rank On Google Maps India,informational,mid,,45,core,7,8,8,5,serp,True,True,,
freelance digital marketer near me open now,c-115,Freelance Digital Marketer,transactional,long_tail,near me,79,core,10,10,6,2,inferred,,,,
freelance digital marketer near me,c-115,Freelance Digital Marketer,transactional,mid,near me,54,core,9,10,5,3,inferred,,,,
freelance digital marketer,c-115,Freelance Digital Marketer,commercial,mid,,44,growth,6,10,8,6,serp,False,True,,
freelance digital marketer india,c-115,Freelance Digital Marketer,informational,mid,,20,growth,4,10,5,5,inferred,,,,
digital marketing budget for small business india,c-123,Marketing Automation For Small Business India,transactional,long_tail,,57,core,9,8,6,2,inferred,,,,
how much should a small business spend on marketing india,c-123,Marketing Automation For Small Business India,informational_bofu,micro,,47,core,7,8,7,3,inferred,,,,
marketing automation for small business india,c-123,Marketing Automation For Small Business India,transactional,mid,,43,growth,9,8,5,3,inferred,,,,
does google penalise ai content,c-167,Does Google Penalise Ai Content,informational,mid,,43,growth,7,8,9,7,serp,False,True,,
ai tools for indian small business,c-171,Ai Tools For Indian Small Business,transactional,mid,,43,growth,9,8,5,3,inferred,,,,
service area business google,c-181,Service Area Business Google,transactional,mid,,43,growth,9,8,5,3,inferred,,,,
pricing your services as a consultant,c-182,Pricing Your Services As A Consultant,informational_bofu,mid,,43,growth,8,10,5,4,inferred,,,,
blog content plan for small business,c-199,Blog Content Plan For Small Business,transactional,mid,,43,growth,9,8,5,3,inferred,,,,
local citations india,c-228,Local Citations India,transactional,mid,,43,growth,9,8,5,3,inferred,,,,
marketing dashboard for small business,c-256,Marketing Dashboard For Small Business,transactional,mid,,43,growth,9,8,5,3,inferred,,,,
youtube shorts for business india,c-328,Youtube Shorts For Business India,transactional,mid,,43,growth,9,8,5,3,inferred,,,,
seo vs paid ads for small business,c-161,Seo Vs Paid Ads For Small Business,commercial,long_tail,,42,growth,7,10,6,5,inferred,,,,
how to generate leads without paid ads,c-155,How To Generate Leads Without Paid Ads,informational,long_tail,,37,growth,7,8,6,4,inferred,,,,
how to make ai content sound human,c-168,How To Make Ai Content Sound Human,informational,long_tail,,37,growth,7,8,6,4,inferred,,,,
content decay refresh old blog posts,c-198,Content Decay Refresh Old Blog Posts,informational,long_tail,,37,growth,7,8,6,4,inferred,,,,
how many blog posts per month,c-200,How Many Blog Posts Per Month,informational,long_tail,,37,growth,7,8,6,4,inferred,,,,
google ads cost per click india,c-127,Google Ads Budget India,informational_bofu,long_tail,,50,core,7,10,6,3,inferred,,,,
google ads budget india,c-127,Google Ads Budget India,informational,mid,,35,growth,7,10,5,5,inferred,,,,
google ads not converting,c-128,Google Ads Not Converting,informational,mid,,35,growth,7,10,5,5,inferred,,,,
why are my google ads not working,c-128,Google Ads Not Converting,informational,mid,,35,growth,7,10,5,5,inferred,,,,
local seo for real estate agents india,c-130,Seo For Real Estate India,transactional,long_tail,,55,core,7,10,6,2,inferred,,,,
seo for real estate india,c-130,Seo For Real Estate India,informational,mid,,35,growth,7,10,5,5,inferred,,,,
whatsapp marketing india,c-137,Whatsapp Marketing India,informational,mid,,35,growth,7,10,5,5,inferred,,,,
whatsapp marketing rules india,c-137,Whatsapp Marketing India,informational,mid,,35,growth,7,10,5,5,inferred,,,,
how to structure a google ads account,c-143,How To Structure A Google Ads Account,informational,mid,,35,growth,7,10,5,5,inferred,,,,
how to reduce customer acquisition cost,c-145,How To Reduce Customer Acquisition Cost,informational_bofu,mid,,35,growth,8,8,5,4,inferred,,,,
faq schema how to add,c-148,Faq Schema How To Add,informational,mid,,35,growth,7,10,5,5,inferred,,,,
google ads audit checklist,c-149,Google Ads Audit Checklist,informational,mid,,35,growth,7,10,5,5,inferred,,,,
meta ads cpm india 2026,c-151,Meta Ads Cpm India 2026,informational,mid,,35,growth,7,10,5,5,inferred,,,,
meta ads creative testing framework,c-152,Meta Ads Creative Testing Framework,informational,mid,,35,growth,7,10,5,5,inferred,,,,
meta ads not delivering,c-154,Meta Ads Not Delivering,informational,mid,,35,growth,7,10,5,5,inferred,,,,
google ads quality score,c-157,Google Ads Quality Score,informational,mid,,35,growth,7,10,5,5,inferred,,,,
instagram ads cost india,c-159,Instagram Ads Cost India,informational_bofu,mid,,35,growth,8,8,5,4,inferred,,,,
brand mentions and ai search,c-165,Brand Mentions And Ai Search,informational,mid,,35,growth,7,10,5,5,inferred,,,,
google ai overviews impact on traffic,c-170,Google Ai Overviews Impact On Traffic,informational,mid,,35,growth,7,10,5,5,inferred,,,,
competitor backlink analysis,c-177,Competitor Backlink Analysis,informational,mid,,35,growth,7,10,5,5,inferred,,,,
site architecture for seo,c-180,Site Architecture For Seo,informational,mid,,35,growth,7,10,5,5,inferred,,,,
technical seo audit checklist,c-185,Technical Seo Audit Checklist,informational,mid,,35,growth,7,10,5,5,inferred,,,,
seo audit tools free,c-186,Seo Audit Tools Free,informational,mid,,35,growth,7,10,5,5,inferred,,,,
how to do an seo audit yourself,c-187,How To Do An Seo Audit Yourself,informational,mid,,35,growth,7,10,5,5,inferred,,,,
author bio seo,c-188,Author Bio Seo,informational,mid,,35,growth,7,10,5,5,inferred,,,,
linkedin content strategy b2b india,c-190,Linkedin Content Strategy B2B India,informational,mid,,35,growth,7,10,5,5,inferred,,,,
how to get backlinks india,c-192,How To Get Backlinks India,informational,mid,,35,growth,7,10,5,5,inferred,,,,
google search console for beginners,c-193,Google Search Console For Beginners,informational,mid,,35,growth,7,10,5,5,inferred,,,,
website conversion rate benchmarks india,c-194,Website Conversion Rate Benchmarks India,informational,mid,,35,growth,7,10,5,5,inferred,,,,
roas benchmarks india,c-195,Roas Benchmarks India,informational,mid,,35,growth,7,10,5,5,inferred,,,,
social media strategy for indian brands,c-206,Social Media Strategy For Indian Brands,informational,mid,,35,growth,7,10,5,5,inferred,,,,
keyword research for indian businesses,c-211,Keyword Research For Indian Businesses,informational,mid,,35,growth,7,10,5,5,inferred,,,,
category page seo,c-221,Category Page Seo,informational,mid,,35,growth,7,10,5,5,inferred,,,,
chatgpt prompts for marketing,c-223,Chatgpt Prompts For Marketing,informational,mid,,35,growth,7,10,5,5,inferred,,,,
website redesign seo checklist,c-226,Website Redesign Seo Checklist,informational,mid,,35,growth,7,10,5,5,inferred,,,,
topic clusters seo,c-233,Topic Clusters Seo,informational,mid,,35,growth,7,10,5,5,inferred,,,,
how to find low competition keywords,c-238,How To Find Low Competition Keywords,informational,mid,,35,growth,7,10,5,5,inferred,,,,
indexing issues google search console,c-240,Indexing Issues Google Search Console,informational,mid,,35,growth,7,10,5,5,inferred,,,,
freelance seo consultant india,c-242,Freelance Seo Consultant India,informational,mid,,35,growth,7,10,5,5,inferred,,,,
content marketing strategy india,c-245,Content Marketing Strategy India,informational,mid,,35,growth,7,10,5,5,inferred,,,,
form fields conversion,c-247,Form Fields Conversion,informational,mid,,35,growth,7,10,5,5,inferred,,,,
ga4 conversions not tracking,c-248,Ga4 Conversions Not Tracking,informational,mid,,35,growth,7,10,5,5,inferred,,,,
landing page copy that converts,c-250,Landing Page Copy That Converts,informational,mid,,35,growth,7,10,5,5,inferred,,,,
how to fire a digital marketing agency,c-263,How To Fire A Digital Marketing Agency,informational,mid,,35,growth,7,10,5,5,inferred,,,,
striking distance keywords,c-267,Striking Distance Keywords,informational,mid,,35,growth,7,10,5,5,inferred,,,,
seo for edtech india,c-272,Seo For Edtech India,informational,mid,,35,growth,7,10,5,5,inferred,,,,
long tail keywords examples,c-277,Long Tail Keywords Examples,informational,mid,,35,growth,7,10,5,5,inferred,,,,
seo for exporters india,c-281,Seo For Exporters India,informational,mid,,35,growth,7,10,5,5,inferred,,,,
linkedin outreach that does not feel spammy,c-284,Linkedin Outreach That Does Not Feel Spammy,informational,mid,,35,growth,7,10,5,5,inferred,,,,
seo for fintech india,c-287,Seo For Fintech India,informational,mid,,35,growth,7,10,5,5,inferred,,,,
linkedin marketing for founders india,c-292,Linkedin Marketing For Founders India,informational,mid,,35,growth,7,10,5,5,inferred,,,,
google business profile suspended what to do,c-304,Google Business Profile Suspended What To Do,informational,mid,,35,growth,7,10,5,5,inferred,,,,
h1 tag seo,c-308,H1 Tag Seo,informational,mid,,35,growth,7,10,5,5,inferred,,,,
seo for healthcare india,c-311,Seo For Healthcare India,informational,mid,,35,growth,7,10,5,5,inferred,,,,
seo for hospitality india,c-312,Seo For Hospitality India,informational,mid,,35,growth,7,10,5,5,inferred,,,,
multi location seo india,c-317,Multi Location Seo India,informational,mid,,35,growth,7,10,5,5,inferred,,,,
seo for manufacturing india,c-318,Seo For Manufacturing India,informational,mid,,35,growth,7,10,5,5,inferred,,,,
shopify seo india,c-324,Shopify Seo India,informational,mid,,35,growth,7,10,5,5,inferred,,,,
seo for wordpress site india,c-325,Seo For Wordpress Site India,informational,mid,,35,growth,7,10,5,5,inferred,,,,
wix seo india,c-326,Wix Seo India,informational,mid,,35,growth,7,10,5,5,inferred,,,,
technical seo issues that kill rankings,c-333,Technical Seo Issues That Kill Rankings,informational,mid,,35,growth,7,10,5,5,inferred,,,,
javascript seo problems,c-334,Javascript Seo Problems,informational,mid,,35,growth,7,10,5,5,inferred,,,,
product page seo,c-349,Product Page Seo,informational,mid,,35,growth,7,10,5,5,inferred,,,,
seo for react website,c-355,Seo For React Website,informational,mid,,35,growth,7,10,5,5,inferred,,,,
what is a good roas,c-357,What Is A Good Roas,informational,mid,,35,growth,7,10,5,5,inferred,,,,
saas seo strategy,c-358,Saas Seo Strategy,informational,mid,,35,growth,7,10,5,5,inferred,,,,
should i hire a freelancer or an agency for digital marketing,c-135,Digital Marketing Agency Vs Freelancer,informational,long_tail,,33,growth,5,10,6,4,inferred,,,,
digital marketing agency vs freelancer,c-135,Digital Marketing Agency Vs Freelancer,commercial,mid,,32,growth,7,10,5,6,inferred,,,,
fake reviews on google business profile,c-283,Fake Reviews On Google Business Profile,commercial,mid,,32,growth,7,10,5,6,inferred,,,,
justdial vs google business profile,c-299,Justdial Vs Google Business Profile,commercial,mid,,32,growth,7,10,5,6,inferred,,,,
digital marketing consultant near me open now,c-111,Digital Marketing Consultant,transactional,long_tail,near me,79,core,10,10,6,2,inferred,,,,
digital marketing consultant cost india,c-111,Digital Marketing Consultant,informational_bofu,mid,,61,core,7,10,8,4,serp,False,True,,
marketing consultant near me open now,c-111,Digital Marketing Consultant,transactional,mid,near me,60,core,10,10,5,3,inferred,,,,
digital marketing consultant near me,c-111,Digital Marketing Consultant,transactional,mid,near me,54,core,9,10,5,3,inferred,,,,
marketing consultant cost,c-111,Digital Marketing Consultant,informational_bofu,mid,,38,growth,7,10,5,4,inferred,,,,
digital marketing consultant vs agency,c-111,Digital Marketing Consultant,commercial,mid,,32,growth,7,10,5,6,inferred,,,,
digital marketing consultant,c-111,Digital Marketing Consultant,commercial,mid,,28,growth,6,10,5,6,inferred,,,,
marketing consultant near me,c-111,Digital Marketing Consultant,transactional,head,near me,27,growth,9,10,3,5,inferred,,,,
digital marketing consultant india,c-111,Digital Marketing Consultant,informational,mid,,20,growth,4,10,5,5,inferred,,,,
hire a digital marketing consultant,c-111,Digital Marketing Consultant,informational,mid,,20,growth,4,10,5,5,inferred,,,,
freelance digital marketing consultant,c-111,Digital Marketing Consultant,informational,mid,,20,growth,4,10,5,5,inferred,,,,
digital marketing consultant charges in india,c-111,Digital Marketing Consultant,informational,mid,,20,growth,4,10,5,5,inferred,,,,
what does a digital marketing consultant do,c-111,Digital Marketing Consultant,informational,mid,,20,growth,4,10,5,5,inferred,,,,
digital marketing consultant mumbai,c-048,Digital Marketing Consultant Mumbai,transactional,mid,mumbai,25,growth,7,9,4,5,inferred,,,,
mumbai digital marketing consultant,c-048,Digital Marketing Consultant Mumbai,transactional,mid,mumbai,25,growth,7,9,4,5,inferred,,,,
digital marketing consultant in mumbai,c-048,Digital Marketing Consultant Mumbai,transactional,mid,mumbai,25,growth,7,9,4,5,inferred,,,,
digital marketing consultant mumbai mh,c-048,Digital Marketing Consultant Mumbai,transactional,mid,mumbai,25,growth,7,9,4,5,inferred,,,,
digital marketing consultant near mumbai,c-048,Digital Marketing Consultant Mumbai,transactional,mid,mumbai,25,growth,7,9,4,5,inferred,,,,
best digital marketing consultant mumbai,c-048,Digital Marketing Consultant Mumbai,transactional,mid,mumbai,25,growth,7,9,4,5,inferred,,,,
cheap digital marketing consultant mumbai,c-048,Digital Marketing Consultant Mumbai,transactional,mid,mumbai,25,growth,7,9,4,5,inferred,,,,
digital marketing consultant company mumbai,c-048,Digital Marketing Consultant Mumbai,transactional,mid,mumbai,25,growth,7,9,4,5,inferred,,,,
best digital marketing consultant in mumbai,c-048,Digital Marketing Consultant Mumbai,transactional,mid,mumbai,25,growth,7,9,4,5,inferred,,,,
digital marketing consultant services mumbai,c-048,Digital Marketing Consultant Mumbai,transactional,mid,mumbai,25,growth,7,9,4,5,inferred,,,,
licensed digital marketing consultant mumbai,c-048,Digital Marketing Consultant Mumbai,transactional,mid,mumbai,25,growth,7,9,4,5,inferred,,,,
emergency digital marketing consultant mumbai,c-048,Digital Marketing Consultant Mumbai,transactional,mid,mumbai,25,growth,7,9,4,5,inferred,,,,
affordable digital marketing consultant mumbai,c-048,Digital Marketing Consultant Mumbai,transactional,mid,mumbai,25,growth,7,9,4,5,inferred,,,,
digital marketing consultant contractor mumbai,c-048,Digital Marketing Consultant Mumbai,transactional,mid,mumbai,25,growth,7,9,4,5,inferred,,,,
digital marketing consultant mumbai cost,c-048,Digital Marketing Consultant Mumbai,informational_bofu,mid,mumbai,25,growth,7,9,4,5,inferred,,,,
digital marketing consultant prices mumbai,c-048,Digital Marketing Consultant Mumbai,informational_bofu,mid,mumbai,25,growth,7,9,4,5,inferred,,,,
digital marketing consultant quotes mumbai,c-048,Digital Marketing Consultant Mumbai,informational_bofu,mid,mumbai,25,growth,7,9,4,5,inferred,,,,
digital marketing consultant cost in mumbai,c-048,Digital Marketing Consultant Mumbai,informational_bofu,mid,mumbai,25,growth,7,9,4,5,inferred,,,,
digital marketing consultant mumbai reviews,c-048,Digital Marketing Consultant Mumbai,commercial,mid,mumbai,25,growth,7,9,4,5,inferred,,,,
24 hour digital marketing consultant mumbai,c-048,Digital Marketing Consultant Mumbai,transactional,long_tail,mumbai,25,growth,7,9,4,5,inferred,,,,
same day digital marketing consultant mumbai,c-048,Digital Marketing Consultant Mumbai,transactional,long_tail,mumbai,25,growth,7,9,4,5,inferred,,,,
top rated digital marketing consultant mumbai,c-048,Digital Marketing Consultant Mumbai,transactional,long_tail,mumbai,25,growth,7,9,4,5,inferred,,,,
digital marketing consultant delhi,c-049,Digital Marketing Consultant Delhi,transactional,mid,delhi,25,growth,7,9,4,5,inferred,,,,
delhi digital marketing consultant,c-049,Digital Marketing Consultant Delhi,transactional,mid,delhi,25,growth,7,9,4,5,inferred,,,,
digital marketing consultant in delhi,c-049,Digital Marketing Consultant Delhi,transactional,mid,delhi,25,growth,7,9,4,5,inferred,,,,
digital marketing consultant delhi dl,c-049,Digital Marketing Consultant Delhi,transactional,mid,delhi,25,growth,7,9,4,5,inferred,,,,
digital marketing consultant near delhi,c-049,Digital Marketing Consultant Delhi,transactional,mid,delhi,25,growth,7,9,4,5,inferred,,,,
best digital marketing consultant delhi,c-049,Digital Marketing Consultant Delhi,transactional,mid,delhi,25,growth,7,9,4,5,inferred,,,,
cheap digital marketing consultant delhi,c-049,Digital Marketing Consultant Delhi,transactional,mid,delhi,25,growth,7,9,4,5,inferred,,,,
digital marketing consultant company delhi,c-049,Digital Marketing Consultant Delhi,transactional,mid,delhi,25,growth,7,9,4,5,inferred,,,,
best digital marketing consultant in delhi,c-049,Digital Marketing Consultant Delhi,transactional,mid,delhi,25,growth,7,9,4,5,inferred,,,,
digital marketing consultant services delhi,c-049,Digital Marketing Consultant Delhi,transactional,mid,delhi,25,growth,7,9,4,5,inferred,,,,
licensed digital marketing consultant delhi,c-049,Digital Marketing Consultant Delhi,transactional,mid,delhi,25,growth,7,9,4,5,inferred,,,,
emergency digital marketing consultant delhi,c-049,Digital Marketing Consultant Delhi,transactional,mid,delhi,25,growth,7,9,4,5,inferred,,,,
affordable digital marketing consultant delhi,c-049,Digital Marketing Consultant Delhi,transactional,mid,delhi,25,growth,7,9,4,5,inferred,,,,
digital marketing consultant contractor delhi,c-049,Digital Marketing Consultant Delhi,transactional,mid,delhi,25,growth,7,9,4,5,inferred,,,,
digital marketing consultant delhi cost,c-049,Digital Marketing Consultant Delhi,informational_bofu,mid,delhi,25,growth,7,9,4,5,inferred,,,,
digital marketing consultant prices delhi,c-049,Digital Marketing Consultant Delhi,informational_bofu,mid,delhi,25,growth,7,9,4,5,inferred,,,,
digital marketing consultant quotes delhi,c-049,Digital Marketing Consultant Delhi,informational_bofu,mid,delhi,25,growth,7,9,4,5,inferred,,,,
digital marketing consultant cost in delhi,c-049,Digital Marketing Consultant Delhi,informational_bofu,mid,delhi,25,growth,7,9,4,5,inferred,,,,
digital marketing consultant delhi reviews,c-049,Digital Marketing Consultant Delhi,commercial,mid,delhi,25,growth,7,9,4,5,inferred,,,,
24 hour digital marketing consultant delhi,c-049,Digital Marketing Consultant Delhi,transactional,long_tail,delhi,25,growth,7,9,4,5,inferred,,,,
same day digital marketing consultant delhi,c-049,Digital Marketing Consultant Delhi,transactional,long_tail,delhi,25,growth,7,9,4,5,inferred,,,,
top rated digital marketing consultant delhi,c-049,Digital Marketing Consultant Delhi,transactional,long_tail,delhi,25,growth,7,9,4,5,inferred,,,,
digital marketing consultant gurgaon,c-050,Digital Marketing Consultant Gurgaon,transactional,mid,gurgaon,25,growth,7,9,4,5,inferred,,,,
gurgaon digital marketing consultant,c-050,Digital Marketing Consultant Gurgaon,transactional,mid,gurgaon,25,growth,7,9,4,5,inferred,,,,
digital marketing consultant in gurgaon,c-050,Digital Marketing Consultant Gurgaon,transactional,mid,gurgaon,25,growth,7,9,4,5,inferred,,,,
digital marketing consultant gurgaon hr,c-050,Digital Marketing Consultant Gurgaon,transactional,mid,gurgaon,25,growth,7,9,4,5,inferred,,,,
digital marketing consultant near gurgaon,c-050,Digital Marketing Consultant Gurgaon,transactional,mid,gurgaon,25,growth,7,9,4,5,inferred,,,,
best digital marketing consultant gurgaon,c-050,Digital Marketing Consultant Gurgaon,transactional,mid,gurgaon,25,growth,7,9,4,5,inferred,,,,
cheap digital marketing consultant gurgaon,c-050,Digital Marketing Consultant Gurgaon,transactional,mid,gurgaon,25,growth,7,9,4,5,inferred,,,,
digital marketing consultant company gurgaon,c-050,Digital Marketing Consultant Gurgaon,transactional,mid,gurgaon,25,growth,7,9,4,5,inferred,,,,
best digital marketing consultant in gurgaon,c-050,Digital Marketing Consultant Gurgaon,transactional,mid,gurgaon,25,growth,7,9,4,5,inferred,,,,
digital marketing consultant services gurgaon,c-050,Digital Marketing Consultant Gurgaon,transactional,mid,gurgaon,25,growth,7,9,4,5,inferred,,,,
licensed digital marketing consultant gurgaon,c-050,Digital Marketing Consultant Gurgaon,transactional,mid,gurgaon,25,growth,7,9,4,5,inferred,,,,
emergency digital marketing consultant gurgaon,c-050,Digital Marketing Consultant Gurgaon,transactional,mid,gurgaon,25,growth,7,9,4,5,inferred,,,,
affordable digital marketing consultant gurgaon,c-050,Digital Marketing Consultant Gurgaon,transactional,mid,gurgaon,25,growth,7,9,4,5,inferred,,,,
digital marketing consultant contractor gurgaon,c-050,Digital Marketing Consultant Gurgaon,transactional,mid,gurgaon,25,growth,7,9,4,5,inferred,,,,
digital marketing consultant gurgaon cost,c-050,Digital Marketing Consultant Gurgaon,informational_bofu,mid,gurgaon,25,growth,7,9,4,5,inferred,,,,
digital marketing consultant prices gurgaon,c-050,Digital Marketing Consultant Gurgaon,informational_bofu,mid,gurgaon,25,growth,7,9,4,5,inferred,,,,
digital marketing consultant quotes gurgaon,c-050,Digital Marketing Consultant Gurgaon,informational_bofu,mid,gurgaon,25,growth,7,9,4,5,inferred,,,,
digital marketing consultant cost in gurgaon,c-050,Digital Marketing Consultant Gurgaon,informational_bofu,mid,gurgaon,25,growth,7,9,4,5,inferred,,,,
digital marketing consultant gurgaon reviews,c-050,Digital Marketing Consultant Gurgaon,commercial,mid,gurgaon,25,growth,7,9,4,5,inferred,,,,
24 hour digital marketing consultant gurgaon,c-050,Digital Marketing Consultant Gurgaon,transactional,long_tail,gurgaon,25,growth,7,9,4,5,inferred,,,,
same day digital marketing consultant gurgaon,c-050,Digital Marketing Consultant Gurgaon,transactional,long_tail,gurgaon,25,growth,7,9,4,5,inferred,,,,
top rated digital marketing consultant gurgaon,c-050,Digital Marketing Consultant Gurgaon,transactional,long_tail,gurgaon,25,growth,7,9,4,5,inferred,,,,
digital marketing consultant hyderabad,c-051,Digital Marketing Consultant Hyderabad,transactional,mid,hyderabad,25,growth,7,9,4,5,inferred,,,,
hyderabad digital marketing consultant,c-051,Digital Marketing Consultant Hyderabad,transactional,mid,hyderabad,25,growth,7,9,4,5,inferred,,,,
digital marketing consultant in hyderabad,c-051,Digital Marketing Consultant Hyderabad,transactional,mid,hyderabad,25,growth,7,9,4,5,inferred,,,,
digital marketing consultant hyderabad ts,c-051,Digital Marketing Consultant Hyderabad,transactional,mid,hyderabad,25,growth,7,9,4,5,inferred,,,,
digital marketing consultant near hyderabad,c-051,Digital Marketing Consultant Hyderabad,transactional,mid,hyderabad,25,growth,7,9,4,5,inferred,,,,
best digital marketing consultant hyderabad,c-051,Digital Marketing Consultant Hyderabad,transactional,mid,hyderabad,25,growth,7,9,4,5,inferred,,,,
cheap digital marketing consultant hyderabad,c-051,Digital Marketing Consultant Hyderabad,transactional,mid,hyderabad,25,growth,7,9,4,5,inferred,,,,
digital marketing consultant company hyderabad,c-051,Digital Marketing Consultant Hyderabad,transactional,mid,hyderabad,25,growth,7,9,4,5,inferred,,,,
best digital marketing consultant in hyderabad,c-051,Digital Marketing Consultant Hyderabad,transactional,mid,hyderabad,25,growth,7,9,4,5,inferred,,,,
digital marketing consultant services hyderabad,c-051,Digital Marketing Consultant Hyderabad,transactional,mid,hyderabad,25,growth,7,9,4,5,inferred,,,,
licensed digital marketing consultant hyderabad,c-051,Digital Marketing Consultant Hyderabad,transactional,mid,hyderabad,25,growth,7,9,4,5,inferred,,,,
emergency digital marketing consultant hyderabad,c-051,Digital Marketing Consultant Hyderabad,transactional,mid,hyderabad,25,growth,7,9,4,5,inferred,,,,
affordable digital marketing consultant hyderabad,c-051,Digital Marketing Consultant Hyderabad,transactional,mid,hyderabad,25,growth,7,9,4,5,inferred,,,,
digital marketing consultant contractor hyderabad,c-051,Digital Marketing Consultant Hyderabad,transactional,mid,hyderabad,25,growth,7,9,4,5,inferred,,,,
digital marketing consultant hyderabad cost,c-051,Digital Marketing Consultant Hyderabad,informational_bofu,mid,hyderabad,25,growth,7,9,4,5,inferred,,,,
digital marketing consultant prices hyderabad,c-051,Digital Marketing Consultant Hyderabad,informational_bofu,mid,hyderabad,25,growth,7,9,4,5,inferred,,,,
digital marketing consultant quotes hyderabad,c-051,Digital Marketing Consultant Hyderabad,informational_bofu,mid,hyderabad,25,growth,7,9,4,5,inferred,,,,
digital marketing consultant cost in hyderabad,c-051,Digital Marketing Consultant Hyderabad,informational_bofu,mid,hyderabad,25,growth,7,9,4,5,inferred,,,,
digital marketing consultant hyderabad reviews,c-051,Digital Marketing Consultant Hyderabad,commercial,mid,hyderabad,25,growth,7,9,4,5,inferred,,,,
24 hour digital marketing consultant hyderabad,c-051,Digital Marketing Consultant Hyderabad,transactional,long_tail,hyderabad,25,growth,7,9,4,5,inferred,,,,
same day digital marketing consultant hyderabad,c-051,Digital Marketing Consultant Hyderabad,transactional,long_tail,hyderabad,25,growth,7,9,4,5,inferred,,,,
top rated digital marketing consultant hyderabad,c-051,Digital Marketing Consultant Hyderabad,transactional,long_tail,hyderabad,25,growth,7,9,4,5,inferred,,,,
digital marketing consultant chennai,c-052,Digital Marketing Consultant Chennai,transactional,mid,chennai,25,growth,7,9,4,5,inferred,,,,
chennai digital marketing consultant,c-052,Digital Marketing Consultant Chennai,transactional,mid,chennai,25,growth,7,9,4,5,inferred,,,,
digital marketing consultant in chennai,c-052,Digital Marketing Consultant Chennai,transactional,mid,chennai,25,growth,7,9,4,5,inferred,,,,
digital marketing consultant chennai tn,c-052,Digital Marketing Consultant Chennai,transactional,mid,chennai,25,growth,7,9,4,5,inferred,,,,
digital marketing consultant near chennai,c-052,Digital Marketing Consultant Chennai,transactional,mid,chennai,25,growth,7,9,4,5,inferred,,,,
best digital marketing consultant chennai,c-052,Digital Marketing Consultant Chennai,transactional,mid,chennai,25,growth,7,9,4,5,inferred,,,,
cheap digital marketing consultant chennai,c-052,Digital Marketing Consultant Chennai,transactional,mid,chennai,25,growth,7,9,4,5,inferred,,,,
digital marketing consultant company chennai,c-052,Digital Marketing Consultant Chennai,transactional,mid,chennai,25,growth,7,9,4,5,inferred,,,,
best digital marketing consultant in chennai,c-052,Digital Marketing Consultant Chennai,transactional,mid,chennai,25,growth,7,9,4,5,inferred,,,,
digital marketing consultant services chennai,c-052,Digital Marketing Consultant Chennai,transactional,mid,chennai,25,growth,7,9,4,5,inferred,,,,
licensed digital marketing consultant chennai,c-052,Digital Marketing Consultant Chennai,transactional,mid,chennai,25,growth,7,9,4,5,inferred,,,,
emergency digital marketing consultant chennai,c-052,Digital Marketing Consultant Chennai,transactional,mid,chennai,25,growth,7,9,4,5,inferred,,,,
affordable digital marketing consultant chennai,c-052,Digital Marketing Consultant Chennai,transactional,mid,chennai,25,growth,7,9,4,5,inferred,,,,
digital marketing consultant contractor chennai,c-052,Digital Marketing Consultant Chennai,transactional,mid,chennai,25,growth,7,9,4,5,inferred,,,,
digital marketing consultant chennai cost,c-052,Digital Marketing Consultant Chennai,informational_bofu,mid,chennai,25,growth,7,9,4,5,inferred,,,,
digital marketing consultant prices chennai,c-052,Digital Marketing Consultant Chennai,informational_bofu,mid,chennai,25,growth,7,9,4,5,inferred,,,,
digital marketing consultant quotes chennai,c-052,Digital Marketing Consultant Chennai,informational_bofu,mid,chennai,25,growth,7,9,4,5,inferred,,,,
digital marketing consultant cost in chennai,c-052,Digital Marketing Consultant Chennai,informational_bofu,mid,chennai,25,growth,7,9,4,5,inferred,,,,
digital marketing consultant chennai reviews,c-052,Digital Marketing Consultant Chennai,commercial,mid,chennai,25,growth,7,9,4,5,inferred,,,,
24 hour digital marketing consultant chennai,c-052,Digital Marketing Consultant Chennai,transactional,long_tail,chennai,25,growth,7,9,4,5,inferred,,,,
same day digital marketing consultant chennai,c-052,Digital Marketing Consultant Chennai,transactional,long_tail,chennai,25,growth,7,9,4,5,inferred,,,,
top rated digital marketing consultant chennai,c-052,Digital Marketing Consultant Chennai,transactional,long_tail,chennai,25,growth,7,9,4,5,inferred,,,,
digital marketing consultant pune,c-053,Digital Marketing Consultant Pune,transactional,mid,pune,25,growth,7,9,4,5,inferred,,,,
pune digital marketing consultant,c-053,Digital Marketing Consultant Pune,transactional,mid,pune,25,growth,7,9,4,5,inferred,,,,
digital marketing consultant in pune,c-053,Digital Marketing Consultant Pune,transactional,mid,pune,25,growth,7,9,4,5,inferred,,,,
digital marketing consultant pune mh,c-053,Digital Marketing Consultant Pune,transactional,mid,pune,25,growth,7,9,4,5,inferred,,,,
digital marketing consultant near pune,c-053,Digital Marketing Consultant Pune,transactional,mid,pune,25,growth,7,9,4,5,inferred,,,,
best digital marketing consultant pune,c-053,Digital Marketing Consultant Pune,transactional,mid,pune,25,growth,7,9,4,5,inferred,,,,
cheap digital marketing consultant pune,c-053,Digital Marketing Consultant Pune,transactional,mid,pune,25,growth,7,9,4,5,inferred,,,,
digital marketing consultant company pune,c-053,Digital Marketing Consultant Pune,transactional,mid,pune,25,growth,7,9,4,5,inferred,,,,
best digital marketing consultant in pune,c-053,Digital Marketing Consultant Pune,transactional,mid,pune,25,growth,7,9,4,5,inferred,,,,
digital marketing consultant services pune,c-053,Digital Marketing Consultant Pune,transactional,mid,pune,25,growth,7,9,4,5,inferred,,,,
licensed digital marketing consultant pune,c-053,Digital Marketing Consultant Pune,transactional,mid,pune,25,growth,7,9,4,5,inferred,,,,
emergency digital marketing consultant pune,c-053,Digital Marketing Consultant Pune,transactional,mid,pune,25,growth,7,9,4,5,inferred,,,,
affordable digital marketing consultant pune,c-053,Digital Marketing Consultant Pune,transactional,mid,pune,25,growth,7,9,4,5,inferred,,,,
digital marketing consultant contractor pune,c-053,Digital Marketing Consultant Pune,transactional,mid,pune,25,growth,7,9,4,5,inferred,,,,
digital marketing consultant pune cost,c-053,Digital Marketing Consultant Pune,informational_bofu,mid,pune,25,growth,7,9,4,5,inferred,,,,
digital marketing consultant prices pune,c-053,Digital Marketing Consultant Pune,informational_bofu,mid,pune,25,growth,7,9,4,5,inferred,,,,
digital marketing consultant quotes pune,c-053,Digital Marketing Consultant Pune,informational_bofu,mid,pune,25,growth,7,9,4,5,inferred,,,,
digital marketing consultant cost in pune,c-053,Digital Marketing Consultant Pune,informational_bofu,mid,pune,25,growth,7,9,4,5,inferred,,,,
digital marketing consultant pune reviews,c-053,Digital Marketing Consultant Pune,commercial,mid,pune,25,growth,7,9,4,5,inferred,,,,
24 hour digital marketing consultant pune,c-053,Digital Marketing Consultant Pune,transactional,long_tail,pune,25,growth,7,9,4,5,inferred,,,,
same day digital marketing consultant pune,c-053,Digital Marketing Consultant Pune,transactional,long_tail,pune,25,growth,7,9,4,5,inferred,,,,
top rated digital marketing consultant pune,c-053,Digital Marketing Consultant Pune,transactional,long_tail,pune,25,growth,7,9,4,5,inferred,,,,
digital marketing consultant kolkata,c-054,Digital Marketing Consultant Kolkata,transactional,mid,kolkata,25,growth,7,9,4,5,inferred,,,,
kolkata digital marketing consultant,c-054,Digital Marketing Consultant Kolkata,transactional,mid,kolkata,25,growth,7,9,4,5,inferred,,,,
digital marketing consultant in kolkata,c-054,Digital Marketing Consultant Kolkata,transactional,mid,kolkata,25,growth,7,9,4,5,inferred,,,,
digital marketing consultant kolkata wb,c-054,Digital Marketing Consultant Kolkata,transactional,mid,kolkata,25,growth,7,9,4,5,inferred,,,,
digital marketing consultant near kolkata,c-054,Digital Marketing Consultant Kolkata,transactional,mid,kolkata,25,growth,7,9,4,5,inferred,,,,
best digital marketing consultant kolkata,c-054,Digital Marketing Consultant Kolkata,transactional,mid,kolkata,25,growth,7,9,4,5,inferred,,,,
cheap digital marketing consultant kolkata,c-054,Digital Marketing Consultant Kolkata,transactional,mid,kolkata,25,growth,7,9,4,5,inferred,,,,
digital marketing consultant company kolkata,c-054,Digital Marketing Consultant Kolkata,transactional,mid,kolkata,25,growth,7,9,4,5,inferred,,,,
best digital marketing consultant in kolkata,c-054,Digital Marketing Consultant Kolkata,transactional,mid,kolkata,25,growth,7,9,4,5,inferred,,,,
digital marketing consultant services kolkata,c-054,Digital Marketing Consultant Kolkata,transactional,mid,kolkata,25,growth,7,9,4,5,inferred,,,,
licensed digital marketing consultant kolkata,c-054,Digital Marketing Consultant Kolkata,transactional,mid,kolkata,25,growth,7,9,4,5,inferred,,,,
emergency digital marketing consultant kolkata,c-054,Digital Marketing Consultant Kolkata,transactional,mid,kolkata,25,growth,7,9,4,5,inferred,,,,
affordable digital marketing consultant kolkata,c-054,Digital Marketing Consultant Kolkata,transactional,mid,kolkata,25,growth,7,9,4,5,inferred,,,,
digital marketing consultant contractor kolkata,c-054,Digital Marketing Consultant Kolkata,transactional,mid,kolkata,25,growth,7,9,4,5,inferred,,,,
digital marketing consultant kolkata cost,c-054,Digital Marketing Consultant Kolkata,informational_bofu,mid,kolkata,25,growth,7,9,4,5,inferred,,,,
digital marketing consultant prices kolkata,c-054,Digital Marketing Consultant Kolkata,informational_bofu,mid,kolkata,25,growth,7,9,4,5,inferred,,,,
digital marketing consultant quotes kolkata,c-054,Digital Marketing Consultant Kolkata,informational_bofu,mid,kolkata,25,growth,7,9,4,5,inferred,,,,
digital marketing consultant cost in kolkata,c-054,Digital Marketing Consultant Kolkata,informational_bofu,mid,kolkata,25,growth,7,9,4,5,inferred,,,,
digital marketing consultant kolkata reviews,c-054,Digital Marketing Consultant Kolkata,commercial,mid,kolkata,25,growth,7,9,4,5,inferred,,,,
24 hour digital marketing consultant kolkata,c-054,Digital Marketing Consultant Kolkata,transactional,long_tail,kolkata,25,growth,7,9,4,5,inferred,,,,
same day digital marketing consultant kolkata,c-054,Digital Marketing Consultant Kolkata,transactional,long_tail,kolkata,25,growth,7,9,4,5,inferred,,,,
top rated digital marketing consultant kolkata,c-054,Digital Marketing Consultant Kolkata,transactional,long_tail,kolkata,25,growth,7,9,4,5,inferred,,,,
digital marketing consultant ahmedabad,c-055,Digital Marketing Consultant Ahmedabad,transactional,mid,ahmedabad,25,growth,7,9,4,5,inferred,,,,
ahmedabad digital marketing consultant,c-055,Digital Marketing Consultant Ahmedabad,transactional,mid,ahmedabad,25,growth,7,9,4,5,inferred,,,,
digital marketing consultant in ahmedabad,c-055,Digital Marketing Consultant Ahmedabad,transactional,mid,ahmedabad,25,growth,7,9,4,5,inferred,,,,
digital marketing consultant ahmedabad gj,c-055,Digital Marketing Consultant Ahmedabad,transactional,mid,ahmedabad,25,growth,7,9,4,5,inferred,,,,
digital marketing consultant near ahmedabad,c-055,Digital Marketing Consultant Ahmedabad,transactional,mid,ahmedabad,25,growth,7,9,4,5,inferred,,,,
best digital marketing consultant ahmedabad,c-055,Digital Marketing Consultant Ahmedabad,transactional,mid,ahmedabad,25,growth,7,9,4,5,inferred,,,,
cheap digital marketing consultant ahmedabad,c-055,Digital Marketing Consultant Ahmedabad,transactional,mid,ahmedabad,25,growth,7,9,4,5,inferred,,,,
digital marketing consultant company ahmedabad,c-055,Digital Marketing Consultant Ahmedabad,transactional,mid,ahmedabad,25,growth,7,9,4,5,inferred,,,,
best digital marketing consultant in ahmedabad,c-055,Digital Marketing Consultant Ahmedabad,transactional,mid,ahmedabad,25,growth,7,9,4,5,inferred,,,,
digital marketing consultant services ahmedabad,c-055,Digital Marketing Consultant Ahmedabad,transactional,mid,ahmedabad,25,growth,7,9,4,5,inferred,,,,
licensed digital marketing consultant ahmedabad,c-055,Digital Marketing Consultant Ahmedabad,transactional,mid,ahmedabad,25,growth,7,9,4,5,inferred,,,,
emergency digital marketing consultant ahmedabad,c-055,Digital Marketing Consultant Ahmedabad,transactional,mid,ahmedabad,25,growth,7,9,4,5,inferred,,,,
affordable digital marketing consultant ahmedabad,c-055,Digital Marketing Consultant Ahmedabad,transactional,mid,ahmedabad,25,growth,7,9,4,5,inferred,,,,
digital marketing consultant contractor ahmedabad,c-055,Digital Marketing Consultant Ahmedabad,transactional,mid,ahmedabad,25,growth,7,9,4,5,inferred,,,,
digital marketing consultant ahmedabad cost,c-055,Digital Marketing Consultant Ahmedabad,informational_bofu,mid,ahmedabad,25,growth,7,9,4,5,inferred,,,,
digital marketing consultant prices ahmedabad,c-055,Digital Marketing Consultant Ahmedabad,informational_bofu,mid,ahmedabad,25,growth,7,9,4,5,inferred,,,,
digital marketing consultant quotes ahmedabad,c-055,Digital Marketing Consultant Ahmedabad,informational_bofu,mid,ahmedabad,25,growth,7,9,4,5,inferred,,,,
digital marketing consultant cost in ahmedabad,c-055,Digital Marketing Consultant Ahmedabad,informational_bofu,mid,ahmedabad,25,growth,7,9,4,5,inferred,,,,
digital marketing consultant ahmedabad reviews,c-055,Digital Marketing Consultant Ahmedabad,commercial,mid,ahmedabad,25,growth,7,9,4,5,inferred,,,,
24 hour digital marketing consultant ahmedabad,c-055,Digital Marketing Consultant Ahmedabad,transactional,long_tail,ahmedabad,25,growth,7,9,4,5,inferred,,,,
same day digital marketing consultant ahmedabad,c-055,Digital Marketing Consultant Ahmedabad,transactional,long_tail,ahmedabad,25,growth,7,9,4,5,inferred,,,,
top rated digital marketing consultant ahmedabad,c-055,Digital Marketing Consultant Ahmedabad,transactional,long_tail,ahmedabad,25,growth,7,9,4,5,inferred,,,,
digital marketing consultant noida,c-057,Digital Marketing Consultant Noida,transactional,mid,noida,25,growth,7,9,4,5,inferred,,,,
noida digital marketing consultant,c-057,Digital Marketing Consultant Noida,transactional,mid,noida,25,growth,7,9,4,5,inferred,,,,
digital marketing consultant in noida,c-057,Digital Marketing Consultant Noida,transactional,mid,noida,25,growth,7,9,4,5,inferred,,,,
digital marketing consultant noida up,c-057,Digital Marketing Consultant Noida,transactional,mid,noida,25,growth,7,9,4,5,inferred,,,,
digital marketing consultant near noida,c-057,Digital Marketing Consultant Noida,transactional,mid,noida,25,growth,7,9,4,5,inferred,,,,
best digital marketing consultant noida,c-057,Digital Marketing Consultant Noida,transactional,mid,noida,25,growth,7,9,4,5,inferred,,,,
cheap digital marketing consultant noida,c-057,Digital Marketing Consultant Noida,transactional,mid,noida,25,growth,7,9,4,5,inferred,,,,
digital marketing consultant company noida,c-057,Digital Marketing Consultant Noida,transactional,mid,noida,25,growth,7,9,4,5,inferred,,,,
best digital marketing consultant in noida,c-057,Digital Marketing Consultant Noida,transactional,mid,noida,25,growth,7,9,4,5,inferred,,,,
digital marketing consultant services noida,c-057,Digital Marketing Consultant Noida,transactional,mid,noida,25,growth,7,9,4,5,inferred,,,,
licensed digital marketing consultant noida,c-057,Digital Marketing Consultant Noida,transactional,mid,noida,25,growth,7,9,4,5,inferred,,,,
emergency digital marketing consultant noida,c-057,Digital Marketing Consultant Noida,transactional,mid,noida,25,growth,7,9,4,5,inferred,,,,
affordable digital marketing consultant noida,c-057,Digital Marketing Consultant Noida,transactional,mid,noida,25,growth,7,9,4,5,inferred,,,,
digital marketing consultant contractor noida,c-057,Digital Marketing Consultant Noida,transactional,mid,noida,25,growth,7,9,4,5,inferred,,,,
digital marketing consultant noida cost,c-057,Digital Marketing Consultant Noida,informational_bofu,mid,noida,25,growth,7,9,4,5,inferred,,,,
digital marketing consultant prices noida,c-057,Digital Marketing Consultant Noida,informational_bofu,mid,noida,25,growth,7,9,4,5,inferred,,,,
digital marketing consultant quotes noida,c-057,Digital Marketing Consultant Noida,informational_bofu,mid,noida,25,growth,7,9,4,5,inferred,,,,
digital marketing consultant cost in noida,c-057,Digital Marketing Consultant Noida,informational_bofu,mid,noida,25,growth,7,9,4,5,inferred,,,,
digital marketing consultant noida reviews,c-057,Digital Marketing Consultant Noida,commercial,mid,noida,25,growth,7,9,4,5,inferred,,,,
24 hour digital marketing consultant noida,c-057,Digital Marketing Consultant Noida,transactional,long_tail,noida,25,growth,7,9,4,5,inferred,,,,
same day digital marketing consultant noida,c-057,Digital Marketing Consultant Noida,transactional,long_tail,noida,25,growth,7,9,4,5,inferred,,,,
top rated digital marketing consultant noida,c-057,Digital Marketing Consultant Noida,transactional,long_tail,noida,25,growth,7,9,4,5,inferred,,,,
how much does digital marketing cost in india,c-114,Digital Marketing For Exporters India,informational_bofu,long_tail,,53,core,7,8,8,3,serp,False,True,,
digital marketing agency contract india,c-114,Digital Marketing For Exporters India,transactional,mid,,33,growth,7,8,5,3,inferred,,,,
digital marketing retainer pricing india,c-114,Digital Marketing For Exporters India,informational_bofu,mid,,30,growth,7,8,5,4,inferred,,,,
digital marketing for exporters india,c-114,Digital Marketing For Exporters India,informational,mid,,28,growth,7,8,5,5,inferred,,,,
digital marketing for manufacturers india,c-114,Digital Marketing For Exporters India,informational,mid,,28,growth,7,8,5,5,inferred,,,,
lead generation for small business india,c-118,B2B Lead Generation,transactional,mid,,54,core,9,10,5,3,inferred,,,,
b2b lead generation strategies 2026,c-118,B2B Lead Generation,informational,mid,,32,growth,4,10,8,5,serp,False,True,,
b2b lead generation,c-118,B2B Lead Generation,commercial,mid,,28,growth,6,10,5,6,inferred,,,,
b2b lead generation india,c-118,B2B Lead Generation,informational,mid,,3,parked,4,10,1,7,serp,False,True,,
social media marketing consultant near me open now,c-122,Social Media Marketing,transactional,long_tail,near me,79,core,10,10,6,2,inferred,,,,
social media marketing consultant near me,c-122,Social Media Marketing,transactional,mid,near me,54,core,9,10,5,3,inferred,,,,
social media marketing,c-122,Social Media Marketing,commercial,mid,,28,growth,6,10,5,6,inferred,,,,
abandoned cart email flow,c-141,Abandoned Cart Email Flow,informational,mid,,28,growth,7,8,5,5,inferred,,,,
facebook ad account disabled india,c-142,Facebook Ad Account Disabled India,informational,mid,,28,growth,7,8,5,5,inferred,,,,
manual action penalty fix,c-146,Manual Action Penalty Fix,informational,mid,,28,growth,7,8,5,5,inferred,,,,
what marketing metrics actually matter,c-147,What Marketing Metrics Actually Matter,informational,mid,,28,growth,7,8,5,5,inferred,,,,
google ads management,c-156,Google Ads Management,commercial,mid,,28,growth,6,10,5,6,inferred,,,,
instagram growth without ads,c-158,Instagram Growth Without Ads,informational,mid,,28,growth,7,8,5,5,inferred,,,,
ugc ads india,c-160,Ugc Ads India,informational,mid,,28,growth,7,8,5,5,inferred,,,,
meta advantage plus shopping campaigns,c-162,Meta Advantage Plus Shopping Campaigns,informational,mid,,28,growth,7,8,5,5,inferred,,,,
traffic dropped after redesign,c-163,Traffic Dropped After Redesign,informational,mid,,28,growth,7,8,5,5,inferred,,,,
ai agents for marketing,c-164,Ai Agents For Marketing,informational,mid,,28,growth,7,8,5,5,inferred,,,,
ai generated content google penalty,c-166,Ai Generated Content Google Penalty,informational,mid,,28,growth,7,8,5,5,inferred,,,,
should i use ai for my marketing,c-172,Should I Use Ai For My Marketing,informational,mid,,28,growth,7,8,5,5,inferred,,,,
ai visibility tracking tools,c-174,Ai Visibility Tracking Tools,informational,mid,,28,growth,7,8,5,5,inferred,,,,
google algorithm update recovery,c-175,Google Algorithm Update Recovery,informational,mid,,28,growth,7,8,5,5,inferred,,,,
marketing and sales alignment,c-176,Marketing And Sales Alignment,informational,mid,,28,growth,7,8,5,5,inferred,,,,
attribution problems ios,c-184,Attribution Problems Ios,informational,mid,,28,growth,7,8,5,5,inferred,,,,
case study format b2b,c-189,Case Study Format B2B,informational,mid,,28,growth,7,8,5,5,inferred,,,,
lead magnet ideas b2b,c-191,Lead Magnet Ideas B2B,informational,mid,,28,growth,7,8,5,5,inferred,,,,
blended roas vs maer,c-196,Blended Roas Vs Maer,commercial,mid,,28,growth,6,10,5,6,inferred,,,,
should i block gptbot,c-197,Should I Block Gptbot,informational,mid,,28,growth,7,8,5,5,inferred,,,,
does blogging still work 2026,c-201,Does Blogging Still Work 2026,informational,mid,,28,growth,7,8,5,5,inferred,,,,
marketing for bootstrapped startups india,c-202,Marketing For Bootstrapped Startups India,informational,mid,,28,growth,7,8,5,5,inferred,,,,
d2c brand launch checklist india,c-204,D2C Brand Launch Checklist India,informational,mid,,28,growth,7,8,5,5,inferred,,,,
brand messaging framework,c-205,Brand Messaging Framework,informational,mid,,28,growth,7,8,5,5,inferred,,,,
content brief template,c-207,Content Brief Template,informational,mid,,28,growth,7,8,5,5,inferred,,,,
whatsapp broadcast vs status,c-208,Whatsapp Broadcast Vs Status,commercial,mid,,28,growth,6,10,5,6,inferred,,,,
link building india,c-209,Link Building India,informational,mid,,28,growth,7,8,5,5,inferred,,,,
how indian businesses get international clients,c-210,How Indian Businesses Get International Clients,informational,mid,,28,growth,7,8,5,5,inferred,,,,
lead form vs whatsapp button,c-213,Lead Form Vs Whatsapp Button,commercial,mid,,28,growth,6,10,5,6,inferred,,,,
performance max campaigns explained,c-217,Performance Max Campaigns Explained,informational,mid,,28,growth,7,8,5,5,inferred,,,,
canonical tag explained,c-219,Canonical Tag Explained,informational,mid,,28,growth,7,8,5,5,inferred,,,,
site migration checklist,c-225,Site Migration Checklist,informational,mid,,28,growth,7,8,5,5,inferred,,,,
zero click searches india,c-230,Zero Click Searches India,informational,mid,,28,growth,7,8,5,5,inferred,,,,
selling to us clients from india,c-231,Selling To Us Clients From India,informational,mid,,28,growth,7,8,5,5,inferred,,,,
cold email vs linkedin outreach,c-236,Cold Email Vs Linkedin Outreach,commercial,mid,,28,growth,6,10,5,6,inferred,,,,
duplicate content issues,c-243,Duplicate Content Issues,informational,mid,,28,growth,7,8,5,5,inferred,,,,
helpful content update recovery,c-244,Helpful Content Update Recovery,informational,mid,,28,growth,7,8,5,5,inferred,,,,
how to write content that ranks,c-246,How To Write Content That Ranks,informational,mid,,28,growth,7,8,5,5,inferred,,,,
conversion rate optimisation,c-249,Conversion Rate Optimisation,commercial,mid,,28,growth,6,10,5,6,inferred,,,,
why leads are not converting to sales,c-251,Why Leads Are Not Converting To Sales,informational,mid,,28,growth,7,8,5,5,inferred,,,,
why is my website not converting,c-252,Why Is My Website Not Converting,informational,mid,,28,growth,7,8,5,5,inferred,,,,
core web vitals india,c-253,Core Web Vitals India,informational,mid,,28,growth,7,8,5,5,inferred,,,,
ideal customer profile template,c-255,Ideal Customer Profile Template,informational,mid,,28,growth,7,8,5,5,inferred,,,,
meta description length 2026,c-260,Meta Description Length 2026,informational,mid,,28,growth,7,8,5,5,inferred,,,,
mobile first design india,c-261,Mobile First Design India,informational,mid,,28,growth,7,8,5,5,inferred,,,,
digital pr india,c-265,Digital Pr India,informational,mid,,28,growth,7,8,5,5,inferred,,,,
how to sell without discounting,c-266,How To Sell Without Discounting,informational,mid,,28,growth,7,8,5,5,inferred,,,,
spf dkim dmarc setup,c-268,Spf Dkim Dmarc Setup,informational,mid,,28,growth,7,8,5,5,inferred,,,,
earning in usd from india,c-269,Earning In Usd From India,informational,mid,,28,growth,7,8,5,5,inferred,,,,
email marketing for indian ecommerce,c-270,Email Marketing For Indian Ecommerce,informational,mid,,28,growth,7,8,5,5,inferred,,,,
positioning statement examples,c-278,Positioning Statement Examples,informational,mid,,28,growth,7,8,5,5,inferred,,,,
search intent explained,c-280,Search Intent Explained,informational,mid,,28,growth,7,8,5,5,inferred,,,,
google maps ranking factors,c-282,Google Maps Ranking Factors,informational,mid,,28,growth,7,8,5,5,inferred,,,,
llms txt file,c-285,Llms Txt File,informational,mid,,28,growth,7,8,5,5,inferred,,,,
first marketing hire startup,c-288,First Marketing Hire Startup,informational,mid,,28,growth,7,8,5,5,inferred,,,,
gmail spam folder fix,c-289,Gmail Spam Folder Fix,informational,mid,,28,growth,7,8,5,5,inferred,,,,
page not indexed fix,c-290,Page Not Indexed Fix,informational,mid,,28,growth,7,8,5,5,inferred,,,,
founder led marketing,c-293,Founder Led Marketing,informational,mid,,28,growth,7,8,5,5,inferred,,,,
lead qualification framework,c-294,Lead Qualification Framework,informational,mid,,28,growth,7,8,5,5,inferred,,,,
freelance rates india vs usa,c-295,Freelance Rates India Vs Usa,commercial,mid,,28,growth,6,10,5,6,inferred,,,,
gmb ranking tips india,c-297,Gmb Ranking Tips India,informational,mid,,28,growth,7,8,5,5,inferred,,,,
google tag manager setup,c-300,Google Tag Manager Setup,informational,mid,,28,growth,7,8,5,5,inferred,,,,
how to get more google reviews,c-301,How To Get More Google Reviews,informational,mid,,28,growth,7,8,5,5,inferred,,,,
how to respond to negative google reviews,c-302,How To Respond To Negative Google Reviews,informational,mid,,28,growth,7,8,5,5,inferred,,,,
gtm strategy india,c-305,Gtm Strategy India,informational,mid,,28,growth,7,8,5,5,inferred,,,,
guest posting still works,c-306,Guest Posting Still Works,informational,mid,,28,growth,7,8,5,5,inferred,,,,
objection handling script,c-309,Objection Handling Script,informational,mid,,28,growth,7,8,5,5,inferred,,,,
instagram reels strategy india,c-314,Instagram Reels Strategy India,informational,mid,,28,growth,7,8,5,5,inferred,,,,
website loading slow on mobile india,c-316,Website Loading Slow On Mobile India,informational,mid,,28,growth,7,8,5,5,inferred,,,,
marketing budget percentage of revenue india,c-320,Marketing Budget Percentage Of Revenue India,informational,mid,,28,growth,7,8,5,5,inferred,,,,
server side tracking india,c-327,Server Side Tracking India,informational,mid,,28,growth,7,8,5,5,inferred,,,,
page speed optimisation for indian websites,c-329,Page Speed Optimisation For Indian Websites,informational,mid,,28,growth,7,8,5,5,inferred,,,,
how often should i post on instagram,c-331,How Often Should I Post On Instagram,informational,mid,,28,growth,7,8,5,5,inferred,,,,
internal linking strategy,c-332,Internal Linking Strategy,informational,mid,,28,growth,7,8,5,5,inferred,,,,
negative keywords list,c-335,Negative Keywords List,commercial,mid,,28,growth,6,10,5,6,inferred,,,,
landing page optimisation,c-339,Landing Page Optimisation,commercial,mid,,28,growth,6,10,5,6,inferred,,,,
migrating website without losing traffic,c-341,Migrating Website Without Losing Traffic,informational,mid,,28,growth,7,8,5,5,inferred,,,,
performance max wasting budget,c-346,Performance Max Wasting Budget,informational,mid,,28,growth,7,8,5,5,inferred,,,,
robots txt mistakes,c-348,Robots Txt Mistakes,informational,mid,,28,growth,7,8,5,5,inferred,,,,
sales pipeline stages,c-351,Sales Pipeline Stages,informational,mid,,28,growth,7,8,5,5,inferred,,,,
local seo services near me open now,c-112,Local Seo,transactional,long_tail,near me,79,core,10,10,6,2,inferred,,,,
seo services near me open now,c-112,Local Seo,transactional,mid,near me,60,core,10,10,5,3,inferred,,,,
local seo services near me,c-112,Local Seo,transactional,mid,near me,54,core,9,10,5,3,inferred,,,,
local seo,c-112,Local Seo,transactional,head,,27,growth,9,10,3,5,inferred,,,,
seo services near me,c-112,Local Seo,transactional,head,near me,27,growth,9,10,3,5,inferred,,,,
crm for small business india,c-254,Crm For Small Business India,transactional,mid,,27,growth,9,5,5,3,inferred,,,,
quick commerce vs d2c website,c-237,Quick Commerce Vs D2C Website,commercial,mid,,26,growth,7,8,5,6,inferred,,,,
seo consultant near me open now,c-113,Seo Consultant,transactional,mid,near me,60,core,10,10,5,3,inferred,,,,
seo consultant cost india,c-113,Seo Consultant,informational_bofu,mid,,38,growth,7,10,5,4,inferred,,,,
top seo consultants in india,c-113,Seo Consultant,commercial,mid,,28,growth,6,10,5,6,inferred,,,,
seo consultant near me,c-113,Seo Consultant,transactional,head,near me,27,growth,9,10,3,5,inferred,,,,
seo consultant,c-113,Seo Consultant,transactional,head,,24,growth,8,10,3,5,inferred,,,,
performance marketing consultant near me open now,c-117,Performance Marketing,transactional,long_tail,near me,79,core,10,10,6,2,inferred,,,,
performance marketing consultant near me,c-117,Performance Marketing,transactional,mid,near me,54,core,9,10,5,3,inferred,,,,
performance marketing,c-117,Performance Marketing,transactional,head,,24,growth,8,10,3,5,inferred,,,,
performance marketing consultant india,c-117,Performance Marketing,informational,mid,,20,growth,4,10,5,5,inferred,,,,
meta ads expert near me open now,c-119,Meta Ads,transactional,long_tail,near me,79,core,10,10,6,2,inferred,,,,
meta ads expert near me,c-119,Meta Ads,transactional,mid,near me,54,core,9,10,5,3,inferred,,,,
meta ads,c-119,Meta Ads,transactional,head,,24,growth,8,10,3,5,inferred,,,,
content marketing consultant near me open now,c-120,Content Marketing,transactional,long_tail,near me,79,core,10,10,6,2,inferred,,,,
content marketing consultant near me,c-120,Content Marketing,transactional,mid,near me,54,core,9,10,5,3,inferred,,,,
content marketing,c-120,Content Marketing,transactional,head,,24,growth,8,10,3,5,inferred,,,,
lead generation consultant near me open now,c-121,Lead Generation,transactional,long_tail,near me,79,core,10,10,6,2,inferred,,,,
lead generation consultant near me,c-121,Lead Generation,transactional,mid,near me,54,core,9,10,5,3,inferred,,,,
lead generation,c-121,Lead Generation,transactional,head,,24,growth,8,10,3,5,inferred,,,,
technical seo,c-126,Technical Seo,transactional,head,,24,growth,8,10,3,5,inferred,,,,
what is technical seo,c-126,Technical Seo,informational,mid,,20,growth,4,10,5,5,inferred,,,,
cold email deliverability,c-133,Cold Email,informational,mid,,31,growth,4,10,9,7,serp,False,True,,
cold email,c-133,Cold Email,transactional,head,,24,growth,8,10,3,5,inferred,,,,
marketing analytics,c-178,Marketing Analytics,transactional,head,,24,growth,8,10,3,5,inferred,,,,
ecommerce seo,c-271,Ecommerce Seo,transactional,head,,24,growth,8,10,3,5,inferred,,,,
keyword research,c-338,Keyword Research,transactional,head,,24,growth,8,10,3,5,inferred,,,,
linkedin marketing,c-340,Linkedin Marketing,transactional,head,,24,growth,8,10,3,5,inferred,,,,
whatsapp marketing,c-343,Whatsapp Marketing,transactional,head,,24,growth,8,10,3,5,inferred,,,,
cta button best practices,c-212,Cta Button Best Practices,commercial,mid,,22,growth,6,8,5,6,inferred,,,,
search campaigns vs pmax,c-218,Search Campaigns Vs Pmax,commercial,mid,,22,growth,6,8,5,6,inferred,,,,
generative engine optimisation,c-276,Generative Engine Optimisation,commercial,mid,,22,growth,6,8,5,6,inferred,,,,
haro alternatives india,c-310,Haro Alternatives India,commercial,mid,,22,growth,6,8,5,6,inferred,,,,
marketplace vs own website india,c-321,Marketplace Vs Own Website India,commercial,mid,,22,growth,6,8,5,6,inferred,,,,
near me searches india,c-323,Near Me Searches India,transactional,head,near me,22,growth,9,8,3,5,inferred,,,,
vanity metrics vs revenue metrics,c-347,Vanity Metrics Vs Revenue Metrics,commercial,mid,,22,growth,6,8,5,6,inferred,,,,
utm parameters best practice,c-350,Utm Parameters Best Practice,commercial,mid,,22,growth,6,8,5,6,inferred,,,,
xml sitemap best practices,c-352,Xml Sitemap Best Practices,commercial,mid,,22,growth,6,8,5,6,inferred,,,,
url structure best practices,c-353,Url Structure Best Practices,commercial,mid,,22,growth,6,8,5,6,inferred,,,,
title tag best practices,c-354,Title Tag Best Practices,commercial,mid,,22,growth,6,8,5,6,inferred,,,,
marketing audit,c-116,Marketing Audit,transactional,head,,19,growth,8,8,3,5,inferred,,,,
marketing audit checklist,c-116,Marketing Audit,informational,mid,,16,growth,4,8,5,5,inferred,,,,
free marketing audit,c-116,Marketing Audit,informational,mid,,16,growth,4,8,5,5,inferred,,,,
how to audit your digital marketing,c-116,Marketing Audit,informational,mid,,16,growth,4,8,5,5,inferred,,,,
link building,c-131,Link Building,transactional,head,,19,growth,8,8,3,5,inferred,,,,
broken link building,c-131,Link Building,informational,mid,,16,growth,4,8,5,5,inferred,,,,
d2c marketing india,c-134,D2C Marketing,informational,mid,,26,growth,4,8,8,5,serp,False,True,,
d2c marketing,c-134,D2C Marketing,transactional,head,,19,growth,8,8,3,5,inferred,,,,
sales training,c-136,Sales Training,transactional,head,,19,growth,8,8,3,5,inferred,,,,
sales training for founders,c-136,Sales Training,informational,mid,,16,growth,4,8,5,5,inferred,,,,
saas marketing,c-138,Saas Marketing,transactional,head,,19,growth,8,8,3,5,inferred,,,,
saas marketing india,c-138,Saas Marketing,informational,mid,,16,growth,4,8,5,5,inferred,,,,
startup marketing,c-140,Startup Marketing,transactional,head,,19,growth,8,8,3,5,inferred,,,,
startup marketing on a small budget,c-140,Startup Marketing,informational,mid,,16,growth,4,8,5,5,inferred,,,,
nap consistency,c-239,Nap Consistency,transactional,head,,19,growth,8,8,3,5,inferred,,,,
eeat explained,c-273,Eeat Explained,transactional,head,,19,growth,8,8,3,5,inferred,,,,
email marketing,c-274,Email Marketing,transactional,head,,19,growth,8,8,3,5,inferred,,,,
instagram marketing,c-330,Instagram Marketing,transactional,head,,19,growth,8,8,3,5,inferred,,,,
marketing training,c-342,Marketing Training,transactional,head,,19,growth,8,8,3,5,inferred,,,,
youtube marketing,c-344,Youtube Marketing,transactional,head,,19,growth,8,8,3,5,inferred,,,,
how to get cited by perplexity,c-214,How To Get Cited By Perplexity,informational,mid,,18,growth,7,5,5,5,inferred,,,,
seo services mumbai,c-003,Seo Services Mumbai,transactional,head,mumbai,1,parked,2,4,2,7,inferred,,,,
mumbai seo services,c-003,Seo Services Mumbai,transactional,head,mumbai,1,parked,2,4,2,7,inferred,,,,
seo services in mumbai,c-003,Seo Services Mumbai,transactional,head,mumbai,1,parked,2,4,2,7,inferred,,,,
seo services mumbai mh,c-003,Seo Services Mumbai,transactional,mid,mumbai,1,parked,2,4,2,7,inferred,,,,
seo services company mumbai,c-003,Seo Services Mumbai,transactional,mid,mumbai,1,parked,2,4,2,7,inferred,,,,
seo services services mumbai,c-003,Seo Services Mumbai,transactional,mid,mumbai,1,parked,2,4,2,7,inferred,,,,
seo services contractor mumbai,c-003,Seo Services Mumbai,transactional,mid,mumbai,1,parked,2,4,2,7,inferred,,,,
seo services near mumbai,c-003,Seo Services Mumbai,transactional,mid,mumbai,1,parked,2,4,2,7,inferred,,,,
best seo services mumbai,c-003,Seo Services Mumbai,transactional,mid,mumbai,1,parked,2,4,2,7,inferred,,,,
local seo services mumbai,c-003,Seo Services Mumbai,transactional,mid,mumbai,1,parked,2,4,2,7,inferred,,,,
mumbai local seo services,c-003,Seo Services Mumbai,transactional,mid,mumbai,1,parked,2,4,2,7,inferred,,,,
cheap seo services mumbai,c-003,Seo Services Mumbai,transactional,mid,mumbai,1,parked,2,4,2,7,inferred,,,,
best seo services in mumbai,c-003,Seo Services Mumbai,transactional,mid,mumbai,1,parked,2,4,2,7,inferred,,,,
24 hour seo services mumbai,c-003,Seo Services Mumbai,transactional,mid,mumbai,1,parked,2,4,2,7,inferred,,,,
local seo services in mumbai,c-003,Seo Services Mumbai,transactional,mid,mumbai,1,parked,2,4,2,7,inferred,,,,
local seo services mumbai mh,c-003,Seo Services Mumbai,transactional,mid,mumbai,1,parked,2,4,2,7,inferred,,,,
same day seo services mumbai,c-003,Seo Services Mumbai,transactional,mid,mumbai,1,parked,2,4,2,7,inferred,,,,
licensed seo services mumbai,c-003,Seo Services Mumbai,transactional,mid,mumbai,1,parked,2,4,2,7,inferred,,,,
top rated seo services mumbai,c-003,Seo Services Mumbai,transactional,mid,mumbai,1,parked,2,4,2,7,inferred,,,,
emergency seo services mumbai,c-003,Seo Services Mumbai,transactional,mid,mumbai,1,parked,2,4,2,7,inferred,,,,
local seo services near mumbai,c-003,Seo Services Mumbai,transactional,mid,mumbai,1,parked,2,4,2,7,inferred,,,,
affordable seo services mumbai,c-003,Seo Services Mumbai,transactional,mid,mumbai,1,parked,2,4,2,7,inferred,,,,
local seo services company mumbai,c-003,Seo Services Mumbai,transactional,mid,mumbai,1,parked,2,4,2,7,inferred,,,,
local seo services services mumbai,c-003,Seo Services Mumbai,transactional,mid,mumbai,1,parked,2,4,2,7,inferred,,,,
local seo services contractor mumbai,c-003,Seo Services Mumbai,transactional,mid,mumbai,1,parked,2,4,2,7,inferred,,,,
seo services mumbai cost,c-003,Seo Services Mumbai,informational_bofu,mid,mumbai,1,parked,2,4,2,7,inferred,,,,
seo services prices mumbai,c-003,Seo Services Mumbai,informational_bofu,mid,mumbai,1,parked,2,4,2,7,inferred,,,,
seo services quotes mumbai,c-003,Seo Services Mumbai,informational_bofu,mid,mumbai,1,parked,2,4,2,7,inferred,,,,
seo services cost in mumbai,c-003,Seo Services Mumbai,informational_bofu,mid,mumbai,1,parked,2,4,2,7,inferred,,,,
seo services mumbai reviews,c-003,Seo Services Mumbai,commercial,mid,mumbai,1,parked,2,4,2,7,inferred,,,,
best local seo services mumbai,c-003,Seo Services Mumbai,transactional,mid,mumbai,1,parked,2,4,2,7,inferred,,,,
cheap local seo services mumbai,c-003,Seo Services Mumbai,transactional,mid,mumbai,1,parked,2,4,2,7,inferred,,,,
best local seo services in mumbai,c-003,Seo Services Mumbai,transactional,mid,mumbai,1,parked,2,4,2,7,inferred,,,,
local seo services mumbai reviews,c-003,Seo Services Mumbai,transactional,mid,mumbai,1,parked,2,4,2,7,inferred,,,,
licensed local seo services mumbai,c-003,Seo Services Mumbai,transactional,mid,mumbai,1,parked,2,4,2,7,inferred,,,,
emergency local seo services mumbai,c-003,Seo Services Mumbai,transactional,mid,mumbai,1,parked,2,4,2,7,inferred,,,,
affordable local seo services mumbai,c-003,Seo Services Mumbai,transactional,mid,mumbai,1,parked,2,4,2,7,inferred,,,,
local seo services mumbai cost,c-003,Seo Services Mumbai,informational_bofu,mid,mumbai,1,parked,2,4,2,7,inferred,,,,
local seo services prices mumbai,c-003,Seo Services Mumbai,informational_bofu,mid,mumbai,1,parked,2,4,2,7,inferred,,,,
local seo services quotes mumbai,c-003,Seo Services Mumbai,informational_bofu,mid,mumbai,1,parked,2,4,2,7,inferred,,,,
local seo services cost in mumbai,c-003,Seo Services Mumbai,informational_bofu,mid,mumbai,1,parked,2,4,2,7,inferred,,,,
24 hour local seo services mumbai,c-003,Seo Services Mumbai,transactional,long_tail,mumbai,1,parked,2,4,2,7,inferred,,,,
same day local seo services mumbai,c-003,Seo Services Mumbai,transactional,long_tail,mumbai,1,parked,2,4,2,7,inferred,,,,
top rated local seo services mumbai,c-003,Seo Services Mumbai,transactional,long_tail,mumbai,1,parked,2,4,2,7,inferred,,,,
seo services delhi,c-004,Seo Services Delhi,transactional,head,delhi,1,parked,2,4,2,7,inferred,,,,
delhi seo services,c-004,Seo Services Delhi,transactional,head,delhi,1,parked,2,4,2,7,inferred,,,,
seo services in delhi,c-004,Seo Services Delhi,transactional,head,delhi,1,parked,2,4,2,7,inferred,,,,
seo services delhi dl,c-004,Seo Services Delhi,transactional,mid,delhi,1,parked,2,4,2,7,inferred,,,,
seo services company delhi,c-004,Seo Services Delhi,transactional,mid,delhi,1,parked,2,4,2,7,inferred,,,,
seo services services delhi,c-004,Seo Services Delhi,transactional,mid,delhi,1,parked,2,4,2,7,inferred,,,,
seo services contractor delhi,c-004,Seo Services Delhi,transactional,mid,delhi,1,parked,2,4,2,7,inferred,,,,
seo services near delhi,c-004,Seo Services Delhi,transactional,mid,delhi,1,parked,2,4,2,7,inferred,,,,
best seo services delhi,c-004,Seo Services Delhi,transactional,mid,delhi,1,parked,2,4,2,7,inferred,,,,
local seo services delhi,c-004,Seo Services Delhi,transactional,mid,delhi,1,parked,2,4,2,7,inferred,,,,
delhi local seo services,c-004,Seo Services Delhi,transactional,mid,delhi,1,parked,2,4,2,7,inferred,,,,
cheap seo services delhi,c-004,Seo Services Delhi,transactional,mid,delhi,1,parked,2,4,2,7,inferred,,,,
best seo services in delhi,c-004,Seo Services Delhi,transactional,mid,delhi,1,parked,2,4,2,7,inferred,,,,
24 hour seo services delhi,c-004,Seo Services Delhi,transactional,mid,delhi,1,parked,2,4,2,7,inferred,,,,
local seo services in delhi,c-004,Seo Services Delhi,transactional,mid,delhi,1,parked,2,4,2,7,inferred,,,,
local seo services delhi dl,c-004,Seo Services Delhi,transactional,mid,delhi,1,parked,2,4,2,7,inferred,,,,
same day seo services delhi,c-004,Seo Services Delhi,transactional,mid,delhi,1,parked,2,4,2,7,inferred,,,,
licensed seo services delhi,c-004,Seo Services Delhi,transactional,mid,delhi,1,parked,2,4,2,7,inferred,,,,
top rated seo services delhi,c-004,Seo Services Delhi,transactional,mid,delhi,1,parked,2,4,2,7,inferred,,,,
emergency seo services delhi,c-004,Seo Services Delhi,transactional,mid,delhi,1,parked,2,4,2,7,inferred,,,,
local seo services near delhi,c-004,Seo Services Delhi,transactional,mid,delhi,1,parked,2,4,2,7,inferred,,,,
affordable seo services delhi,c-004,Seo Services Delhi,transactional,mid,delhi,1,parked,2,4,2,7,inferred,,,,
local seo services company delhi,c-004,Seo Services Delhi,transactional,mid,delhi,1,parked,2,4,2,7,inferred,,,,
local seo services services delhi,c-004,Seo Services Delhi,transactional,mid,delhi,1,parked,2,4,2,7,inferred,,,,
local seo services contractor delhi,c-004,Seo Services Delhi,transactional,mid,delhi,1,parked,2,4,2,7,inferred,,,,
seo services delhi cost,c-004,Seo Services Delhi,informational_bofu,mid,delhi,1,parked,2,4,2,7,inferred,,,,
seo services prices delhi,c-004,Seo Services Delhi,informational_bofu,mid,delhi,1,parked,2,4,2,7,inferred,,,,
seo services quotes delhi,c-004,Seo Services Delhi,informational_bofu,mid,delhi,1,parked,2,4,2,7,inferred,,,,
seo services cost in delhi,c-004,Seo Services Delhi,informational_bofu,mid,delhi,1,parked,2,4,2,7,inferred,,,,
seo services delhi reviews,c-004,Seo Services Delhi,commercial,mid,delhi,1,parked,2,4,2,7,inferred,,,,
best local seo services delhi,c-004,Seo Services Delhi,transactional,mid,delhi,1,parked,2,4,2,7,inferred,,,,
cheap local seo services delhi,c-004,Seo Services Delhi,transactional,mid,delhi,1,parked,2,4,2,7,inferred,,,,
best local seo services in delhi,c-004,Seo Services Delhi,transactional,mid,delhi,1,parked,2,4,2,7,inferred,,,,
local seo services delhi reviews,c-004,Seo Services Delhi,transactional,mid,delhi,1,parked,2,4,2,7,inferred,,,,
licensed local seo services delhi,c-004,Seo Services Delhi,transactional,mid,delhi,1,parked,2,4,2,7,inferred,,,,
emergency local seo services delhi,c-004,Seo Services Delhi,transactional,mid,delhi,1,parked,2,4,2,7,inferred,,,,
affordable local seo services delhi,c-004,Seo Services Delhi,transactional,mid,delhi,1,parked,2,4,2,7,inferred,,,,
local seo services delhi cost,c-004,Seo Services Delhi,informational_bofu,mid,delhi,1,parked,2,4,2,7,inferred,,,,
local seo services prices delhi,c-004,Seo Services Delhi,informational_bofu,mid,delhi,1,parked,2,4,2,7,inferred,,,,
local seo services quotes delhi,c-004,Seo Services Delhi,informational_bofu,mid,delhi,1,parked,2,4,2,7,inferred,,,,
local seo services cost in delhi,c-004,Seo Services Delhi,informational_bofu,mid,delhi,1,parked,2,4,2,7,inferred,,,,
24 hour local seo services delhi,c-004,Seo Services Delhi,transactional,long_tail,delhi,1,parked,2,4,2,7,inferred,,,,
same day local seo services delhi,c-004,Seo Services Delhi,transactional,long_tail,delhi,1,parked,2,4,2,7,inferred,,,,
top rated local seo services delhi,c-004,Seo Services Delhi,transactional,long_tail,delhi,1,parked,2,4,2,7,inferred,,,,
seo services gurgaon,c-005,Seo Services Gurgaon,transactional,head,gurgaon,1,parked,2,4,2,7,inferred,,,,
gurgaon seo services,c-005,Seo Services Gurgaon,transactional,head,gurgaon,1,parked,2,4,2,7,inferred,,,,
seo services in gurgaon,c-005,Seo Services Gurgaon,transactional,head,gurgaon,1,parked,2,4,2,7,inferred,,,,
seo services gurgaon hr,c-005,Seo Services Gurgaon,transactional,mid,gurgaon,1,parked,2,4,2,7,inferred,,,,
seo services company gurgaon,c-005,Seo Services Gurgaon,transactional,mid,gurgaon,1,parked,2,4,2,7,inferred,,,,
seo services services gurgaon,c-005,Seo Services Gurgaon,transactional,mid,gurgaon,1,parked,2,4,2,7,inferred,,,,
seo services contractor gurgaon,c-005,Seo Services Gurgaon,transactional,mid,gurgaon,1,parked,2,4,2,7,inferred,,,,
seo services near gurgaon,c-005,Seo Services Gurgaon,transactional,mid,gurgaon,1,parked,2,4,2,7,inferred,,,,
best seo services gurgaon,c-005,Seo Services Gurgaon,transactional,mid,gurgaon,1,parked,2,4,2,7,inferred,,,,
local seo services gurgaon,c-005,Seo Services Gurgaon,transactional,mid,gurgaon,1,parked,2,4,2,7,inferred,,,,
gurgaon local seo services,c-005,Seo Services Gurgaon,transactional,mid,gurgaon,1,parked,2,4,2,7,inferred,,,,
cheap seo services gurgaon,c-005,Seo Services Gurgaon,transactional,mid,gurgaon,1,parked,2,4,2,7,inferred,,,,
best seo services in gurgaon,c-005,Seo Services Gurgaon,transactional,mid,gurgaon,1,parked,2,4,2,7,inferred,,,,
24 hour seo services gurgaon,c-005,Seo Services Gurgaon,transactional,mid,gurgaon,1,parked,2,4,2,7,inferred,,,,
local seo services in gurgaon,c-005,Seo Services Gurgaon,transactional,mid,gurgaon,1,parked,2,4,2,7,inferred,,,,
local seo services gurgaon hr,c-005,Seo Services Gurgaon,transactional,mid,gurgaon,1,parked,2,4,2,7,inferred,,,,
same day seo services gurgaon,c-005,Seo Services Gurgaon,transactional,mid,gurgaon,1,parked,2,4,2,7,inferred,,,,
licensed seo services gurgaon,c-005,Seo Services Gurgaon,transactional,mid,gurgaon,1,parked,2,4,2,7,inferred,,,,
top rated seo services gurgaon,c-005,Seo Services Gurgaon,transactional,mid,gurgaon,1,parked,2,4,2,7,inferred,,,,
emergency seo services gurgaon,c-005,Seo Services Gurgaon,transactional,mid,gurgaon,1,parked,2,4,2,7,inferred,,,,
local seo services near gurgaon,c-005,Seo Services Gurgaon,transactional,mid,gurgaon,1,parked,2,4,2,7,inferred,,,,
affordable seo services gurgaon,c-005,Seo Services Gurgaon,transactional,mid,gurgaon,1,parked,2,4,2,7,inferred,,,,
local seo services company gurgaon,c-005,Seo Services Gurgaon,transactional,mid,gurgaon,1,parked,2,4,2,7,inferred,,,,
local seo services services gurgaon,c-005,Seo Services Gurgaon,transactional,mid,gurgaon,1,parked,2,4,2,7,inferred,,,,
local seo services contractor gurgaon,c-005,Seo Services Gurgaon,transactional,mid,gurgaon,1,parked,2,4,2,7,inferred,,,,
seo services gurgaon cost,c-005,Seo Services Gurgaon,informational_bofu,mid,gurgaon,1,parked,2,4,2,7,inferred,,,,
seo services prices gurgaon,c-005,Seo Services Gurgaon,informational_bofu,mid,gurgaon,1,parked,2,4,2,7,inferred,,,,
seo services quotes gurgaon,c-005,Seo Services Gurgaon,informational_bofu,mid,gurgaon,1,parked,2,4,2,7,inferred,,,,
seo services cost in gurgaon,c-005,Seo Services Gurgaon,informational_bofu,mid,gurgaon,1,parked,2,4,2,7,inferred,,,,
seo services gurgaon reviews,c-005,Seo Services Gurgaon,commercial,mid,gurgaon,1,parked,2,4,2,7,inferred,,,,
best local seo services gurgaon,c-005,Seo Services Gurgaon,transactional,mid,gurgaon,1,parked,2,4,2,7,inferred,,,,
cheap local seo services gurgaon,c-005,Seo Services Gurgaon,transactional,mid,gurgaon,1,parked,2,4,2,7,inferred,,,,
best local seo services in gurgaon,c-005,Seo Services Gurgaon,transactional,mid,gurgaon,1,parked,2,4,2,7,inferred,,,,
local seo services gurgaon reviews,c-005,Seo Services Gurgaon,transactional,mid,gurgaon,1,parked,2,4,2,7,inferred,,,,
licensed local seo services gurgaon,c-005,Seo Services Gurgaon,transactional,mid,gurgaon,1,parked,2,4,2,7,inferred,,,,
emergency local seo services gurgaon,c-005,Seo Services Gurgaon,transactional,mid,gurgaon,1,parked,2,4,2,7,inferred,,,,
affordable local seo services gurgaon,c-005,Seo Services Gurgaon,transactional,mid,gurgaon,1,parked,2,4,2,7,inferred,,,,
local seo services gurgaon cost,c-005,Seo Services Gurgaon,informational_bofu,mid,gurgaon,1,parked,2,4,2,7,inferred,,,,
local seo services prices gurgaon,c-005,Seo Services Gurgaon,informational_bofu,mid,gurgaon,1,parked,2,4,2,7,inferred,,,,
local seo services quotes gurgaon,c-005,Seo Services Gurgaon,informational_bofu,mid,gurgaon,1,parked,2,4,2,7,inferred,,,,
local seo services cost in gurgaon,c-005,Seo Services Gurgaon,informational_bofu,mid,gurgaon,1,parked,2,4,2,7,inferred,,,,
24 hour local seo services gurgaon,c-005,Seo Services Gurgaon,transactional,long_tail,gurgaon,1,parked,2,4,2,7,inferred,,,,
same day local seo services gurgaon,c-005,Seo Services Gurgaon,transactional,long_tail,gurgaon,1,parked,2,4,2,7,inferred,,,,
top rated local seo services gurgaon,c-005,Seo Services Gurgaon,transactional,long_tail,gurgaon,1,parked,2,4,2,7,inferred,,,,
seo services noida,c-006,Seo Services Noida,transactional,head,noida,1,parked,2,4,2,7,inferred,,,,
noida seo services,c-006,Seo Services Noida,transactional,head,noida,1,parked,2,4,2,7,inferred,,,,
seo services in noida,c-006,Seo Services Noida,transactional,head,noida,1,parked,2,4,2,7,inferred,,,,
seo services noida up,c-006,Seo Services Noida,transactional,mid,noida,1,parked,2,4,2,7,inferred,,,,
seo services company noida,c-006,Seo Services Noida,transactional,mid,noida,1,parked,2,4,2,7,inferred,,,,
seo services services noida,c-006,Seo Services Noida,transactional,mid,noida,1,parked,2,4,2,7,inferred,,,,
seo services contractor noida,c-006,Seo Services Noida,transactional,mid,noida,1,parked,2,4,2,7,inferred,,,,
seo services near noida,c-006,Seo Services Noida,transactional,mid,noida,1,parked,2,4,2,7,inferred,,,,
best seo services noida,c-006,Seo Services Noida,transactional,mid,noida,1,parked,2,4,2,7,inferred,,,,
local seo services noida,c-006,Seo Services Noida,transactional,mid,noida,1,parked,2,4,2,7,inferred,,,,
noida local seo services,c-006,Seo Services Noida,transactional,mid,noida,1,parked,2,4,2,7,inferred,,,,
cheap seo services noida,c-006,Seo Services Noida,transactional,mid,noida,1,parked,2,4,2,7,inferred,,,,
best seo services in noida,c-006,Seo Services Noida,transactional,mid,noida,1,parked,2,4,2,7,inferred,,,,
24 hour seo services noida,c-006,Seo Services Noida,transactional,mid,noida,1,parked,2,4,2,7,inferred,,,,
local seo services in noida,c-006,Seo Services Noida,transactional,mid,noida,1,parked,2,4,2,7,inferred,,,,
local seo services noida up,c-006,Seo Services Noida,transactional,mid,noida,1,parked,2,4,2,7,inferred,,,,
same day seo services noida,c-006,Seo Services Noida,transactional,mid,noida,1,parked,2,4,2,7,inferred,,,,
licensed seo services noida,c-006,Seo Services Noida,transactional,mid,noida,1,parked,2,4,2,7,inferred,,,,
top rated seo services noida,c-006,Seo Services Noida,transactional,mid,noida,1,parked,2,4,2,7,inferred,,,,
emergency seo services noida,c-006,Seo Services Noida,transactional,mid,noida,1,parked,2,4,2,7,inferred,,,,
local seo services near noida,c-006,Seo Services Noida,transactional,mid,noida,1,parked,2,4,2,7,inferred,,,,
affordable seo services noida,c-006,Seo Services Noida,transactional,mid,noida,1,parked,2,4,2,7,inferred,,,,
local seo services company noida,c-006,Seo Services Noida,transactional,mid,noida,1,parked,2,4,2,7,inferred,,,,
local seo services services noida,c-006,Seo Services Noida,transactional,mid,noida,1,parked,2,4,2,7,inferred,,,,
local seo services contractor noida,c-006,Seo Services Noida,transactional,mid,noida,1,parked,2,4,2,7,inferred,,,,
seo services noida cost,c-006,Seo Services Noida,informational_bofu,mid,noida,1,parked,2,4,2,7,inferred,,,,
seo services prices noida,c-006,Seo Services Noida,informational_bofu,mid,noida,1,parked,2,4,2,7,inferred,,,,
seo services quotes noida,c-006,Seo Services Noida,informational_bofu,mid,noida,1,parked,2,4,2,7,inferred,,,,
seo services cost in noida,c-006,Seo Services Noida,informational_bofu,mid,noida,1,parked,2,4,2,7,inferred,,,,
seo services noida reviews,c-006,Seo Services Noida,commercial,mid,noida,1,parked,2,4,2,7,inferred,,,,
best local seo services noida,c-006,Seo Services Noida,transactional,mid,noida,1,parked,2,4,2,7,inferred,,,,
cheap local seo services noida,c-006,Seo Services Noida,transactional,mid,noida,1,parked,2,4,2,7,inferred,,,,
best local seo services in noida,c-006,Seo Services Noida,transactional,mid,noida,1,parked,2,4,2,7,inferred,,,,
local seo services noida reviews,c-006,Seo Services Noida,transactional,mid,noida,1,parked,2,4,2,7,inferred,,,,
licensed local seo services noida,c-006,Seo Services Noida,transactional,mid,noida,1,parked,2,4,2,7,inferred,,,,
emergency local seo services noida,c-006,Seo Services Noida,transactional,mid,noida,1,parked,2,4,2,7,inferred,,,,
affordable local seo services noida,c-006,Seo Services Noida,transactional,mid,noida,1,parked,2,4,2,7,inferred,,,,
local seo services noida cost,c-006,Seo Services Noida,informational_bofu,mid,noida,1,parked,2,4,2,7,inferred,,,,
local seo services prices noida,c-006,Seo Services Noida,informational_bofu,mid,noida,1,parked,2,4,2,7,inferred,,,,
local seo services quotes noida,c-006,Seo Services Noida,informational_bofu,mid,noida,1,parked,2,4,2,7,inferred,,,,
local seo services cost in noida,c-006,Seo Services Noida,informational_bofu,mid,noida,1,parked,2,4,2,7,inferred,,,,
24 hour local seo services noida,c-006,Seo Services Noida,transactional,long_tail,noida,1,parked,2,4,2,7,inferred,,,,
same day local seo services noida,c-006,Seo Services Noida,transactional,long_tail,noida,1,parked,2,4,2,7,inferred,,,,
top rated local seo services noida,c-006,Seo Services Noida,transactional,long_tail,noida,1,parked,2,4,2,7,inferred,,,,
seo services hyderabad,c-007,Seo Services Hyderabad,transactional,head,hyderabad,1,parked,2,4,2,7,inferred,,,,
hyderabad seo services,c-007,Seo Services Hyderabad,transactional,head,hyderabad,1,parked,2,4,2,7,inferred,,,,
seo services in hyderabad,c-007,Seo Services Hyderabad,transactional,head,hyderabad,1,parked,2,4,2,7,inferred,,,,
seo services hyderabad ts,c-007,Seo Services Hyderabad,transactional,mid,hyderabad,1,parked,2,4,2,7,inferred,,,,
seo services company hyderabad,c-007,Seo Services Hyderabad,transactional,mid,hyderabad,1,parked,2,4,2,7,inferred,,,,
seo services services hyderabad,c-007,Seo Services Hyderabad,transactional,mid,hyderabad,1,parked,2,4,2,7,inferred,,,,
seo services contractor hyderabad,c-007,Seo Services Hyderabad,transactional,mid,hyderabad,1,parked,2,4,2,7,inferred,,,,
seo services near hyderabad,c-007,Seo Services Hyderabad,transactional,mid,hyderabad,1,parked,2,4,2,7,inferred,,,,
best seo services hyderabad,c-007,Seo Services Hyderabad,transactional,mid,hyderabad,1,parked,2,4,2,7,inferred,,,,
local seo services hyderabad,c-007,Seo Services Hyderabad,transactional,mid,hyderabad,1,parked,2,4,2,7,inferred,,,,
hyderabad local seo services,c-007,Seo Services Hyderabad,transactional,mid,hyderabad,1,parked,2,4,2,7,inferred,,,,
cheap seo services hyderabad,c-007,Seo Services Hyderabad,transactional,mid,hyderabad,1,parked,2,4,2,7,inferred,,,,
best seo services in hyderabad,c-007,Seo Services Hyderabad,transactional,mid,hyderabad,1,parked,2,4,2,7,inferred,,,,
24 hour seo services hyderabad,c-007,Seo Services Hyderabad,transactional,mid,hyderabad,1,parked,2,4,2,7,inferred,,,,
local seo services in hyderabad,c-007,Seo Services Hyderabad,transactional,mid,hyderabad,1,parked,2,4,2,7,inferred,,,,
local seo services hyderabad ts,c-007,Seo Services Hyderabad,transactional,mid,hyderabad,1,parked,2,4,2,7,inferred,,,,
same day seo services hyderabad,c-007,Seo Services Hyderabad,transactional,mid,hyderabad,1,parked,2,4,2,7,inferred,,,,
licensed seo services hyderabad,c-007,Seo Services Hyderabad,transactional,mid,hyderabad,1,parked,2,4,2,7,inferred,,,,
top rated seo services hyderabad,c-007,Seo Services Hyderabad,transactional,mid,hyderabad,1,parked,2,4,2,7,inferred,,,,
emergency seo services hyderabad,c-007,Seo Services Hyderabad,transactional,mid,hyderabad,1,parked,2,4,2,7,inferred,,,,
local seo services near hyderabad,c-007,Seo Services Hyderabad,transactional,mid,hyderabad,1,parked,2,4,2,7,inferred,,,,
affordable seo services hyderabad,c-007,Seo Services Hyderabad,transactional,mid,hyderabad,1,parked,2,4,2,7,inferred,,,,
local seo services company hyderabad,c-007,Seo Services Hyderabad,transactional,mid,hyderabad,1,parked,2,4,2,7,inferred,,,,
local seo services services hyderabad,c-007,Seo Services Hyderabad,transactional,mid,hyderabad,1,parked,2,4,2,7,inferred,,,,
local seo services contractor hyderabad,c-007,Seo Services Hyderabad,transactional,mid,hyderabad,1,parked,2,4,2,7,inferred,,,,
seo services hyderabad cost,c-007,Seo Services Hyderabad,informational_bofu,mid,hyderabad,1,parked,2,4,2,7,inferred,,,,
seo services prices hyderabad,c-007,Seo Services Hyderabad,informational_bofu,mid,hyderabad,1,parked,2,4,2,7,inferred,,,,
seo services quotes hyderabad,c-007,Seo Services Hyderabad,informational_bofu,mid,hyderabad,1,parked,2,4,2,7,inferred,,,,
seo services cost in hyderabad,c-007,Seo Services Hyderabad,informational_bofu,mid,hyderabad,1,parked,2,4,2,7,inferred,,,,
seo services hyderabad reviews,c-007,Seo Services Hyderabad,commercial,mid,hyderabad,1,parked,2,4,2,7,inferred,,,,
best local seo services hyderabad,c-007,Seo Services Hyderabad,transactional,mid,hyderabad,1,parked,2,4,2,7,inferred,,,,
cheap local seo services hyderabad,c-007,Seo Services Hyderabad,transactional,mid,hyderabad,1,parked,2,4,2,7,inferred,,,,
best local seo services in hyderabad,c-007,Seo Services Hyderabad,transactional,mid,hyderabad,1,parked,2,4,2,7,inferred,,,,
local seo services hyderabad reviews,c-007,Seo Services Hyderabad,transactional,mid,hyderabad,1,parked,2,4,2,7,inferred,,,,
licensed local seo services hyderabad,c-007,Seo Services Hyderabad,transactional,mid,hyderabad,1,parked,2,4,2,7,inferred,,,,
emergency local seo services hyderabad,c-007,Seo Services Hyderabad,transactional,mid,hyderabad,1,parked,2,4,2,7,inferred,,,,
affordable local seo services hyderabad,c-007,Seo Services Hyderabad,transactional,mid,hyderabad,1,parked,2,4,2,7,inferred,,,,
local seo services hyderabad cost,c-007,Seo Services Hyderabad,informational_bofu,mid,hyderabad,1,parked,2,4,2,7,inferred,,,,
local seo services prices hyderabad,c-007,Seo Services Hyderabad,informational_bofu,mid,hyderabad,1,parked,2,4,2,7,inferred,,,,
local seo services quotes hyderabad,c-007,Seo Services Hyderabad,informational_bofu,mid,hyderabad,1,parked,2,4,2,7,inferred,,,,
local seo services cost in hyderabad,c-007,Seo Services Hyderabad,informational_bofu,mid,hyderabad,1,parked,2,4,2,7,inferred,,,,
24 hour local seo services hyderabad,c-007,Seo Services Hyderabad,transactional,long_tail,hyderabad,1,parked,2,4,2,7,inferred,,,,
same day local seo services hyderabad,c-007,Seo Services Hyderabad,transactional,long_tail,hyderabad,1,parked,2,4,2,7,inferred,,,,
top rated local seo services hyderabad,c-007,Seo Services Hyderabad,transactional,long_tail,hyderabad,1,parked,2,4,2,7,inferred,,,,
seo services chennai,c-008,Seo Services Chennai,transactional,head,chennai,1,parked,2,4,2,7,inferred,,,,
chennai seo services,c-008,Seo Services Chennai,transactional,head,chennai,1,parked,2,4,2,7,inferred,,,,
seo services in chennai,c-008,Seo Services Chennai,transactional,head,chennai,1,parked,2,4,2,7,inferred,,,,
seo services chennai tn,c-008,Seo Services Chennai,transactional,mid,chennai,1,parked,2,4,2,7,inferred,,,,
seo services company chennai,c-008,Seo Services Chennai,transactional,mid,chennai,1,parked,2,4,2,7,inferred,,,,
seo services services chennai,c-008,Seo Services Chennai,transactional,mid,chennai,1,parked,2,4,2,7,inferred,,,,
seo services contractor chennai,c-008,Seo Services Chennai,transactional,mid,chennai,1,parked,2,4,2,7,inferred,,,,
seo services near chennai,c-008,Seo Services Chennai,transactional,mid,chennai,1,parked,2,4,2,7,inferred,,,,
best seo services chennai,c-008,Seo Services Chennai,transactional,mid,chennai,1,parked,2,4,2,7,inferred,,,,
local seo services chennai,c-008,Seo Services Chennai,transactional,mid,chennai,1,parked,2,4,2,7,inferred,,,,
chennai local seo services,c-008,Seo Services Chennai,transactional,mid,chennai,1,parked,2,4,2,7,inferred,,,,
cheap seo services chennai,c-008,Seo Services Chennai,transactional,mid,chennai,1,parked,2,4,2,7,inferred,,,,
best seo services in chennai,c-008,Seo Services Chennai,transactional,mid,chennai,1,parked,2,4,2,7,inferred,,,,
24 hour seo services chennai,c-008,Seo Services Chennai,transactional,mid,chennai,1,parked,2,4,2,7,inferred,,,,
local seo services in chennai,c-008,Seo Services Chennai,transactional,mid,chennai,1,parked,2,4,2,7,inferred,,,,
local seo services chennai tn,c-008,Seo Services Chennai,transactional,mid,chennai,1,parked,2,4,2,7,inferred,,,,
same day seo services chennai,c-008,Seo Services Chennai,transactional,mid,chennai,1,parked,2,4,2,7,inferred,,,,
licensed seo services chennai,c-008,Seo Services Chennai,transactional,mid,chennai,1,parked,2,4,2,7,inferred,,,,
top rated seo services chennai,c-008,Seo Services Chennai,transactional,mid,chennai,1,parked,2,4,2,7,inferred,,,,
emergency seo services chennai,c-008,Seo Services Chennai,transactional,mid,chennai,1,parked,2,4,2,7,inferred,,,,
local seo services near chennai,c-008,Seo Services Chennai,transactional,mid,chennai,1,parked,2,4,2,7,inferred,,,,
affordable seo services chennai,c-008,Seo Services Chennai,transactional,mid,chennai,1,parked,2,4,2,7,inferred,,,,
local seo services company chennai,c-008,Seo Services Chennai,transactional,mid,chennai,1,parked,2,4,2,7,inferred,,,,
local seo services services chennai,c-008,Seo Services Chennai,transactional,mid,chennai,1,parked,2,4,2,7,inferred,,,,
local seo services contractor chennai,c-008,Seo Services Chennai,transactional,mid,chennai,1,parked,2,4,2,7,inferred,,,,
seo services chennai cost,c-008,Seo Services Chennai,informational_bofu,mid,chennai,1,parked,2,4,2,7,inferred,,,,
seo services prices chennai,c-008,Seo Services Chennai,informational_bofu,mid,chennai,1,parked,2,4,2,7,inferred,,,,
seo services quotes chennai,c-008,Seo Services Chennai,informational_bofu,mid,chennai,1,parked,2,4,2,7,inferred,,,,
seo services cost in chennai,c-008,Seo Services Chennai,informational_bofu,mid,chennai,1,parked,2,4,2,7,inferred,,,,
seo services chennai reviews,c-008,Seo Services Chennai,commercial,mid,chennai,1,parked,2,4,2,7,inferred,,,,
best local seo services chennai,c-008,Seo Services Chennai,transactional,mid,chennai,1,parked,2,4,2,7,inferred,,,,
cheap local seo services chennai,c-008,Seo Services Chennai,transactional,mid,chennai,1,parked,2,4,2,7,inferred,,,,
best local seo services in chennai,c-008,Seo Services Chennai,transactional,mid,chennai,1,parked,2,4,2,7,inferred,,,,
local seo services chennai reviews,c-008,Seo Services Chennai,transactional,mid,chennai,1,parked,2,4,2,7,inferred,,,,
licensed local seo services chennai,c-008,Seo Services Chennai,transactional,mid,chennai,1,parked,2,4,2,7,inferred,,,,
emergency local seo services chennai,c-008,Seo Services Chennai,transactional,mid,chennai,1,parked,2,4,2,7,inferred,,,,
affordable local seo services chennai,c-008,Seo Services Chennai,transactional,mid,chennai,1,parked,2,4,2,7,inferred,,,,
local seo services chennai cost,c-008,Seo Services Chennai,informational_bofu,mid,chennai,1,parked,2,4,2,7,inferred,,,,
local seo services prices chennai,c-008,Seo Services Chennai,informational_bofu,mid,chennai,1,parked,2,4,2,7,inferred,,,,
local seo services quotes chennai,c-008,Seo Services Chennai,informational_bofu,mid,chennai,1,parked,2,4,2,7,inferred,,,,
local seo services cost in chennai,c-008,Seo Services Chennai,informational_bofu,mid,chennai,1,parked,2,4,2,7,inferred,,,,
24 hour local seo services chennai,c-008,Seo Services Chennai,transactional,long_tail,chennai,1,parked,2,4,2,7,inferred,,,,
same day local seo services chennai,c-008,Seo Services Chennai,transactional,long_tail,chennai,1,parked,2,4,2,7,inferred,,,,
top rated local seo services chennai,c-008,Seo Services Chennai,transactional,long_tail,chennai,1,parked,2,4,2,7,inferred,,,,
seo services pune,c-009,Seo Services Pune,transactional,head,pune,1,parked,2,4,2,7,inferred,,,,
pune seo services,c-009,Seo Services Pune,transactional,head,pune,1,parked,2,4,2,7,inferred,,,,
seo services in pune,c-009,Seo Services Pune,transactional,head,pune,1,parked,2,4,2,7,inferred,,,,
seo services pune mh,c-009,Seo Services Pune,transactional,mid,pune,1,parked,2,4,2,7,inferred,,,,
seo services company pune,c-009,Seo Services Pune,transactional,mid,pune,1,parked,2,4,2,7,inferred,,,,
seo services services pune,c-009,Seo Services Pune,transactional,mid,pune,1,parked,2,4,2,7,inferred,,,,
seo services contractor pune,c-009,Seo Services Pune,transactional,mid,pune,1,parked,2,4,2,7,inferred,,,,
seo services near pune,c-009,Seo Services Pune,transactional,mid,pune,1,parked,2,4,2,7,inferred,,,,
best seo services pune,c-009,Seo Services Pune,transactional,mid,pune,1,parked,2,4,2,7,inferred,,,,
local seo services pune,c-009,Seo Services Pune,transactional,mid,pune,1,parked,2,4,2,7,inferred,,,,
pune local seo services,c-009,Seo Services Pune,transactional,mid,pune,1,parked,2,4,2,7,inferred,,,,
cheap seo services pune,c-009,Seo Services Pune,transactional,mid,pune,1,parked,2,4,2,7,inferred,,,,
best seo services in pune,c-009,Seo Services Pune,transactional,mid,pune,1,parked,2,4,2,7,inferred,,,,
24 hour seo services pune,c-009,Seo Services Pune,transactional,mid,pune,1,parked,2,4,2,7,inferred,,,,
local seo services in pune,c-009,Seo Services Pune,transactional,mid,pune,1,parked,2,4,2,7,inferred,,,,
local seo services pune mh,c-009,Seo Services Pune,transactional,mid,pune,1,parked,2,4,2,7,inferred,,,,
same day seo services pune,c-009,Seo Services Pune,transactional,mid,pune,1,parked,2,4,2,7,inferred,,,,
licensed seo services pune,c-009,Seo Services Pune,transactional,mid,pune,1,parked,2,4,2,7,inferred,,,,
top rated seo services pune,c-009,Seo Services Pune,transactional,mid,pune,1,parked,2,4,2,7,inferred,,,,
emergency seo services pune,c-009,Seo Services Pune,transactional,mid,pune,1,parked,2,4,2,7,inferred,,,,
local seo services near pune,c-009,Seo Services Pune,transactional,mid,pune,1,parked,2,4,2,7,inferred,,,,
affordable seo services pune,c-009,Seo Services Pune,transactional,mid,pune,1,parked,2,4,2,7,inferred,,,,
local seo services company pune,c-009,Seo Services Pune,transactional,mid,pune,1,parked,2,4,2,7,inferred,,,,
local seo services services pune,c-009,Seo Services Pune,transactional,mid,pune,1,parked,2,4,2,7,inferred,,,,
local seo services contractor pune,c-009,Seo Services Pune,transactional,mid,pune,1,parked,2,4,2,7,inferred,,,,
seo services pune cost,c-009,Seo Services Pune,informational_bofu,mid,pune,1,parked,2,4,2,7,inferred,,,,
seo services prices pune,c-009,Seo Services Pune,informational_bofu,mid,pune,1,parked,2,4,2,7,inferred,,,,
seo services quotes pune,c-009,Seo Services Pune,informational_bofu,mid,pune,1,parked,2,4,2,7,inferred,,,,
seo services cost in pune,c-009,Seo Services Pune,informational_bofu,mid,pune,1,parked,2,4,2,7,inferred,,,,
seo services pune reviews,c-009,Seo Services Pune,commercial,mid,pune,1,parked,2,4,2,7,inferred,,,,
best local seo services pune,c-009,Seo Services Pune,transactional,mid,pune,1,parked,2,4,2,7,inferred,,,,
cheap local seo services pune,c-009,Seo Services Pune,transactional,mid,pune,1,parked,2,4,2,7,inferred,,,,
best local seo services in pune,c-009,Seo Services Pune,transactional,mid,pune,1,parked,2,4,2,7,inferred,,,,
local seo services pune reviews,c-009,Seo Services Pune,transactional,mid,pune,1,parked,2,4,2,7,inferred,,,,
licensed local seo services pune,c-009,Seo Services Pune,transactional,mid,pune,1,parked,2,4,2,7,inferred,,,,
emergency local seo services pune,c-009,Seo Services Pune,transactional,mid,pune,1,parked,2,4,2,7,inferred,,,,
affordable local seo services pune,c-009,Seo Services Pune,transactional,mid,pune,1,parked,2,4,2,7,inferred,,,,
local seo services pune cost,c-009,Seo Services Pune,informational_bofu,mid,pune,1,parked,2,4,2,7,inferred,,,,
local seo services prices pune,c-009,Seo Services Pune,informational_bofu,mid,pune,1,parked,2,4,2,7,inferred,,,,
local seo services quotes pune,c-009,Seo Services Pune,informational_bofu,mid,pune,1,parked,2,4,2,7,inferred,,,,
local seo services cost in pune,c-009,Seo Services Pune,informational_bofu,mid,pune,1,parked,2,4,2,7,inferred,,,,
24 hour local seo services pune,c-009,Seo Services Pune,transactional,long_tail,pune,1,parked,2,4,2,7,inferred,,,,
same day local seo services pune,c-009,Seo Services Pune,transactional,long_tail,pune,1,parked,2,4,2,7,inferred,,,,
top rated local seo services pune,c-009,Seo Services Pune,transactional,long_tail,pune,1,parked,2,4,2,7,inferred,,,,
seo services kolkata,c-010,Seo Services Kolkata,transactional,head,kolkata,1,parked,2,4,2,7,inferred,,,,
kolkata seo services,c-010,Seo Services Kolkata,transactional,head,kolkata,1,parked,2,4,2,7,inferred,,,,
seo services in kolkata,c-010,Seo Services Kolkata,transactional,head,kolkata,1,parked,2,4,2,7,inferred,,,,
seo services kolkata wb,c-010,Seo Services Kolkata,transactional,mid,kolkata,1,parked,2,4,2,7,inferred,,,,
seo services company kolkata,c-010,Seo Services Kolkata,transactional,mid,kolkata,1,parked,2,4,2,7,inferred,,,,
seo services services kolkata,c-010,Seo Services Kolkata,transactional,mid,kolkata,1,parked,2,4,2,7,inferred,,,,
seo services contractor kolkata,c-010,Seo Services Kolkata,transactional,mid,kolkata,1,parked,2,4,2,7,inferred,,,,
seo services near kolkata,c-010,Seo Services Kolkata,transactional,mid,kolkata,1,parked,2,4,2,7,inferred,,,,
best seo services kolkata,c-010,Seo Services Kolkata,transactional,mid,kolkata,1,parked,2,4,2,7,inferred,,,,
local seo services kolkata,c-010,Seo Services Kolkata,transactional,mid,kolkata,1,parked,2,4,2,7,inferred,,,,
kolkata local seo services,c-010,Seo Services Kolkata,transactional,mid,kolkata,1,parked,2,4,2,7,inferred,,,,
cheap seo services kolkata,c-010,Seo Services Kolkata,transactional,mid,kolkata,1,parked,2,4,2,7,inferred,,,,
best seo services in kolkata,c-010,Seo Services Kolkata,transactional,mid,kolkata,1,parked,2,4,2,7,inferred,,,,
24 hour seo services kolkata,c-010,Seo Services Kolkata,transactional,mid,kolkata,1,parked,2,4,2,7,inferred,,,,
local seo services in kolkata,c-010,Seo Services Kolkata,transactional,mid,kolkata,1,parked,2,4,2,7,inferred,,,,
local seo services kolkata wb,c-010,Seo Services Kolkata,transactional,mid,kolkata,1,parked,2,4,2,7,inferred,,,,
same day seo services kolkata,c-010,Seo Services Kolkata,transactional,mid,kolkata,1,parked,2,4,2,7,inferred,,,,
licensed seo services kolkata,c-010,Seo Services Kolkata,transactional,mid,kolkata,1,parked,2,4,2,7,inferred,,,,
top rated seo services kolkata,c-010,Seo Services Kolkata,transactional,mid,kolkata,1,parked,2,4,2,7,inferred,,,,
emergency seo services kolkata,c-010,Seo Services Kolkata,transactional,mid,kolkata,1,parked,2,4,2,7,inferred,,,,
local seo services near kolkata,c-010,Seo Services Kolkata,transactional,mid,kolkata,1,parked,2,4,2,7,inferred,,,,
affordable seo services kolkata,c-010,Seo Services Kolkata,transactional,mid,kolkata,1,parked,2,4,2,7,inferred,,,,
local seo services company kolkata,c-010,Seo Services Kolkata,transactional,mid,kolkata,1,parked,2,4,2,7,inferred,,,,
local seo services services kolkata,c-010,Seo Services Kolkata,transactional,mid,kolkata,1,parked,2,4,2,7,inferred,,,,
local seo services contractor kolkata,c-010,Seo Services Kolkata,transactional,mid,kolkata,1,parked,2,4,2,7,inferred,,,,
seo services kolkata cost,c-010,Seo Services Kolkata,informational_bofu,mid,kolkata,1,parked,2,4,2,7,inferred,,,,
seo services prices kolkata,c-010,Seo Services Kolkata,informational_bofu,mid,kolkata,1,parked,2,4,2,7,inferred,,,,
seo services quotes kolkata,c-010,Seo Services Kolkata,informational_bofu,mid,kolkata,1,parked,2,4,2,7,inferred,,,,
seo services cost in kolkata,c-010,Seo Services Kolkata,informational_bofu,mid,kolkata,1,parked,2,4,2,7,inferred,,,,
seo services kolkata reviews,c-010,Seo Services Kolkata,commercial,mid,kolkata,1,parked,2,4,2,7,inferred,,,,
best local seo services kolkata,c-010,Seo Services Kolkata,transactional,mid,kolkata,1,parked,2,4,2,7,inferred,,,,
cheap local seo services kolkata,c-010,Seo Services Kolkata,transactional,mid,kolkata,1,parked,2,4,2,7,inferred,,,,
best local seo services in kolkata,c-010,Seo Services Kolkata,transactional,mid,kolkata,1,parked,2,4,2,7,inferred,,,,
local seo services kolkata reviews,c-010,Seo Services Kolkata,transactional,mid,kolkata,1,parked,2,4,2,7,inferred,,,,
licensed local seo services kolkata,c-010,Seo Services Kolkata,transactional,mid,kolkata,1,parked,2,4,2,7,inferred,,,,
emergency local seo services kolkata,c-010,Seo Services Kolkata,transactional,mid,kolkata,1,parked,2,4,2,7,inferred,,,,
affordable local seo services kolkata,c-010,Seo Services Kolkata,transactional,mid,kolkata,1,parked,2,4,2,7,inferred,,,,
local seo services kolkata cost,c-010,Seo Services Kolkata,informational_bofu,mid,kolkata,1,parked,2,4,2,7,inferred,,,,
local seo services prices kolkata,c-010,Seo Services Kolkata,informational_bofu,mid,kolkata,1,parked,2,4,2,7,inferred,,,,
local seo services quotes kolkata,c-010,Seo Services Kolkata,informational_bofu,mid,kolkata,1,parked,2,4,2,7,inferred,,,,
local seo services cost in kolkata,c-010,Seo Services Kolkata,informational_bofu,mid,kolkata,1,parked,2,4,2,7,inferred,,,,
24 hour local seo services kolkata,c-010,Seo Services Kolkata,transactional,long_tail,kolkata,1,parked,2,4,2,7,inferred,,,,
same day local seo services kolkata,c-010,Seo Services Kolkata,transactional,long_tail,kolkata,1,parked,2,4,2,7,inferred,,,,
top rated local seo services kolkata,c-010,Seo Services Kolkata,transactional,long_tail,kolkata,1,parked,2,4,2,7,inferred,,,,
seo services ahmedabad,c-011,Seo Services Ahmedabad,transactional,head,ahmedabad,1,parked,2,4,2,7,inferred,,,,
ahmedabad seo services,c-011,Seo Services Ahmedabad,transactional,head,ahmedabad,1,parked,2,4,2,7,inferred,,,,
seo services in ahmedabad,c-011,Seo Services Ahmedabad,transactional,head,ahmedabad,1,parked,2,4,2,7,inferred,,,,
seo services ahmedabad gj,c-011,Seo Services Ahmedabad,transactional,mid,ahmedabad,1,parked,2,4,2,7,inferred,,,,
seo services company ahmedabad,c-011,Seo Services Ahmedabad,transactional,mid,ahmedabad,1,parked,2,4,2,7,inferred,,,,
seo services services ahmedabad,c-011,Seo Services Ahmedabad,transactional,mid,ahmedabad,1,parked,2,4,2,7,inferred,,,,
seo services contractor ahmedabad,c-011,Seo Services Ahmedabad,transactional,mid,ahmedabad,1,parked,2,4,2,7,inferred,,,,
seo services near ahmedabad,c-011,Seo Services Ahmedabad,transactional,mid,ahmedabad,1,parked,2,4,2,7,inferred,,,,
best seo services ahmedabad,c-011,Seo Services Ahmedabad,transactional,mid,ahmedabad,1,parked,2,4,2,7,inferred,,,,
local seo services ahmedabad,c-011,Seo Services Ahmedabad,transactional,mid,ahmedabad,1,parked,2,4,2,7,inferred,,,,
ahmedabad local seo services,c-011,Seo Services Ahmedabad,transactional,mid,ahmedabad,1,parked,2,4,2,7,inferred,,,,
cheap seo services ahmedabad,c-011,Seo Services Ahmedabad,transactional,mid,ahmedabad,1,parked,2,4,2,7,inferred,,,,
best seo services in ahmedabad,c-011,Seo Services Ahmedabad,transactional,mid,ahmedabad,1,parked,2,4,2,7,inferred,,,,
24 hour seo services ahmedabad,c-011,Seo Services Ahmedabad,transactional,mid,ahmedabad,1,parked,2,4,2,7,inferred,,,,
local seo services in ahmedabad,c-011,Seo Services Ahmedabad,transactional,mid,ahmedabad,1,parked,2,4,2,7,inferred,,,,
local seo services ahmedabad gj,c-011,Seo Services Ahmedabad,transactional,mid,ahmedabad,1,parked,2,4,2,7,inferred,,,,
same day seo services ahmedabad,c-011,Seo Services Ahmedabad,transactional,mid,ahmedabad,1,parked,2,4,2,7,inferred,,,,
licensed seo services ahmedabad,c-011,Seo Services Ahmedabad,transactional,mid,ahmedabad,1,parked,2,4,2,7,inferred,,,,
top rated seo services ahmedabad,c-011,Seo Services Ahmedabad,transactional,mid,ahmedabad,1,parked,2,4,2,7,inferred,,,,
emergency seo services ahmedabad,c-011,Seo Services Ahmedabad,transactional,mid,ahmedabad,1,parked,2,4,2,7,inferred,,,,
local seo services near ahmedabad,c-011,Seo Services Ahmedabad,transactional,mid,ahmedabad,1,parked,2,4,2,7,inferred,,,,
affordable seo services ahmedabad,c-011,Seo Services Ahmedabad,transactional,mid,ahmedabad,1,parked,2,4,2,7,inferred,,,,
local seo services company ahmedabad,c-011,Seo Services Ahmedabad,transactional,mid,ahmedabad,1,parked,2,4,2,7,inferred,,,,
local seo services services ahmedabad,c-011,Seo Services Ahmedabad,transactional,mid,ahmedabad,1,parked,2,4,2,7,inferred,,,,
local seo services contractor ahmedabad,c-011,Seo Services Ahmedabad,transactional,mid,ahmedabad,1,parked,2,4,2,7,inferred,,,,
seo services ahmedabad cost,c-011,Seo Services Ahmedabad,informational_bofu,mid,ahmedabad,1,parked,2,4,2,7,inferred,,,,
seo services prices ahmedabad,c-011,Seo Services Ahmedabad,informational_bofu,mid,ahmedabad,1,parked,2,4,2,7,inferred,,,,
seo services quotes ahmedabad,c-011,Seo Services Ahmedabad,informational_bofu,mid,ahmedabad,1,parked,2,4,2,7,inferred,,,,
seo services cost in ahmedabad,c-011,Seo Services Ahmedabad,informational_bofu,mid,ahmedabad,1,parked,2,4,2,7,inferred,,,,
seo services ahmedabad reviews,c-011,Seo Services Ahmedabad,commercial,mid,ahmedabad,1,parked,2,4,2,7,inferred,,,,
best local seo services ahmedabad,c-011,Seo Services Ahmedabad,transactional,mid,ahmedabad,1,parked,2,4,2,7,inferred,,,,
cheap local seo services ahmedabad,c-011,Seo Services Ahmedabad,transactional,mid,ahmedabad,1,parked,2,4,2,7,inferred,,,,
best local seo services in ahmedabad,c-011,Seo Services Ahmedabad,transactional,mid,ahmedabad,1,parked,2,4,2,7,inferred,,,,
local seo services ahmedabad reviews,c-011,Seo Services Ahmedabad,transactional,mid,ahmedabad,1,parked,2,4,2,7,inferred,,,,
licensed local seo services ahmedabad,c-011,Seo Services Ahmedabad,transactional,mid,ahmedabad,1,parked,2,4,2,7,inferred,,,,
emergency local seo services ahmedabad,c-011,Seo Services Ahmedabad,transactional,mid,ahmedabad,1,parked,2,4,2,7,inferred,,,,
affordable local seo services ahmedabad,c-011,Seo Services Ahmedabad,transactional,mid,ahmedabad,1,parked,2,4,2,7,inferred,,,,
local seo services ahmedabad cost,c-011,Seo Services Ahmedabad,informational_bofu,mid,ahmedabad,1,parked,2,4,2,7,inferred,,,,
local seo services prices ahmedabad,c-011,Seo Services Ahmedabad,informational_bofu,mid,ahmedabad,1,parked,2,4,2,7,inferred,,,,
local seo services quotes ahmedabad,c-011,Seo Services Ahmedabad,informational_bofu,mid,ahmedabad,1,parked,2,4,2,7,inferred,,,,
local seo services cost in ahmedabad,c-011,Seo Services Ahmedabad,informational_bofu,mid,ahmedabad,1,parked,2,4,2,7,inferred,,,,
24 hour local seo services ahmedabad,c-011,Seo Services Ahmedabad,transactional,long_tail,ahmedabad,1,parked,2,4,2,7,inferred,,,,
same day local seo services ahmedabad,c-011,Seo Services Ahmedabad,transactional,long_tail,ahmedabad,1,parked,2,4,2,7,inferred,,,,
top rated local seo services ahmedabad,c-011,Seo Services Ahmedabad,transactional,long_tail,ahmedabad,1,parked,2,4,2,7,inferred,,,,
marketing consultant mumbai,c-014,Marketing Consultant Mumbai,transactional,head,mumbai,1,parked,2,4,2,7,inferred,,,,
mumbai marketing consultant,c-014,Marketing Consultant Mumbai,transactional,head,mumbai,1,parked,2,4,2,7,inferred,,,,
marketing consultant in mumbai,c-014,Marketing Consultant Mumbai,transactional,head,mumbai,1,parked,2,4,2,7,inferred,,,,
marketing consultant mumbai mh,c-014,Marketing Consultant Mumbai,transactional,mid,mumbai,1,parked,2,4,2,7,inferred,,,,
content marketing consultant mumbai,c-014,Marketing Consultant Mumbai,transactional,mid,mumbai,1,parked,2,4,2,7,inferred,,,,
mumbai content marketing consultant,c-014,Marketing Consultant Mumbai,transactional,mid,mumbai,1,parked,2,4,2,7,inferred,,,,
content marketing consultant in mumbai,c-014,Marketing Consultant Mumbai,transactional,mid,mumbai,1,parked,2,4,2,7,inferred,,,,
content marketing consultant mumbai mh,c-014,Marketing Consultant Mumbai,transactional,mid,mumbai,1,parked,2,4,2,7,inferred,,,,
marketing consultant near mumbai,c-014,Marketing Consultant Mumbai,transactional,mid,mumbai,1,parked,2,4,2,7,inferred,,,,
best marketing consultant mumbai,c-014,Marketing Consultant Mumbai,transactional,mid,mumbai,1,parked,2,4,2,7,inferred,,,,
cheap marketing consultant mumbai,c-014,Marketing Consultant Mumbai,transactional,mid,mumbai,1,parked,2,4,2,7,inferred,,,,
marketing consultant company mumbai,c-014,Marketing Consultant Mumbai,transactional,mid,mumbai,1,parked,2,4,2,7,inferred,,,,
best marketing consultant in mumbai,c-014,Marketing Consultant Mumbai,transactional,mid,mumbai,1,parked,2,4,2,7,inferred,,,,
24 hour marketing consultant mumbai,c-014,Marketing Consultant Mumbai,transactional,mid,mumbai,1,parked,2,4,2,7,inferred,,,,
marketing consultant services mumbai,c-014,Marketing Consultant Mumbai,transactional,mid,mumbai,1,parked,2,4,2,7,inferred,,,,
same day marketing consultant mumbai,c-014,Marketing Consultant Mumbai,transactional,mid,mumbai,1,parked,2,4,2,7,inferred,,,,
licensed marketing consultant mumbai,c-014,Marketing Consultant Mumbai,transactional,mid,mumbai,1,parked,2,4,2,7,inferred,,,,
top rated marketing consultant mumbai,c-014,Marketing Consultant Mumbai,transactional,mid,mumbai,1,parked,2,4,2,7,inferred,,,,
emergency marketing consultant mumbai,c-014,Marketing Consultant Mumbai,transactional,mid,mumbai,1,parked,2,4,2,7,inferred,,,,
affordable marketing consultant mumbai,c-014,Marketing Consultant Mumbai,transactional,mid,mumbai,1,parked,2,4,2,7,inferred,,,,
marketing consultant contractor mumbai,c-014,Marketing Consultant Mumbai,transactional,mid,mumbai,1,parked,2,4,2,7,inferred,,,,
content marketing consultant near mumbai,c-014,Marketing Consultant Mumbai,transactional,mid,mumbai,1,parked,2,4,2,7,inferred,,,,
best content marketing consultant mumbai,c-014,Marketing Consultant Mumbai,transactional,mid,mumbai,1,parked,2,4,2,7,inferred,,,,
cheap content marketing consultant mumbai,c-014,Marketing Consultant Mumbai,transactional,mid,mumbai,1,parked,2,4,2,7,inferred,,,,
content marketing consultant company mumbai,c-014,Marketing Consultant Mumbai,transactional,mid,mumbai,1,parked,2,4,2,7,inferred,,,,
best content marketing consultant in mumbai,c-014,Marketing Consultant Mumbai,transactional,mid,mumbai,1,parked,2,4,2,7,inferred,,,,
content marketing consultant services mumbai,c-014,Marketing Consultant Mumbai,transactional,mid,mumbai,1,parked,2,4,2,7,inferred,,,,
licensed content marketing consultant mumbai,c-014,Marketing Consultant Mumbai,transactional,mid,mumbai,1,parked,2,4,2,7,inferred,,,,
emergency content marketing consultant mumbai,c-014,Marketing Consultant Mumbai,transactional,mid,mumbai,1,parked,2,4,2,7,inferred,,,,
affordable content marketing consultant mumbai,c-014,Marketing Consultant Mumbai,transactional,mid,mumbai,1,parked,2,4,2,7,inferred,,,,
content marketing consultant contractor mumbai,c-014,Marketing Consultant Mumbai,transactional,mid,mumbai,1,parked,2,4,2,7,inferred,,,,
marketing consultant mumbai cost,c-014,Marketing Consultant Mumbai,informational_bofu,mid,mumbai,1,parked,2,4,2,7,inferred,,,,
marketing consultant prices mumbai,c-014,Marketing Consultant Mumbai,informational_bofu,mid,mumbai,1,parked,2,4,2,7,inferred,,,,
marketing consultant quotes mumbai,c-014,Marketing Consultant Mumbai,informational_bofu,mid,mumbai,1,parked,2,4,2,7,inferred,,,,
marketing consultant cost in mumbai,c-014,Marketing Consultant Mumbai,informational_bofu,mid,mumbai,1,parked,2,4,2,7,inferred,,,,
content marketing consultant mumbai cost,c-014,Marketing Consultant Mumbai,informational_bofu,mid,mumbai,1,parked,2,4,2,7,inferred,,,,
content marketing consultant prices mumbai,c-014,Marketing Consultant Mumbai,informational_bofu,mid,mumbai,1,parked,2,4,2,7,inferred,,,,
content marketing consultant quotes mumbai,c-014,Marketing Consultant Mumbai,informational_bofu,mid,mumbai,1,parked,2,4,2,7,inferred,,,,
content marketing consultant cost in mumbai,c-014,Marketing Consultant Mumbai,informational_bofu,mid,mumbai,1,parked,2,4,2,7,inferred,,,,
marketing consultant mumbai reviews,c-014,Marketing Consultant Mumbai,commercial,mid,mumbai,1,parked,2,4,2,7,inferred,,,,
content marketing consultant mumbai reviews,c-014,Marketing Consultant Mumbai,commercial,mid,mumbai,1,parked,2,4,2,7,inferred,,,,
24 hour content marketing consultant mumbai,c-014,Marketing Consultant Mumbai,transactional,long_tail,mumbai,1,parked,2,4,2,7,inferred,,,,
same day content marketing consultant mumbai,c-014,Marketing Consultant Mumbai,transactional,long_tail,mumbai,1,parked,2,4,2,7,inferred,,,,
top rated content marketing consultant mumbai,c-014,Marketing Consultant Mumbai,transactional,long_tail,mumbai,1,parked,2,4,2,7,inferred,,,,
marketing consultant delhi,c-015,Marketing Consultant Delhi,transactional,head,delhi,1,parked,2,4,2,7,inferred,,,,
delhi marketing consultant,c-015,Marketing Consultant Delhi,transactional,head,delhi,1,parked,2,4,2,7,inferred,,,,
marketing consultant in delhi,c-015,Marketing Consultant Delhi,transactional,head,delhi,1,parked,2,4,2,7,inferred,,,,
marketing consultant delhi dl,c-015,Marketing Consultant Delhi,transactional,mid,delhi,1,parked,2,4,2,7,inferred,,,,
content marketing consultant delhi,c-015,Marketing Consultant Delhi,transactional,mid,delhi,1,parked,2,4,2,7,inferred,,,,
delhi content marketing consultant,c-015,Marketing Consultant Delhi,transactional,mid,delhi,1,parked,2,4,2,7,inferred,,,,
content marketing consultant in delhi,c-015,Marketing Consultant Delhi,transactional,mid,delhi,1,parked,2,4,2,7,inferred,,,,
content marketing consultant delhi dl,c-015,Marketing Consultant Delhi,transactional,mid,delhi,1,parked,2,4,2,7,inferred,,,,
marketing consultant near delhi,c-015,Marketing Consultant Delhi,transactional,mid,delhi,1,parked,2,4,2,7,inferred,,,,
best marketing consultant delhi,c-015,Marketing Consultant Delhi,transactional,mid,delhi,1,parked,2,4,2,7,inferred,,,,
cheap marketing consultant delhi,c-015,Marketing Consultant Delhi,transactional,mid,delhi,1,parked,2,4,2,7,inferred,,,,
marketing consultant company delhi,c-015,Marketing Consultant Delhi,transactional,mid,delhi,1,parked,2,4,2,7,inferred,,,,
best marketing consultant in delhi,c-015,Marketing Consultant Delhi,transactional,mid,delhi,1,parked,2,4,2,7,inferred,,,,
24 hour marketing consultant delhi,c-015,Marketing Consultant Delhi,transactional,mid,delhi,1,parked,2,4,2,7,inferred,,,,
marketing consultant services delhi,c-015,Marketing Consultant Delhi,transactional,mid,delhi,1,parked,2,4,2,7,inferred,,,,
same day marketing consultant delhi,c-015,Marketing Consultant Delhi,transactional,mid,delhi,1,parked,2,4,2,7,inferred,,,,
licensed marketing consultant delhi,c-015,Marketing Consultant Delhi,transactional,mid,delhi,1,parked,2,4,2,7,inferred,,,,
top rated marketing consultant delhi,c-015,Marketing Consultant Delhi,transactional,mid,delhi,1,parked,2,4,2,7,inferred,,,,
emergency marketing consultant delhi,c-015,Marketing Consultant Delhi,transactional,mid,delhi,1,parked,2,4,2,7,inferred,,,,
affordable marketing consultant delhi,c-015,Marketing Consultant Delhi,transactional,mid,delhi,1,parked,2,4,2,7,inferred,,,,
marketing consultant contractor delhi,c-015,Marketing Consultant Delhi,transactional,mid,delhi,1,parked,2,4,2,7,inferred,,,,
content marketing consultant near delhi,c-015,Marketing Consultant Delhi,transactional,mid,delhi,1,parked,2,4,2,7,inferred,,,,
best content marketing consultant delhi,c-015,Marketing Consultant Delhi,transactional,mid,delhi,1,parked,2,4,2,7,inferred,,,,
cheap content marketing consultant delhi,c-015,Marketing Consultant Delhi,transactional,mid,delhi,1,parked,2,4,2,7,inferred,,,,
content marketing consultant company delhi,c-015,Marketing Consultant Delhi,transactional,mid,delhi,1,parked,2,4,2,7,inferred,,,,
best content marketing consultant in delhi,c-015,Marketing Consultant Delhi,transactional,mid,delhi,1,parked,2,4,2,7,inferred,,,,
content marketing consultant services delhi,c-015,Marketing Consultant Delhi,transactional,mid,delhi,1,parked,2,4,2,7,inferred,,,,
licensed content marketing consultant delhi,c-015,Marketing Consultant Delhi,transactional,mid,delhi,1,parked,2,4,2,7,inferred,,,,
emergency content marketing consultant delhi,c-015,Marketing Consultant Delhi,transactional,mid,delhi,1,parked,2,4,2,7,inferred,,,,
affordable content marketing consultant delhi,c-015,Marketing Consultant Delhi,transactional,mid,delhi,1,parked,2,4,2,7,inferred,,,,
content marketing consultant contractor delhi,c-015,Marketing Consultant Delhi,transactional,mid,delhi,1,parked,2,4,2,7,inferred,,,,
marketing consultant delhi cost,c-015,Marketing Consultant Delhi,informational_bofu,mid,delhi,1,parked,2,4,2,7,inferred,,,,
marketing consultant prices delhi,c-015,Marketing Consultant Delhi,informational_bofu,mid,delhi,1,parked,2,4,2,7,inferred,,,,
marketing consultant quotes delhi,c-015,Marketing Consultant Delhi,informational_bofu,mid,delhi,1,parked,2,4,2,7,inferred,,,,
marketing consultant cost in delhi,c-015,Marketing Consultant Delhi,informational_bofu,mid,delhi,1,parked,2,4,2,7,inferred,,,,
content marketing consultant delhi cost,c-015,Marketing Consultant Delhi,informational_bofu,mid,delhi,1,parked,2,4,2,7,inferred,,,,
content marketing consultant prices delhi,c-015,Marketing Consultant Delhi,informational_bofu,mid,delhi,1,parked,2,4,2,7,inferred,,,,
content marketing consultant quotes delhi,c-015,Marketing Consultant Delhi,informational_bofu,mid,delhi,1,parked,2,4,2,7,inferred,,,,
content marketing consultant cost in delhi,c-015,Marketing Consultant Delhi,informational_bofu,mid,delhi,1,parked,2,4,2,7,inferred,,,,
marketing consultant delhi reviews,c-015,Marketing Consultant Delhi,commercial,mid,delhi,1,parked,2,4,2,7,inferred,,,,
content marketing consultant delhi reviews,c-015,Marketing Consultant Delhi,commercial,mid,delhi,1,parked,2,4,2,7,inferred,,,,
24 hour content marketing consultant delhi,c-015,Marketing Consultant Delhi,transactional,long_tail,delhi,1,parked,2,4,2,7,inferred,,,,
same day content marketing consultant delhi,c-015,Marketing Consultant Delhi,transactional,long_tail,delhi,1,parked,2,4,2,7,inferred,,,,
top rated content marketing consultant delhi,c-015,Marketing Consultant Delhi,transactional,long_tail,delhi,1,parked,2,4,2,7,inferred,,,,
marketing consultant gurgaon,c-016,Marketing Consultant Gurgaon,transactional,head,gurgaon,1,parked,2,4,2,7,inferred,,,,
gurgaon marketing consultant,c-016,Marketing Consultant Gurgaon,transactional,head,gurgaon,1,parked,2,4,2,7,inferred,,,,
marketing consultant in gurgaon,c-016,Marketing Consultant Gurgaon,transactional,head,gurgaon,1,parked,2,4,2,7,inferred,,,,
marketing consultant gurgaon hr,c-016,Marketing Consultant Gurgaon,transactional,mid,gurgaon,1,parked,2,4,2,7,inferred,,,,
content marketing consultant gurgaon,c-016,Marketing Consultant Gurgaon,transactional,mid,gurgaon,1,parked,2,4,2,7,inferred,,,,
gurgaon content marketing consultant,c-016,Marketing Consultant Gurgaon,transactional,mid,gurgaon,1,parked,2,4,2,7,inferred,,,,
content marketing consultant in gurgaon,c-016,Marketing Consultant Gurgaon,transactional,mid,gurgaon,1,parked,2,4,2,7,inferred,,,,
content marketing consultant gurgaon hr,c-016,Marketing Consultant Gurgaon,transactional,mid,gurgaon,1,parked,2,4,2,7,inferred,,,,
marketing consultant near gurgaon,c-016,Marketing Consultant Gurgaon,transactional,mid,gurgaon,1,parked,2,4,2,7,inferred,,,,
best marketing consultant gurgaon,c-016,Marketing Consultant Gurgaon,transactional,mid,gurgaon,1,parked,2,4,2,7,inferred,,,,
cheap marketing consultant gurgaon,c-016,Marketing Consultant Gurgaon,transactional,mid,gurgaon,1,parked,2,4,2,7,inferred,,,,
marketing consultant company gurgaon,c-016,Marketing Consultant Gurgaon,transactional,mid,gurgaon,1,parked,2,4,2,7,inferred,,,,
best marketing consultant in gurgaon,c-016,Marketing Consultant Gurgaon,transactional,mid,gurgaon,1,parked,2,4,2,7,inferred,,,,
24 hour marketing consultant gurgaon,c-016,Marketing Consultant Gurgaon,transactional,mid,gurgaon,1,parked,2,4,2,7,inferred,,,,
marketing consultant services gurgaon,c-016,Marketing Consultant Gurgaon,transactional,mid,gurgaon,1,parked,2,4,2,7,inferred,,,,
same day marketing consultant gurgaon,c-016,Marketing Consultant Gurgaon,transactional,mid,gurgaon,1,parked,2,4,2,7,inferred,,,,
licensed marketing consultant gurgaon,c-016,Marketing Consultant Gurgaon,transactional,mid,gurgaon,1,parked,2,4,2,7,inferred,,,,
top rated marketing consultant gurgaon,c-016,Marketing Consultant Gurgaon,transactional,mid,gurgaon,1,parked,2,4,2,7,inferred,,,,
emergency marketing consultant gurgaon,c-016,Marketing Consultant Gurgaon,transactional,mid,gurgaon,1,parked,2,4,2,7,inferred,,,,
affordable marketing consultant gurgaon,c-016,Marketing Consultant Gurgaon,transactional,mid,gurgaon,1,parked,2,4,2,7,inferred,,,,
marketing consultant contractor gurgaon,c-016,Marketing Consultant Gurgaon,transactional,mid,gurgaon,1,parked,2,4,2,7,inferred,,,,
content marketing consultant near gurgaon,c-016,Marketing Consultant Gurgaon,transactional,mid,gurgaon,1,parked,2,4,2,7,inferred,,,,
best content marketing consultant gurgaon,c-016,Marketing Consultant Gurgaon,transactional,mid,gurgaon,1,parked,2,4,2,7,inferred,,,,
cheap content marketing consultant gurgaon,c-016,Marketing Consultant Gurgaon,transactional,mid,gurgaon,1,parked,2,4,2,7,inferred,,,,
content marketing consultant company gurgaon,c-016,Marketing Consultant Gurgaon,transactional,mid,gurgaon,1,parked,2,4,2,7,inferred,,,,
best content marketing consultant in gurgaon,c-016,Marketing Consultant Gurgaon,transactional,mid,gurgaon,1,parked,2,4,2,7,inferred,,,,
content marketing consultant services gurgaon,c-016,Marketing Consultant Gurgaon,transactional,mid,gurgaon,1,parked,2,4,2,7,inferred,,,,
licensed content marketing consultant gurgaon,c-016,Marketing Consultant Gurgaon,transactional,mid,gurgaon,1,parked,2,4,2,7,inferred,,,,
emergency content marketing consultant gurgaon,c-016,Marketing Consultant Gurgaon,transactional,mid,gurgaon,1,parked,2,4,2,7,inferred,,,,
affordable content marketing consultant gurgaon,c-016,Marketing Consultant Gurgaon,transactional,mid,gurgaon,1,parked,2,4,2,7,inferred,,,,
content marketing consultant contractor gurgaon,c-016,Marketing Consultant Gurgaon,transactional,mid,gurgaon,1,parked,2,4,2,7,inferred,,,,
marketing consultant gurgaon cost,c-016,Marketing Consultant Gurgaon,informational_bofu,mid,gurgaon,1,parked,2,4,2,7,inferred,,,,
marketing consultant prices gurgaon,c-016,Marketing Consultant Gurgaon,informational_bofu,mid,gurgaon,1,parked,2,4,2,7,inferred,,,,
marketing consultant quotes gurgaon,c-016,Marketing Consultant Gurgaon,informational_bofu,mid,gurgaon,1,parked,2,4,2,7,inferred,,,,
marketing consultant cost in gurgaon,c-016,Marketing Consultant Gurgaon,informational_bofu,mid,gurgaon,1,parked,2,4,2,7,inferred,,,,
content marketing consultant gurgaon cost,c-016,Marketing Consultant Gurgaon,informational_bofu,mid,gurgaon,1,parked,2,4,2,7,inferred,,,,
content marketing consultant prices gurgaon,c-016,Marketing Consultant Gurgaon,informational_bofu,mid,gurgaon,1,parked,2,4,2,7,inferred,,,,
content marketing consultant quotes gurgaon,c-016,Marketing Consultant Gurgaon,informational_bofu,mid,gurgaon,1,parked,2,4,2,7,inferred,,,,
content marketing consultant cost in gurgaon,c-016,Marketing Consultant Gurgaon,informational_bofu,mid,gurgaon,1,parked,2,4,2,7,inferred,,,,
marketing consultant gurgaon reviews,c-016,Marketing Consultant Gurgaon,commercial,mid,gurgaon,1,parked,2,4,2,7,inferred,,,,
content marketing consultant gurgaon reviews,c-016,Marketing Consultant Gurgaon,commercial,mid,gurgaon,1,parked,2,4,2,7,inferred,,,,
24 hour content marketing consultant gurgaon,c-016,Marketing Consultant Gurgaon,transactional,long_tail,gurgaon,1,parked,2,4,2,7,inferred,,,,
same day content marketing consultant gurgaon,c-016,Marketing Consultant Gurgaon,transactional,long_tail,gurgaon,1,parked,2,4,2,7,inferred,,,,
top rated content marketing consultant gurgaon,c-016,Marketing Consultant Gurgaon,transactional,long_tail,gurgaon,1,parked,2,4,2,7,inferred,,,,
marketing consultant noida,c-017,Marketing Consultant Noida,transactional,head,noida,1,parked,2,4,2,7,inferred,,,,
noida marketing consultant,c-017,Marketing Consultant Noida,transactional,head,noida,1,parked,2,4,2,7,inferred,,,,
marketing consultant in noida,c-017,Marketing Consultant Noida,transactional,head,noida,1,parked,2,4,2,7,inferred,,,,
marketing consultant noida up,c-017,Marketing Consultant Noida,transactional,mid,noida,1,parked,2,4,2,7,inferred,,,,
content marketing consultant noida,c-017,Marketing Consultant Noida,transactional,mid,noida,1,parked,2,4,2,7,inferred,,,,
noida content marketing consultant,c-017,Marketing Consultant Noida,transactional,mid,noida,1,parked,2,4,2,7,inferred,,,,
content marketing consultant in noida,c-017,Marketing Consultant Noida,transactional,mid,noida,1,parked,2,4,2,7,inferred,,,,
content marketing consultant noida up,c-017,Marketing Consultant Noida,transactional,mid,noida,1,parked,2,4,2,7,inferred,,,,
marketing consultant near noida,c-017,Marketing Consultant Noida,transactional,mid,noida,1,parked,2,4,2,7,inferred,,,,
best marketing consultant noida,c-017,Marketing Consultant Noida,transactional,mid,noida,1,parked,2,4,2,7,inferred,,,,
cheap marketing consultant noida,c-017,Marketing Consultant Noida,transactional,mid,noida,1,parked,2,4,2,7,inferred,,,,
marketing consultant company noida,c-017,Marketing Consultant Noida,transactional,mid,noida,1,parked,2,4,2,7,inferred,,,,
best marketing consultant in noida,c-017,Marketing Consultant Noida,transactional,mid,noida,1,parked,2,4,2,7,inferred,,,,
24 hour marketing consultant noida,c-017,Marketing Consultant Noida,transactional,mid,noida,1,parked,2,4,2,7,inferred,,,,
marketing consultant services noida,c-017,Marketing Consultant Noida,transactional,mid,noida,1,parked,2,4,2,7,inferred,,,,
same day marketing consultant noida,c-017,Marketing Consultant Noida,transactional,mid,noida,1,parked,2,4,2,7,inferred,,,,
licensed marketing consultant noida,c-017,Marketing Consultant Noida,transactional,mid,noida,1,parked,2,4,2,7,inferred,,,,
top rated marketing consultant noida,c-017,Marketing Consultant Noida,transactional,mid,noida,1,parked,2,4,2,7,inferred,,,,
emergency marketing consultant noida,c-017,Marketing Consultant Noida,transactional,mid,noida,1,parked,2,4,2,7,inferred,,,,
affordable marketing consultant noida,c-017,Marketing Consultant Noida,transactional,mid,noida,1,parked,2,4,2,7,inferred,,,,
marketing consultant contractor noida,c-017,Marketing Consultant Noida,transactional,mid,noida,1,parked,2,4,2,7,inferred,,,,
content marketing consultant near noida,c-017,Marketing Consultant Noida,transactional,mid,noida,1,parked,2,4,2,7,inferred,,,,
best content marketing consultant noida,c-017,Marketing Consultant Noida,transactional,mid,noida,1,parked,2,4,2,7,inferred,,,,
cheap content marketing consultant noida,c-017,Marketing Consultant Noida,transactional,mid,noida,1,parked,2,4,2,7,inferred,,,,
content marketing consultant company noida,c-017,Marketing Consultant Noida,transactional,mid,noida,1,parked,2,4,2,7,inferred,,,,
best content marketing consultant in noida,c-017,Marketing Consultant Noida,transactional,mid,noida,1,parked,2,4,2,7,inferred,,,,
content marketing consultant services noida,c-017,Marketing Consultant Noida,transactional,mid,noida,1,parked,2,4,2,7,inferred,,,,
licensed content marketing consultant noida,c-017,Marketing Consultant Noida,transactional,mid,noida,1,parked,2,4,2,7,inferred,,,,
emergency content marketing consultant noida,c-017,Marketing Consultant Noida,transactional,mid,noida,1,parked,2,4,2,7,inferred,,,,
affordable content marketing consultant noida,c-017,Marketing Consultant Noida,transactional,mid,noida,1,parked,2,4,2,7,inferred,,,,
content marketing consultant contractor noida,c-017,Marketing Consultant Noida,transactional,mid,noida,1,parked,2,4,2,7,inferred,,,,
marketing consultant noida cost,c-017,Marketing Consultant Noida,informational_bofu,mid,noida,1,parked,2,4,2,7,inferred,,,,
marketing consultant prices noida,c-017,Marketing Consultant Noida,informational_bofu,mid,noida,1,parked,2,4,2,7,inferred,,,,
marketing consultant quotes noida,c-017,Marketing Consultant Noida,informational_bofu,mid,noida,1,parked,2,4,2,7,inferred,,,,
marketing consultant cost in noida,c-017,Marketing Consultant Noida,informational_bofu,mid,noida,1,parked,2,4,2,7,inferred,,,,
content marketing consultant noida cost,c-017,Marketing Consultant Noida,informational_bofu,mid,noida,1,parked,2,4,2,7,inferred,,,,
content marketing consultant prices noida,c-017,Marketing Consultant Noida,informational_bofu,mid,noida,1,parked,2,4,2,7,inferred,,,,
content marketing consultant quotes noida,c-017,Marketing Consultant Noida,informational_bofu,mid,noida,1,parked,2,4,2,7,inferred,,,,
content marketing consultant cost in noida,c-017,Marketing Consultant Noida,informational_bofu,mid,noida,1,parked,2,4,2,7,inferred,,,,
marketing consultant noida reviews,c-017,Marketing Consultant Noida,commercial,mid,noida,1,parked,2,4,2,7,inferred,,,,
content marketing consultant noida reviews,c-017,Marketing Consultant Noida,commercial,mid,noida,1,parked,2,4,2,7,inferred,,,,
24 hour content marketing consultant noida,c-017,Marketing Consultant Noida,transactional,long_tail,noida,1,parked,2,4,2,7,inferred,,,,
same day content marketing consultant noida,c-017,Marketing Consultant Noida,transactional,long_tail,noida,1,parked,2,4,2,7,inferred,,,,
top rated content marketing consultant noida,c-017,Marketing Consultant Noida,transactional,long_tail,noida,1,parked,2,4,2,7,inferred,,,,
marketing consultant hyderabad,c-018,Marketing Consultant Hyderabad,transactional,head,hyderabad,1,parked,2,4,2,7,inferred,,,,
hyderabad marketing consultant,c-018,Marketing Consultant Hyderabad,transactional,head,hyderabad,1,parked,2,4,2,7,inferred,,,,
marketing consultant in hyderabad,c-018,Marketing Consultant Hyderabad,transactional,head,hyderabad,1,parked,2,4,2,7,inferred,,,,
marketing consultant hyderabad ts,c-018,Marketing Consultant Hyderabad,transactional,mid,hyderabad,1,parked,2,4,2,7,inferred,,,,
content marketing consultant hyderabad,c-018,Marketing Consultant Hyderabad,transactional,mid,hyderabad,1,parked,2,4,2,7,inferred,,,,
hyderabad content marketing consultant,c-018,Marketing Consultant Hyderabad,transactional,mid,hyderabad,1,parked,2,4,2,7,inferred,,,,
content marketing consultant in hyderabad,c-018,Marketing Consultant Hyderabad,transactional,mid,hyderabad,1,parked,2,4,2,7,inferred,,,,
content marketing consultant hyderabad ts,c-018,Marketing Consultant Hyderabad,transactional,mid,hyderabad,1,parked,2,4,2,7,inferred,,,,
marketing consultant near hyderabad,c-018,Marketing Consultant Hyderabad,transactional,mid,hyderabad,1,parked,2,4,2,7,inferred,,,,
best marketing consultant hyderabad,c-018,Marketing Consultant Hyderabad,transactional,mid,hyderabad,1,parked,2,4,2,7,inferred,,,,
cheap marketing consultant hyderabad,c-018,Marketing Consultant Hyderabad,transactional,mid,hyderabad,1,parked,2,4,2,7,inferred,,,,
marketing consultant company hyderabad,c-018,Marketing Consultant Hyderabad,transactional,mid,hyderabad,1,parked,2,4,2,7,inferred,,,,
best marketing consultant in hyderabad,c-018,Marketing Consultant Hyderabad,transactional,mid,hyderabad,1,parked,2,4,2,7,inferred,,,,
24 hour marketing consultant hyderabad,c-018,Marketing Consultant Hyderabad,transactional,mid,hyderabad,1,parked,2,4,2,7,inferred,,,,
marketing consultant services hyderabad,c-018,Marketing Consultant Hyderabad,transactional,mid,hyderabad,1,parked,2,4,2,7,inferred,,,,
same day marketing consultant hyderabad,c-018,Marketing Consultant Hyderabad,transactional,mid,hyderabad,1,parked,2,4,2,7,inferred,,,,
licensed marketing consultant hyderabad,c-018,Marketing Consultant Hyderabad,transactional,mid,hyderabad,1,parked,2,4,2,7,inferred,,,,
top rated marketing consultant hyderabad,c-018,Marketing Consultant Hyderabad,transactional,mid,hyderabad,1,parked,2,4,2,7,inferred,,,,
emergency marketing consultant hyderabad,c-018,Marketing Consultant Hyderabad,transactional,mid,hyderabad,1,parked,2,4,2,7,inferred,,,,
affordable marketing consultant hyderabad,c-018,Marketing Consultant Hyderabad,transactional,mid,hyderabad,1,parked,2,4,2,7,inferred,,,,
marketing consultant contractor hyderabad,c-018,Marketing Consultant Hyderabad,transactional,mid,hyderabad,1,parked,2,4,2,7,inferred,,,,
content marketing consultant near hyderabad,c-018,Marketing Consultant Hyderabad,transactional,mid,hyderabad,1,parked,2,4,2,7,inferred,,,,
best content marketing consultant hyderabad,c-018,Marketing Consultant Hyderabad,transactional,mid,hyderabad,1,parked,2,4,2,7,inferred,,,,
cheap content marketing consultant hyderabad,c-018,Marketing Consultant Hyderabad,transactional,mid,hyderabad,1,parked,2,4,2,7,inferred,,,,
content marketing consultant company hyderabad,c-018,Marketing Consultant Hyderabad,transactional,mid,hyderabad,1,parked,2,4,2,7,inferred,,,,
best content marketing consultant in hyderabad,c-018,Marketing Consultant Hyderabad,transactional,mid,hyderabad,1,parked,2,4,2,7,inferred,,,,
content marketing consultant services hyderabad,c-018,Marketing Consultant Hyderabad,transactional,mid,hyderabad,1,parked,2,4,2,7,inferred,,,,
licensed content marketing consultant hyderabad,c-018,Marketing Consultant Hyderabad,transactional,mid,hyderabad,1,parked,2,4,2,7,inferred,,,,
emergency content marketing consultant hyderabad,c-018,Marketing Consultant Hyderabad,transactional,mid,hyderabad,1,parked,2,4,2,7,inferred,,,,
affordable content marketing consultant hyderabad,c-018,Marketing Consultant Hyderabad,transactional,mid,hyderabad,1,parked,2,4,2,7,inferred,,,,
content marketing consultant contractor hyderabad,c-018,Marketing Consultant Hyderabad,transactional,mid,hyderabad,1,parked,2,4,2,7,inferred,,,,
marketing consultant hyderabad cost,c-018,Marketing Consultant Hyderabad,informational_bofu,mid,hyderabad,1,parked,2,4,2,7,inferred,,,,
marketing consultant prices hyderabad,c-018,Marketing Consultant Hyderabad,informational_bofu,mid,hyderabad,1,parked,2,4,2,7,inferred,,,,
marketing consultant quotes hyderabad,c-018,Marketing Consultant Hyderabad,informational_bofu,mid,hyderabad,1,parked,2,4,2,7,inferred,,,,
marketing consultant cost in hyderabad,c-018,Marketing Consultant Hyderabad,informational_bofu,mid,hyderabad,1,parked,2,4,2,7,inferred,,,,
content marketing consultant hyderabad cost,c-018,Marketing Consultant Hyderabad,informational_bofu,mid,hyderabad,1,parked,2,4,2,7,inferred,,,,
content marketing consultant prices hyderabad,c-018,Marketing Consultant Hyderabad,informational_bofu,mid,hyderabad,1,parked,2,4,2,7,inferred,,,,
content marketing consultant quotes hyderabad,c-018,Marketing Consultant Hyderabad,informational_bofu,mid,hyderabad,1,parked,2,4,2,7,inferred,,,,
content marketing consultant cost in hyderabad,c-018,Marketing Consultant Hyderabad,informational_bofu,mid,hyderabad,1,parked,2,4,2,7,inferred,,,,
marketing consultant hyderabad reviews,c-018,Marketing Consultant Hyderabad,commercial,mid,hyderabad,1,parked,2,4,2,7,inferred,,,,
content marketing consultant hyderabad reviews,c-018,Marketing Consultant Hyderabad,commercial,mid,hyderabad,1,parked,2,4,2,7,inferred,,,,
24 hour content marketing consultant hyderabad,c-018,Marketing Consultant Hyderabad,transactional,long_tail,hyderabad,1,parked,2,4,2,7,inferred,,,,
same day content marketing consultant hyderabad,c-018,Marketing Consultant Hyderabad,transactional,long_tail,hyderabad,1,parked,2,4,2,7,inferred,,,,
top rated content marketing consultant hyderabad,c-018,Marketing Consultant Hyderabad,transactional,long_tail,hyderabad,1,parked,2,4,2,7,inferred,,,,
marketing consultant chennai,c-019,Marketing Consultant Chennai,transactional,head,chennai,1,parked,2,4,2,7,inferred,,,,
chennai marketing consultant,c-019,Marketing Consultant Chennai,transactional,head,chennai,1,parked,2,4,2,7,inferred,,,,
marketing consultant in chennai,c-019,Marketing Consultant Chennai,transactional,head,chennai,1,parked,2,4,2,7,inferred,,,,
marketing consultant chennai tn,c-019,Marketing Consultant Chennai,transactional,mid,chennai,1,parked,2,4,2,7,inferred,,,,
content marketing consultant chennai,c-019,Marketing Consultant Chennai,transactional,mid,chennai,1,parked,2,4,2,7,inferred,,,,
chennai content marketing consultant,c-019,Marketing Consultant Chennai,transactional,mid,chennai,1,parked,2,4,2,7,inferred,,,,
content marketing consultant in chennai,c-019,Marketing Consultant Chennai,transactional,mid,chennai,1,parked,2,4,2,7,inferred,,,,
content marketing consultant chennai tn,c-019,Marketing Consultant Chennai,transactional,mid,chennai,1,parked,2,4,2,7,inferred,,,,
marketing consultant near chennai,c-019,Marketing Consultant Chennai,transactional,mid,chennai,1,parked,2,4,2,7,inferred,,,,
best marketing consultant chennai,c-019,Marketing Consultant Chennai,transactional,mid,chennai,1,parked,2,4,2,7,inferred,,,,
cheap marketing consultant chennai,c-019,Marketing Consultant Chennai,transactional,mid,chennai,1,parked,2,4,2,7,inferred,,,,
marketing consultant company chennai,c-019,Marketing Consultant Chennai,transactional,mid,chennai,1,parked,2,4,2,7,inferred,,,,
best marketing consultant in chennai,c-019,Marketing Consultant Chennai,transactional,mid,chennai,1,parked,2,4,2,7,inferred,,,,
24 hour marketing consultant chennai,c-019,Marketing Consultant Chennai,transactional,mid,chennai,1,parked,2,4,2,7,inferred,,,,
marketing consultant services chennai,c-019,Marketing Consultant Chennai,transactional,mid,chennai,1,parked,2,4,2,7,inferred,,,,
same day marketing consultant chennai,c-019,Marketing Consultant Chennai,transactional,mid,chennai,1,parked,2,4,2,7,inferred,,,,
licensed marketing consultant chennai,c-019,Marketing Consultant Chennai,transactional,mid,chennai,1,parked,2,4,2,7,inferred,,,,
top rated marketing consultant chennai,c-019,Marketing Consultant Chennai,transactional,mid,chennai,1,parked,2,4,2,7,inferred,,,,
emergency marketing consultant chennai,c-019,Marketing Consultant Chennai,transactional,mid,chennai,1,parked,2,4,2,7,inferred,,,,
affordable marketing consultant chennai,c-019,Marketing Consultant Chennai,transactional,mid,chennai,1,parked,2,4,2,7,inferred,,,,
marketing consultant contractor chennai,c-019,Marketing Consultant Chennai,transactional,mid,chennai,1,parked,2,4,2,7,inferred,,,,
content marketing consultant near chennai,c-019,Marketing Consultant Chennai,transactional,mid,chennai,1,parked,2,4,2,7,inferred,,,,
best content marketing consultant chennai,c-019,Marketing Consultant Chennai,transactional,mid,chennai,1,parked,2,4,2,7,inferred,,,,
cheap content marketing consultant chennai,c-019,Marketing Consultant Chennai,transactional,mid,chennai,1,parked,2,4,2,7,inferred,,,,
content marketing consultant company chennai,c-019,Marketing Consultant Chennai,transactional,mid,chennai,1,parked,2,4,2,7,inferred,,,,
best content marketing consultant in chennai,c-019,Marketing Consultant Chennai,transactional,mid,chennai,1,parked,2,4,2,7,inferred,,,,
content marketing consultant services chennai,c-019,Marketing Consultant Chennai,transactional,mid,chennai,1,parked,2,4,2,7,inferred,,,,
licensed content marketing consultant chennai,c-019,Marketing Consultant Chennai,transactional,mid,chennai,1,parked,2,4,2,7,inferred,,,,
emergency content marketing consultant chennai,c-019,Marketing Consultant Chennai,transactional,mid,chennai,1,parked,2,4,2,7,inferred,,,,
affordable content marketing consultant chennai,c-019,Marketing Consultant Chennai,transactional,mid,chennai,1,parked,2,4,2,7,inferred,,,,
content marketing consultant contractor chennai,c-019,Marketing Consultant Chennai,transactional,mid,chennai,1,parked,2,4,2,7,inferred,,,,
marketing consultant chennai cost,c-019,Marketing Consultant Chennai,informational_bofu,mid,chennai,1,parked,2,4,2,7,inferred,,,,
marketing consultant prices chennai,c-019,Marketing Consultant Chennai,informational_bofu,mid,chennai,1,parked,2,4,2,7,inferred,,,,
marketing consultant quotes chennai,c-019,Marketing Consultant Chennai,informational_bofu,mid,chennai,1,parked,2,4,2,7,inferred,,,,
marketing consultant cost in chennai,c-019,Marketing Consultant Chennai,informational_bofu,mid,chennai,1,parked,2,4,2,7,inferred,,,,
content marketing consultant chennai cost,c-019,Marketing Consultant Chennai,informational_bofu,mid,chennai,1,parked,2,4,2,7,inferred,,,,
content marketing consultant prices chennai,c-019,Marketing Consultant Chennai,informational_bofu,mid,chennai,1,parked,2,4,2,7,inferred,,,,
content marketing consultant quotes chennai,c-019,Marketing Consultant Chennai,informational_bofu,mid,chennai,1,parked,2,4,2,7,inferred,,,,
content marketing consultant cost in chennai,c-019,Marketing Consultant Chennai,informational_bofu,mid,chennai,1,parked,2,4,2,7,inferred,,,,
marketing consultant chennai reviews,c-019,Marketing Consultant Chennai,commercial,mid,chennai,1,parked,2,4,2,7,inferred,,,,
content marketing consultant chennai reviews,c-019,Marketing Consultant Chennai,commercial,mid,chennai,1,parked,2,4,2,7,inferred,,,,
24 hour content marketing consultant chennai,c-019,Marketing Consultant Chennai,transactional,long_tail,chennai,1,parked,2,4,2,7,inferred,,,,
same day content marketing consultant chennai,c-019,Marketing Consultant Chennai,transactional,long_tail,chennai,1,parked,2,4,2,7,inferred,,,,
top rated content marketing consultant chennai,c-019,Marketing Consultant Chennai,transactional,long_tail,chennai,1,parked,2,4,2,7,inferred,,,,
marketing consultant pune,c-020,Marketing Consultant Pune,transactional,head,pune,1,parked,2,4,2,7,inferred,,,,
pune marketing consultant,c-020,Marketing Consultant Pune,transactional,head,pune,1,parked,2,4,2,7,inferred,,,,
marketing consultant in pune,c-020,Marketing Consultant Pune,transactional,head,pune,1,parked,2,4,2,7,inferred,,,,
marketing consultant pune mh,c-020,Marketing Consultant Pune,transactional,mid,pune,1,parked,2,4,2,7,inferred,,,,
content marketing consultant pune,c-020,Marketing Consultant Pune,transactional,mid,pune,1,parked,2,4,2,7,inferred,,,,
pune content marketing consultant,c-020,Marketing Consultant Pune,transactional,mid,pune,1,parked,2,4,2,7,inferred,,,,
content marketing consultant in pune,c-020,Marketing Consultant Pune,transactional,mid,pune,1,parked,2,4,2,7,inferred,,,,
content marketing consultant pune mh,c-020,Marketing Consultant Pune,transactional,mid,pune,1,parked,2,4,2,7,inferred,,,,
marketing consultant near pune,c-020,Marketing Consultant Pune,transactional,mid,pune,1,parked,2,4,2,7,inferred,,,,
best marketing consultant pune,c-020,Marketing Consultant Pune,transactional,mid,pune,1,parked,2,4,2,7,inferred,,,,
cheap marketing consultant pune,c-020,Marketing Consultant Pune,transactional,mid,pune,1,parked,2,4,2,7,inferred,,,,
marketing consultant company pune,c-020,Marketing Consultant Pune,transactional,mid,pune,1,parked,2,4,2,7,inferred,,,,
best marketing consultant in pune,c-020,Marketing Consultant Pune,transactional,mid,pune,1,parked,2,4,2,7,inferred,,,,
24 hour marketing consultant pune,c-020,Marketing Consultant Pune,transactional,mid,pune,1,parked,2,4,2,7,inferred,,,,
marketing consultant services pune,c-020,Marketing Consultant Pune,transactional,mid,pune,1,parked,2,4,2,7,inferred,,,,
same day marketing consultant pune,c-020,Marketing Consultant Pune,transactional,mid,pune,1,parked,2,4,2,7,inferred,,,,
licensed marketing consultant pune,c-020,Marketing Consultant Pune,transactional,mid,pune,1,parked,2,4,2,7,inferred,,,,
top rated marketing consultant pune,c-020,Marketing Consultant Pune,transactional,mid,pune,1,parked,2,4,2,7,inferred,,,,
emergency marketing consultant pune,c-020,Marketing Consultant Pune,transactional,mid,pune,1,parked,2,4,2,7,inferred,,,,
affordable marketing consultant pune,c-020,Marketing Consultant Pune,transactional,mid,pune,1,parked,2,4,2,7,inferred,,,,
marketing consultant contractor pune,c-020,Marketing Consultant Pune,transactional,mid,pune,1,parked,2,4,2,7,inferred,,,,
content marketing consultant near pune,c-020,Marketing Consultant Pune,transactional,mid,pune,1,parked,2,4,2,7,inferred,,,,
best content marketing consultant pune,c-020,Marketing Consultant Pune,transactional,mid,pune,1,parked,2,4,2,7,inferred,,,,
cheap content marketing consultant pune,c-020,Marketing Consultant Pune,transactional,mid,pune,1,parked,2,4,2,7,inferred,,,,
content marketing consultant company pune,c-020,Marketing Consultant Pune,transactional,mid,pune,1,parked,2,4,2,7,inferred,,,,
best content marketing consultant in pune,c-020,Marketing Consultant Pune,transactional,mid,pune,1,parked,2,4,2,7,inferred,,,,
content marketing consultant services pune,c-020,Marketing Consultant Pune,transactional,mid,pune,1,parked,2,4,2,7,inferred,,,,
licensed content marketing consultant pune,c-020,Marketing Consultant Pune,transactional,mid,pune,1,parked,2,4,2,7,inferred,,,,
emergency content marketing consultant pune,c-020,Marketing Consultant Pune,transactional,mid,pune,1,parked,2,4,2,7,inferred,,,,
affordable content marketing consultant pune,c-020,Marketing Consultant Pune,transactional,mid,pune,1,parked,2,4,2,7,inferred,,,,
content marketing consultant contractor pune,c-020,Marketing Consultant Pune,transactional,mid,pune,1,parked,2,4,2,7,inferred,,,,
marketing consultant pune cost,c-020,Marketing Consultant Pune,informational_bofu,mid,pune,1,parked,2,4,2,7,inferred,,,,
marketing consultant prices pune,c-020,Marketing Consultant Pune,informational_bofu,mid,pune,1,parked,2,4,2,7,inferred,,,,
marketing consultant quotes pune,c-020,Marketing Consultant Pune,informational_bofu,mid,pune,1,parked,2,4,2,7,inferred,,,,
marketing consultant cost in pune,c-020,Marketing Consultant Pune,informational_bofu,mid,pune,1,parked,2,4,2,7,inferred,,,,
content marketing consultant pune cost,c-020,Marketing Consultant Pune,informational_bofu,mid,pune,1,parked,2,4,2,7,inferred,,,,
content marketing consultant prices pune,c-020,Marketing Consultant Pune,informational_bofu,mid,pune,1,parked,2,4,2,7,inferred,,,,
content marketing consultant quotes pune,c-020,Marketing Consultant Pune,informational_bofu,mid,pune,1,parked,2,4,2,7,inferred,,,,
content marketing consultant cost in pune,c-020,Marketing Consultant Pune,informational_bofu,mid,pune,1,parked,2,4,2,7,inferred,,,,
marketing consultant pune reviews,c-020,Marketing Consultant Pune,commercial,mid,pune,1,parked,2,4,2,7,inferred,,,,
content marketing consultant pune reviews,c-020,Marketing Consultant Pune,commercial,mid,pune,1,parked,2,4,2,7,inferred,,,,
24 hour content marketing consultant pune,c-020,Marketing Consultant Pune,transactional,long_tail,pune,1,parked,2,4,2,7,inferred,,,,
same day content marketing consultant pune,c-020,Marketing Consultant Pune,transactional,long_tail,pune,1,parked,2,4,2,7,inferred,,,,
top rated content marketing consultant pune,c-020,Marketing Consultant Pune,transactional,long_tail,pune,1,parked,2,4,2,7,inferred,,,,
marketing consultant kolkata,c-021,Marketing Consultant Kolkata,transactional,head,kolkata,1,parked,2,4,2,7,inferred,,,,
kolkata marketing consultant,c-021,Marketing Consultant Kolkata,transactional,head,kolkata,1,parked,2,4,2,7,inferred,,,,
marketing consultant in kolkata,c-021,Marketing Consultant Kolkata,transactional,head,kolkata,1,parked,2,4,2,7,inferred,,,,
marketing consultant kolkata wb,c-021,Marketing Consultant Kolkata,transactional,mid,kolkata,1,parked,2,4,2,7,inferred,,,,
content marketing consultant kolkata,c-021,Marketing Consultant Kolkata,transactional,mid,kolkata,1,parked,2,4,2,7,inferred,,,,
kolkata content marketing consultant,c-021,Marketing Consultant Kolkata,transactional,mid,kolkata,1,parked,2,4,2,7,inferred,,,,
content marketing consultant in kolkata,c-021,Marketing Consultant Kolkata,transactional,mid,kolkata,1,parked,2,4,2,7,inferred,,,,
content marketing consultant kolkata wb,c-021,Marketing Consultant Kolkata,transactional,mid,kolkata,1,parked,2,4,2,7,inferred,,,,
marketing consultant near kolkata,c-021,Marketing Consultant Kolkata,transactional,mid,kolkata,1,parked,2,4,2,7,inferred,,,,
best marketing consultant kolkata,c-021,Marketing Consultant Kolkata,transactional,mid,kolkata,1,parked,2,4,2,7,inferred,,,,
cheap marketing consultant kolkata,c-021,Marketing Consultant Kolkata,transactional,mid,kolkata,1,parked,2,4,2,7,inferred,,,,
marketing consultant company kolkata,c-021,Marketing Consultant Kolkata,transactional,mid,kolkata,1,parked,2,4,2,7,inferred,,,,
best marketing consultant in kolkata,c-021,Marketing Consultant Kolkata,transactional,mid,kolkata,1,parked,2,4,2,7,inferred,,,,
24 hour marketing consultant kolkata,c-021,Marketing Consultant Kolkata,transactional,mid,kolkata,1,parked,2,4,2,7,inferred,,,,
marketing consultant services kolkata,c-021,Marketing Consultant Kolkata,transactional,mid,kolkata,1,parked,2,4,2,7,inferred,,,,
same day marketing consultant kolkata,c-021,Marketing Consultant Kolkata,transactional,mid,kolkata,1,parked,2,4,2,7,inferred,,,,
licensed marketing consultant kolkata,c-021,Marketing Consultant Kolkata,transactional,mid,kolkata,1,parked,2,4,2,7,inferred,,,,
top rated marketing consultant kolkata,c-021,Marketing Consultant Kolkata,transactional,mid,kolkata,1,parked,2,4,2,7,inferred,,,,
emergency marketing consultant kolkata,c-021,Marketing Consultant Kolkata,transactional,mid,kolkata,1,parked,2,4,2,7,inferred,,,,
affordable marketing consultant kolkata,c-021,Marketing Consultant Kolkata,transactional,mid,kolkata,1,parked,2,4,2,7,inferred,,,,
marketing consultant contractor kolkata,c-021,Marketing Consultant Kolkata,transactional,mid,kolkata,1,parked,2,4,2,7,inferred,,,,
content marketing consultant near kolkata,c-021,Marketing Consultant Kolkata,transactional,mid,kolkata,1,parked,2,4,2,7,inferred,,,,
best content marketing consultant kolkata,c-021,Marketing Consultant Kolkata,transactional,mid,kolkata,1,parked,2,4,2,7,inferred,,,,
cheap content marketing consultant kolkata,c-021,Marketing Consultant Kolkata,transactional,mid,kolkata,1,parked,2,4,2,7,inferred,,,,
content marketing consultant company kolkata,c-021,Marketing Consultant Kolkata,transactional,mid,kolkata,1,parked,2,4,2,7,inferred,,,,
best content marketing consultant in kolkata,c-021,Marketing Consultant Kolkata,transactional,mid,kolkata,1,parked,2,4,2,7,inferred,,,,
content marketing consultant services kolkata,c-021,Marketing Consultant Kolkata,transactional,mid,kolkata,1,parked,2,4,2,7,inferred,,,,
licensed content marketing consultant kolkata,c-021,Marketing Consultant Kolkata,transactional,mid,kolkata,1,parked,2,4,2,7,inferred,,,,
emergency content marketing consultant kolkata,c-021,Marketing Consultant Kolkata,transactional,mid,kolkata,1,parked,2,4,2,7,inferred,,,,
affordable content marketing consultant kolkata,c-021,Marketing Consultant Kolkata,transactional,mid,kolkata,1,parked,2,4,2,7,inferred,,,,
content marketing consultant contractor kolkata,c-021,Marketing Consultant Kolkata,transactional,mid,kolkata,1,parked,2,4,2,7,inferred,,,,
marketing consultant kolkata cost,c-021,Marketing Consultant Kolkata,informational_bofu,mid,kolkata,1,parked,2,4,2,7,inferred,,,,
marketing consultant prices kolkata,c-021,Marketing Consultant Kolkata,informational_bofu,mid,kolkata,1,parked,2,4,2,7,inferred,,,,
marketing consultant quotes kolkata,c-021,Marketing Consultant Kolkata,informational_bofu,mid,kolkata,1,parked,2,4,2,7,inferred,,,,
marketing consultant cost in kolkata,c-021,Marketing Consultant Kolkata,informational_bofu,mid,kolkata,1,parked,2,4,2,7,inferred,,,,
content marketing consultant kolkata cost,c-021,Marketing Consultant Kolkata,informational_bofu,mid,kolkata,1,parked,2,4,2,7,inferred,,,,
content marketing consultant prices kolkata,c-021,Marketing Consultant Kolkata,informational_bofu,mid,kolkata,1,parked,2,4,2,7,inferred,,,,
content marketing consultant quotes kolkata,c-021,Marketing Consultant Kolkata,informational_bofu,mid,kolkata,1,parked,2,4,2,7,inferred,,,,
content marketing consultant cost in kolkata,c-021,Marketing Consultant Kolkata,informational_bofu,mid,kolkata,1,parked,2,4,2,7,inferred,,,,
marketing consultant kolkata reviews,c-021,Marketing Consultant Kolkata,commercial,mid,kolkata,1,parked,2,4,2,7,inferred,,,,
content marketing consultant kolkata reviews,c-021,Marketing Consultant Kolkata,commercial,mid,kolkata,1,parked,2,4,2,7,inferred,,,,
24 hour content marketing consultant kolkata,c-021,Marketing Consultant Kolkata,transactional,long_tail,kolkata,1,parked,2,4,2,7,inferred,,,,
same day content marketing consultant kolkata,c-021,Marketing Consultant Kolkata,transactional,long_tail,kolkata,1,parked,2,4,2,7,inferred,,,,
top rated content marketing consultant kolkata,c-021,Marketing Consultant Kolkata,transactional,long_tail,kolkata,1,parked,2,4,2,7,inferred,,,,
marketing consultant ahmedabad,c-022,Marketing Consultant Ahmedabad,transactional,head,ahmedabad,1,parked,2,4,2,7,inferred,,,,
ahmedabad marketing consultant,c-022,Marketing Consultant Ahmedabad,transactional,head,ahmedabad,1,parked,2,4,2,7,inferred,,,,
marketing consultant in ahmedabad,c-022,Marketing Consultant Ahmedabad,transactional,head,ahmedabad,1,parked,2,4,2,7,inferred,,,,
marketing consultant ahmedabad gj,c-022,Marketing Consultant Ahmedabad,transactional,mid,ahmedabad,1,parked,2,4,2,7,inferred,,,,
content marketing consultant ahmedabad,c-022,Marketing Consultant Ahmedabad,transactional,mid,ahmedabad,1,parked,2,4,2,7,inferred,,,,
ahmedabad content marketing consultant,c-022,Marketing Consultant Ahmedabad,transactional,mid,ahmedabad,1,parked,2,4,2,7,inferred,,,,
content marketing consultant in ahmedabad,c-022,Marketing Consultant Ahmedabad,transactional,mid,ahmedabad,1,parked,2,4,2,7,inferred,,,,
content marketing consultant ahmedabad gj,c-022,Marketing Consultant Ahmedabad,transactional,mid,ahmedabad,1,parked,2,4,2,7,inferred,,,,
marketing consultant near ahmedabad,c-022,Marketing Consultant Ahmedabad,transactional,mid,ahmedabad,1,parked,2,4,2,7,inferred,,,,
best marketing consultant ahmedabad,c-022,Marketing Consultant Ahmedabad,transactional,mid,ahmedabad,1,parked,2,4,2,7,inferred,,,,
cheap marketing consultant ahmedabad,c-022,Marketing Consultant Ahmedabad,transactional,mid,ahmedabad,1,parked,2,4,2,7,inferred,,,,
marketing consultant company ahmedabad,c-022,Marketing Consultant Ahmedabad,transactional,mid,ahmedabad,1,parked,2,4,2,7,inferred,,,,
best marketing consultant in ahmedabad,c-022,Marketing Consultant Ahmedabad,transactional,mid,ahmedabad,1,parked,2,4,2,7,inferred,,,,
24 hour marketing consultant ahmedabad,c-022,Marketing Consultant Ahmedabad,transactional,mid,ahmedabad,1,parked,2,4,2,7,inferred,,,,
marketing consultant services ahmedabad,c-022,Marketing Consultant Ahmedabad,transactional,mid,ahmedabad,1,parked,2,4,2,7,inferred,,,,
same day marketing consultant ahmedabad,c-022,Marketing Consultant Ahmedabad,transactional,mid,ahmedabad,1,parked,2,4,2,7,inferred,,,,
licensed marketing consultant ahmedabad,c-022,Marketing Consultant Ahmedabad,transactional,mid,ahmedabad,1,parked,2,4,2,7,inferred,,,,
top rated marketing consultant ahmedabad,c-022,Marketing Consultant Ahmedabad,transactional,mid,ahmedabad,1,parked,2,4,2,7,inferred,,,,
emergency marketing consultant ahmedabad,c-022,Marketing Consultant Ahmedabad,transactional,mid,ahmedabad,1,parked,2,4,2,7,inferred,,,,
affordable marketing consultant ahmedabad,c-022,Marketing Consultant Ahmedabad,transactional,mid,ahmedabad,1,parked,2,4,2,7,inferred,,,,
marketing consultant contractor ahmedabad,c-022,Marketing Consultant Ahmedabad,transactional,mid,ahmedabad,1,parked,2,4,2,7,inferred,,,,
content marketing consultant near ahmedabad,c-022,Marketing Consultant Ahmedabad,transactional,mid,ahmedabad,1,parked,2,4,2,7,inferred,,,,
best content marketing consultant ahmedabad,c-022,Marketing Consultant Ahmedabad,transactional,mid,ahmedabad,1,parked,2,4,2,7,inferred,,,,
cheap content marketing consultant ahmedabad,c-022,Marketing Consultant Ahmedabad,transactional,mid,ahmedabad,1,parked,2,4,2,7,inferred,,,,
content marketing consultant company ahmedabad,c-022,Marketing Consultant Ahmedabad,transactional,mid,ahmedabad,1,parked,2,4,2,7,inferred,,,,
best content marketing consultant in ahmedabad,c-022,Marketing Consultant Ahmedabad,transactional,mid,ahmedabad,1,parked,2,4,2,7,inferred,,,,
content marketing consultant services ahmedabad,c-022,Marketing Consultant Ahmedabad,transactional,mid,ahmedabad,1,parked,2,4,2,7,inferred,,,,
licensed content marketing consultant ahmedabad,c-022,Marketing Consultant Ahmedabad,transactional,mid,ahmedabad,1,parked,2,4,2,7,inferred,,,,
emergency content marketing consultant ahmedabad,c-022,Marketing Consultant Ahmedabad,transactional,mid,ahmedabad,1,parked,2,4,2,7,inferred,,,,
affordable content marketing consultant ahmedabad,c-022,Marketing Consultant Ahmedabad,transactional,mid,ahmedabad,1,parked,2,4,2,7,inferred,,,,
content marketing consultant contractor ahmedabad,c-022,Marketing Consultant Ahmedabad,transactional,mid,ahmedabad,1,parked,2,4,2,7,inferred,,,,
marketing consultant ahmedabad cost,c-022,Marketing Consultant Ahmedabad,informational_bofu,mid,ahmedabad,1,parked,2,4,2,7,inferred,,,,
marketing consultant prices ahmedabad,c-022,Marketing Consultant Ahmedabad,informational_bofu,mid,ahmedabad,1,parked,2,4,2,7,inferred,,,,
marketing consultant quotes ahmedabad,c-022,Marketing Consultant Ahmedabad,informational_bofu,mid,ahmedabad,1,parked,2,4,2,7,inferred,,,,
marketing consultant cost in ahmedabad,c-022,Marketing Consultant Ahmedabad,informational_bofu,mid,ahmedabad,1,parked,2,4,2,7,inferred,,,,
content marketing consultant ahmedabad cost,c-022,Marketing Consultant Ahmedabad,informational_bofu,mid,ahmedabad,1,parked,2,4,2,7,inferred,,,,
content marketing consultant prices ahmedabad,c-022,Marketing Consultant Ahmedabad,informational_bofu,mid,ahmedabad,1,parked,2,4,2,7,inferred,,,,
content marketing consultant quotes ahmedabad,c-022,Marketing Consultant Ahmedabad,informational_bofu,mid,ahmedabad,1,parked,2,4,2,7,inferred,,,,
content marketing consultant cost in ahmedabad,c-022,Marketing Consultant Ahmedabad,informational_bofu,mid,ahmedabad,1,parked,2,4,2,7,inferred,,,,
marketing consultant ahmedabad reviews,c-022,Marketing Consultant Ahmedabad,commercial,mid,ahmedabad,1,parked,2,4,2,7,inferred,,,,
content marketing consultant ahmedabad reviews,c-022,Marketing Consultant Ahmedabad,commercial,mid,ahmedabad,1,parked,2,4,2,7,inferred,,,,
24 hour content marketing consultant ahmedabad,c-022,Marketing Consultant Ahmedabad,transactional,long_tail,ahmedabad,1,parked,2,4,2,7,inferred,,,,
same day content marketing consultant ahmedabad,c-022,Marketing Consultant Ahmedabad,transactional,long_tail,ahmedabad,1,parked,2,4,2,7,inferred,,,,
top rated content marketing consultant ahmedabad,c-022,Marketing Consultant Ahmedabad,transactional,long_tail,ahmedabad,1,parked,2,4,2,7,inferred,,,,
seo consultant delhi,c-024,Seo Consultant Delhi,transactional,head,delhi,1,parked,2,4,2,7,inferred,,,,
delhi seo consultant,c-024,Seo Consultant Delhi,transactional,head,delhi,1,parked,2,4,2,7,inferred,,,,
seo consultant in delhi,c-024,Seo Consultant Delhi,transactional,head,delhi,1,parked,2,4,2,7,inferred,,,,
seo consultant delhi dl,c-024,Seo Consultant Delhi,transactional,mid,delhi,1,parked,2,4,2,7,inferred,,,,
seo consultant delhi ncr,c-024,Seo Consultant Delhi,transactional,mid,delhi,1,parked,2,4,2,7,inferred,,,,
seo consultant near delhi,c-024,Seo Consultant Delhi,transactional,mid,delhi,1,parked,2,4,2,7,inferred,,,,
best seo consultant delhi,c-024,Seo Consultant Delhi,transactional,mid,delhi,1,parked,2,4,2,7,inferred,,,,
cheap seo consultant delhi,c-024,Seo Consultant Delhi,transactional,mid,delhi,1,parked,2,4,2,7,inferred,,,,
seo consultant company delhi,c-024,Seo Consultant Delhi,transactional,mid,delhi,1,parked,2,4,2,7,inferred,,,,
best seo consultant in delhi,c-024,Seo Consultant Delhi,transactional,mid,delhi,1,parked,2,4,2,7,inferred,,,,
24 hour seo consultant delhi,c-024,Seo Consultant Delhi,transactional,mid,delhi,1,parked,2,4,2,7,inferred,,,,
seo consultant services delhi,c-024,Seo Consultant Delhi,transactional,mid,delhi,1,parked,2,4,2,7,inferred,,,,
same day seo consultant delhi,c-024,Seo Consultant Delhi,transactional,mid,delhi,1,parked,2,4,2,7,inferred,,,,
licensed seo consultant delhi,c-024,Seo Consultant Delhi,transactional,mid,delhi,1,parked,2,4,2,7,inferred,,,,
top rated seo consultant delhi,c-024,Seo Consultant Delhi,transactional,mid,delhi,1,parked,2,4,2,7,inferred,,,,
emergency seo consultant delhi,c-024,Seo Consultant Delhi,transactional,mid,delhi,1,parked,2,4,2,7,inferred,,,,
affordable seo consultant delhi,c-024,Seo Consultant Delhi,transactional,mid,delhi,1,parked,2,4,2,7,inferred,,,,
seo consultant contractor delhi,c-024,Seo Consultant Delhi,transactional,mid,delhi,1,parked,2,4,2,7,inferred,,,,
seo consultant delhi cost,c-024,Seo Consultant Delhi,informational_bofu,mid,delhi,1,parked,2,4,2,7,inferred,,,,
seo consultant prices delhi,c-024,Seo Consultant Delhi,informational_bofu,mid,delhi,1,parked,2,4,2,7,inferred,,,,
seo consultant quotes delhi,c-024,Seo Consultant Delhi,informational_bofu,mid,delhi,1,parked,2,4,2,7,inferred,,,,
seo consultant cost in delhi,c-024,Seo Consultant Delhi,informational_bofu,mid,delhi,1,parked,2,4,2,7,inferred,,,,
seo consultant delhi reviews,c-024,Seo Consultant Delhi,commercial,mid,delhi,1,parked,2,4,2,7,inferred,,,,
google ads expert mumbai,c-027,Google Ads Expert Mumbai,transactional,mid,mumbai,1,parked,2,4,2,7,inferred,,,,
mumbai google ads expert,c-027,Google Ads Expert Mumbai,transactional,mid,mumbai,1,parked,2,4,2,7,inferred,,,,
google ads expert in mumbai,c-027,Google Ads Expert Mumbai,transactional,mid,mumbai,1,parked,2,4,2,7,inferred,,,,
google ads expert mumbai mh,c-027,Google Ads Expert Mumbai,transactional,mid,mumbai,1,parked,2,4,2,7,inferred,,,,
google ads expert near mumbai,c-027,Google Ads Expert Mumbai,transactional,mid,mumbai,1,parked,2,4,2,7,inferred,,,,
best google ads expert mumbai,c-027,Google Ads Expert Mumbai,transactional,mid,mumbai,1,parked,2,4,2,7,inferred,,,,
cheap google ads expert mumbai,c-027,Google Ads Expert Mumbai,transactional,mid,mumbai,1,parked,2,4,2,7,inferred,,,,
google ads expert company mumbai,c-027,Google Ads Expert Mumbai,transactional,mid,mumbai,1,parked,2,4,2,7,inferred,,,,
best google ads expert in mumbai,c-027,Google Ads Expert Mumbai,transactional,mid,mumbai,1,parked,2,4,2,7,inferred,,,,
google ads expert services mumbai,c-027,Google Ads Expert Mumbai,transactional,mid,mumbai,1,parked,2,4,2,7,inferred,,,,
licensed google ads expert mumbai,c-027,Google Ads Expert Mumbai,transactional,mid,mumbai,1,parked,2,4,2,7,inferred,,,,
emergency google ads expert mumbai,c-027,Google Ads Expert Mumbai,transactional,mid,mumbai,1,parked,2,4,2,7,inferred,,,,
affordable google ads expert mumbai,c-027,Google Ads Expert Mumbai,transactional,mid,mumbai,1,parked,2,4,2,7,inferred,,,,
google ads expert contractor mumbai,c-027,Google Ads Expert Mumbai,transactional,mid,mumbai,1,parked,2,4,2,7,inferred,,,,
google ads expert mumbai cost,c-027,Google Ads Expert Mumbai,informational_bofu,mid,mumbai,1,parked,2,4,2,7,inferred,,,,
google ads expert prices mumbai,c-027,Google Ads Expert Mumbai,informational_bofu,mid,mumbai,1,parked,2,4,2,7,inferred,,,,
google ads expert quotes mumbai,c-027,Google Ads Expert Mumbai,informational_bofu,mid,mumbai,1,parked,2,4,2,7,inferred,,,,
google ads expert cost in mumbai,c-027,Google Ads Expert Mumbai,informational_bofu,mid,mumbai,1,parked,2,4,2,7,inferred,,,,
google ads expert mumbai reviews,c-027,Google Ads Expert Mumbai,commercial,mid,mumbai,1,parked,2,4,2,7,inferred,,,,
24 hour google ads expert mumbai,c-027,Google Ads Expert Mumbai,transactional,long_tail,mumbai,1,parked,2,4,2,7,inferred,,,,
same day google ads expert mumbai,c-027,Google Ads Expert Mumbai,transactional,long_tail,mumbai,1,parked,2,4,2,7,inferred,,,,
top rated google ads expert mumbai,c-027,Google Ads Expert Mumbai,transactional,long_tail,mumbai,1,parked,2,4,2,7,inferred,,,,
google ads expert delhi,c-028,Google Ads Expert Delhi,transactional,mid,delhi,1,parked,2,4,2,7,inferred,,,,
delhi google ads expert,c-028,Google Ads Expert Delhi,transactional,mid,delhi,1,parked,2,4,2,7,inferred,,,,
google ads expert in delhi,c-028,Google Ads Expert Delhi,transactional,mid,delhi,1,parked,2,4,2,7,inferred,,,,
google ads expert delhi dl,c-028,Google Ads Expert Delhi,transactional,mid,delhi,1,parked,2,4,2,7,inferred,,,,
google ads expert near delhi,c-028,Google Ads Expert Delhi,transactional,mid,delhi,1,parked,2,4,2,7,inferred,,,,
best google ads expert delhi,c-028,Google Ads Expert Delhi,transactional,mid,delhi,1,parked,2,4,2,7,inferred,,,,
cheap google ads expert delhi,c-028,Google Ads Expert Delhi,transactional,mid,delhi,1,parked,2,4,2,7,inferred,,,,
google ads expert company delhi,c-028,Google Ads Expert Delhi,transactional,mid,delhi,1,parked,2,4,2,7,inferred,,,,
best google ads expert in delhi,c-028,Google Ads Expert Delhi,transactional,mid,delhi,1,parked,2,4,2,7,inferred,,,,
google ads expert services delhi,c-028,Google Ads Expert Delhi,transactional,mid,delhi,1,parked,2,4,2,7,inferred,,,,
licensed google ads expert delhi,c-028,Google Ads Expert Delhi,transactional,mid,delhi,1,parked,2,4,2,7,inferred,,,,
emergency google ads expert delhi,c-028,Google Ads Expert Delhi,transactional,mid,delhi,1,parked,2,4,2,7,inferred,,,,
affordable google ads expert delhi,c-028,Google Ads Expert Delhi,transactional,mid,delhi,1,parked,2,4,2,7,inferred,,,,
google ads expert contractor delhi,c-028,Google Ads Expert Delhi,transactional,mid,delhi,1,parked,2,4,2,7,inferred,,,,
google ads expert delhi cost,c-028,Google Ads Expert Delhi,informational_bofu,mid,delhi,1,parked,2,4,2,7,inferred,,,,
google ads expert prices delhi,c-028,Google Ads Expert Delhi,informational_bofu,mid,delhi,1,parked,2,4,2,7,inferred,,,,
google ads expert quotes delhi,c-028,Google Ads Expert Delhi,informational_bofu,mid,delhi,1,parked,2,4,2,7,inferred,,,,
google ads expert cost in delhi,c-028,Google Ads Expert Delhi,informational_bofu,mid,delhi,1,parked,2,4,2,7,inferred,,,,
google ads expert delhi reviews,c-028,Google Ads Expert Delhi,commercial,mid,delhi,1,parked,2,4,2,7,inferred,,,,
24 hour google ads expert delhi,c-028,Google Ads Expert Delhi,transactional,long_tail,delhi,1,parked,2,4,2,7,inferred,,,,
same day google ads expert delhi,c-028,Google Ads Expert Delhi,transactional,long_tail,delhi,1,parked,2,4,2,7,inferred,,,,
top rated google ads expert delhi,c-028,Google Ads Expert Delhi,transactional,long_tail,delhi,1,parked,2,4,2,7,inferred,,,,
google ads expert gurgaon,c-029,Google Ads Expert Gurgaon,transactional,mid,gurgaon,1,parked,2,4,2,7,inferred,,,,
gurgaon google ads expert,c-029,Google Ads Expert Gurgaon,transactional,mid,gurgaon,1,parked,2,4,2,7,inferred,,,,
google ads expert in gurgaon,c-029,Google Ads Expert Gurgaon,transactional,mid,gurgaon,1,parked,2,4,2,7,inferred,,,,
google ads expert gurgaon hr,c-029,Google Ads Expert Gurgaon,transactional,mid,gurgaon,1,parked,2,4,2,7,inferred,,,,
google ads expert near gurgaon,c-029,Google Ads Expert Gurgaon,transactional,mid,gurgaon,1,parked,2,4,2,7,inferred,,,,
best google ads expert gurgaon,c-029,Google Ads Expert Gurgaon,transactional,mid,gurgaon,1,parked,2,4,2,7,inferred,,,,
cheap google ads expert gurgaon,c-029,Google Ads Expert Gurgaon,transactional,mid,gurgaon,1,parked,2,4,2,7,inferred,,,,
google ads expert company gurgaon,c-029,Google Ads Expert Gurgaon,transactional,mid,gurgaon,1,parked,2,4,2,7,inferred,,,,
best google ads expert in gurgaon,c-029,Google Ads Expert Gurgaon,transactional,mid,gurgaon,1,parked,2,4,2,7,inferred,,,,
google ads expert services gurgaon,c-029,Google Ads Expert Gurgaon,transactional,mid,gurgaon,1,parked,2,4,2,7,inferred,,,,
licensed google ads expert gurgaon,c-029,Google Ads Expert Gurgaon,transactional,mid,gurgaon,1,parked,2,4,2,7,inferred,,,,
emergency google ads expert gurgaon,c-029,Google Ads Expert Gurgaon,transactional,mid,gurgaon,1,parked,2,4,2,7,inferred,,,,
affordable google ads expert gurgaon,c-029,Google Ads Expert Gurgaon,transactional,mid,gurgaon,1,parked,2,4,2,7,inferred,,,,
google ads expert contractor gurgaon,c-029,Google Ads Expert Gurgaon,transactional,mid,gurgaon,1,parked,2,4,2,7,inferred,,,,
google ads expert gurgaon cost,c-029,Google Ads Expert Gurgaon,informational_bofu,mid,gurgaon,1,parked,2,4,2,7,inferred,,,,
google ads expert prices gurgaon,c-029,Google Ads Expert Gurgaon,informational_bofu,mid,gurgaon,1,parked,2,4,2,7,inferred,,,,
google ads expert quotes gurgaon,c-029,Google Ads Expert Gurgaon,informational_bofu,mid,gurgaon,1,parked,2,4,2,7,inferred,,,,
google ads expert cost in gurgaon,c-029,Google Ads Expert Gurgaon,informational_bofu,mid,gurgaon,1,parked,2,4,2,7,inferred,,,,
google ads expert gurgaon reviews,c-029,Google Ads Expert Gurgaon,commercial,mid,gurgaon,1,parked,2,4,2,7,inferred,,,,
24 hour google ads expert gurgaon,c-029,Google Ads Expert Gurgaon,transactional,long_tail,gurgaon,1,parked,2,4,2,7,inferred,,,,
same day google ads expert gurgaon,c-029,Google Ads Expert Gurgaon,transactional,long_tail,gurgaon,1,parked,2,4,2,7,inferred,,,,
top rated google ads expert gurgaon,c-029,Google Ads Expert Gurgaon,transactional,long_tail,gurgaon,1,parked,2,4,2,7,inferred,,,,
google ads expert noida,c-030,Google Ads Expert Noida,transactional,mid,noida,1,parked,2,4,2,7,inferred,,,,
noida google ads expert,c-030,Google Ads Expert Noida,transactional,mid,noida,1,parked,2,4,2,7,inferred,,,,
google ads expert in noida,c-030,Google Ads Expert Noida,transactional,mid,noida,1,parked,2,4,2,7,inferred,,,,
google ads expert noida up,c-030,Google Ads Expert Noida,transactional,mid,noida,1,parked,2,4,2,7,inferred,,,,
google ads expert near noida,c-030,Google Ads Expert Noida,transactional,mid,noida,1,parked,2,4,2,7,inferred,,,,
best google ads expert noida,c-030,Google Ads Expert Noida,transactional,mid,noida,1,parked,2,4,2,7,inferred,,,,
cheap google ads expert noida,c-030,Google Ads Expert Noida,transactional,mid,noida,1,parked,2,4,2,7,inferred,,,,
google ads expert company noida,c-030,Google Ads Expert Noida,transactional,mid,noida,1,parked,2,4,2,7,inferred,,,,
best google ads expert in noida,c-030,Google Ads Expert Noida,transactional,mid,noida,1,parked,2,4,2,7,inferred,,,,
google ads expert services noida,c-030,Google Ads Expert Noida,transactional,mid,noida,1,parked,2,4,2,7,inferred,,,,
licensed google ads expert noida,c-030,Google Ads Expert Noida,transactional,mid,noida,1,parked,2,4,2,7,inferred,,,,
emergency google ads expert noida,c-030,Google Ads Expert Noida,transactional,mid,noida,1,parked,2,4,2,7,inferred,,,,
affordable google ads expert noida,c-030,Google Ads Expert Noida,transactional,mid,noida,1,parked,2,4,2,7,inferred,,,,
google ads expert contractor noida,c-030,Google Ads Expert Noida,transactional,mid,noida,1,parked,2,4,2,7,inferred,,,,
google ads expert noida cost,c-030,Google Ads Expert Noida,informational_bofu,mid,noida,1,parked,2,4,2,7,inferred,,,,
google ads expert prices noida,c-030,Google Ads Expert Noida,informational_bofu,mid,noida,1,parked,2,4,2,7,inferred,,,,
google ads expert quotes noida,c-030,Google Ads Expert Noida,informational_bofu,mid,noida,1,parked,2,4,2,7,inferred,,,,
google ads expert cost in noida,c-030,Google Ads Expert Noida,informational_bofu,mid,noida,1,parked,2,4,2,7,inferred,,,,
google ads expert noida reviews,c-030,Google Ads Expert Noida,commercial,mid,noida,1,parked,2,4,2,7,inferred,,,,
24 hour google ads expert noida,c-030,Google Ads Expert Noida,transactional,long_tail,noida,1,parked,2,4,2,7,inferred,,,,
same day google ads expert noida,c-030,Google Ads Expert Noida,transactional,long_tail,noida,1,parked,2,4,2,7,inferred,,,,
top rated google ads expert noida,c-030,Google Ads Expert Noida,transactional,long_tail,noida,1,parked,2,4,2,7,inferred,,,,
google ads expert hyderabad,c-031,Google Ads Expert Hyderabad,transactional,mid,hyderabad,1,parked,2,4,2,7,inferred,,,,
hyderabad google ads expert,c-031,Google Ads Expert Hyderabad,transactional,mid,hyderabad,1,parked,2,4,2,7,inferred,,,,
google ads expert in hyderabad,c-031,Google Ads Expert Hyderabad,transactional,mid,hyderabad,1,parked,2,4,2,7,inferred,,,,
google ads expert hyderabad ts,c-031,Google Ads Expert Hyderabad,transactional,mid,hyderabad,1,parked,2,4,2,7,inferred,,,,
google ads expert near hyderabad,c-031,Google Ads Expert Hyderabad,transactional,mid,hyderabad,1,parked,2,4,2,7,inferred,,,,
best google ads expert hyderabad,c-031,Google Ads Expert Hyderabad,transactional,mid,hyderabad,1,parked,2,4,2,7,inferred,,,,
cheap google ads expert hyderabad,c-031,Google Ads Expert Hyderabad,transactional,mid,hyderabad,1,parked,2,4,2,7,inferred,,,,
google ads expert company hyderabad,c-031,Google Ads Expert Hyderabad,transactional,mid,hyderabad,1,parked,2,4,2,7,inferred,,,,
best google ads expert in hyderabad,c-031,Google Ads Expert Hyderabad,transactional,mid,hyderabad,1,parked,2,4,2,7,inferred,,,,
google ads expert services hyderabad,c-031,Google Ads Expert Hyderabad,transactional,mid,hyderabad,1,parked,2,4,2,7,inferred,,,,
licensed google ads expert hyderabad,c-031,Google Ads Expert Hyderabad,transactional,mid,hyderabad,1,parked,2,4,2,7,inferred,,,,
emergency google ads expert hyderabad,c-031,Google Ads Expert Hyderabad,transactional,mid,hyderabad,1,parked,2,4,2,7,inferred,,,,
affordable google ads expert hyderabad,c-031,Google Ads Expert Hyderabad,transactional,mid,hyderabad,1,parked,2,4,2,7,inferred,,,,
google ads expert contractor hyderabad,c-031,Google Ads Expert Hyderabad,transactional,mid,hyderabad,1,parked,2,4,2,7,inferred,,,,
google ads expert hyderabad cost,c-031,Google Ads Expert Hyderabad,informational_bofu,mid,hyderabad,1,parked,2,4,2,7,inferred,,,,
google ads expert prices hyderabad,c-031,Google Ads Expert Hyderabad,informational_bofu,mid,hyderabad,1,parked,2,4,2,7,inferred,,,,
google ads expert quotes hyderabad,c-031,Google Ads Expert Hyderabad,informational_bofu,mid,hyderabad,1,parked,2,4,2,7,inferred,,,,
google ads expert cost in hyderabad,c-031,Google Ads Expert Hyderabad,informational_bofu,mid,hyderabad,1,parked,2,4,2,7,inferred,,,,
google ads expert hyderabad reviews,c-031,Google Ads Expert Hyderabad,commercial,mid,hyderabad,1,parked,2,4,2,7,inferred,,,,
24 hour google ads expert hyderabad,c-031,Google Ads Expert Hyderabad,transactional,long_tail,hyderabad,1,parked,2,4,2,7,inferred,,,,
same day google ads expert hyderabad,c-031,Google Ads Expert Hyderabad,transactional,long_tail,hyderabad,1,parked,2,4,2,7,inferred,,,,
top rated google ads expert hyderabad,c-031,Google Ads Expert Hyderabad,transactional,long_tail,hyderabad,1,parked,2,4,2,7,inferred,,,,
google ads expert chennai,c-032,Google Ads Expert Chennai,transactional,mid,chennai,1,parked,2,4,2,7,inferred,,,,
chennai google ads expert,c-032,Google Ads Expert Chennai,transactional,mid,chennai,1,parked,2,4,2,7,inferred,,,,
google ads expert in chennai,c-032,Google Ads Expert Chennai,transactional,mid,chennai,1,parked,2,4,2,7,inferred,,,,
google ads expert chennai tn,c-032,Google Ads Expert Chennai,transactional,mid,chennai,1,parked,2,4,2,7,inferred,,,,
google ads expert near chennai,c-032,Google Ads Expert Chennai,transactional,mid,chennai,1,parked,2,4,2,7,inferred,,,,
best google ads expert chennai,c-032,Google Ads Expert Chennai,transactional,mid,chennai,1,parked,2,4,2,7,inferred,,,,
cheap google ads expert chennai,c-032,Google Ads Expert Chennai,transactional,mid,chennai,1,parked,2,4,2,7,inferred,,,,
google ads expert company chennai,c-032,Google Ads Expert Chennai,transactional,mid,chennai,1,parked,2,4,2,7,inferred,,,,
best google ads expert in chennai,c-032,Google Ads Expert Chennai,transactional,mid,chennai,1,parked,2,4,2,7,inferred,,,,
google ads expert services chennai,c-032,Google Ads Expert Chennai,transactional,mid,chennai,1,parked,2,4,2,7,inferred,,,,
licensed google ads expert chennai,c-032,Google Ads Expert Chennai,transactional,mid,chennai,1,parked,2,4,2,7,inferred,,,,
emergency google ads expert chennai,c-032,Google Ads Expert Chennai,transactional,mid,chennai,1,parked,2,4,2,7,inferred,,,,
affordable google ads expert chennai,c-032,Google Ads Expert Chennai,transactional,mid,chennai,1,parked,2,4,2,7,inferred,,,,
google ads expert contractor chennai,c-032,Google Ads Expert Chennai,transactional,mid,chennai,1,parked,2,4,2,7,inferred,,,,
google ads expert chennai cost,c-032,Google Ads Expert Chennai,informational_bofu,mid,chennai,1,parked,2,4,2,7,inferred,,,,
google ads expert prices chennai,c-032,Google Ads Expert Chennai,informational_bofu,mid,chennai,1,parked,2,4,2,7,inferred,,,,
google ads expert quotes chennai,c-032,Google Ads Expert Chennai,informational_bofu,mid,chennai,1,parked,2,4,2,7,inferred,,,,
google ads expert cost in chennai,c-032,Google Ads Expert Chennai,informational_bofu,mid,chennai,1,parked,2,4,2,7,inferred,,,,
google ads expert chennai reviews,c-032,Google Ads Expert Chennai,commercial,mid,chennai,1,parked,2,4,2,7,inferred,,,,
24 hour google ads expert chennai,c-032,Google Ads Expert Chennai,transactional,long_tail,chennai,1,parked,2,4,2,7,inferred,,,,
same day google ads expert chennai,c-032,Google Ads Expert Chennai,transactional,long_tail,chennai,1,parked,2,4,2,7,inferred,,,,
top rated google ads expert chennai,c-032,Google Ads Expert Chennai,transactional,long_tail,chennai,1,parked,2,4,2,7,inferred,,,,
google ads expert pune,c-033,Google Ads Expert Pune,transactional,mid,pune,1,parked,2,4,2,7,inferred,,,,
pune google ads expert,c-033,Google Ads Expert Pune,transactional,mid,pune,1,parked,2,4,2,7,inferred,,,,
google ads expert in pune,c-033,Google Ads Expert Pune,transactional,mid,pune,1,parked,2,4,2,7,inferred,,,,
google ads expert pune mh,c-033,Google Ads Expert Pune,transactional,mid,pune,1,parked,2,4,2,7,inferred,,,,
google ads expert near pune,c-033,Google Ads Expert Pune,transactional,mid,pune,1,parked,2,4,2,7,inferred,,,,
best google ads expert pune,c-033,Google Ads Expert Pune,transactional,mid,pune,1,parked,2,4,2,7,inferred,,,,
cheap google ads expert pune,c-033,Google Ads Expert Pune,transactional,mid,pune,1,parked,2,4,2,7,inferred,,,,
google ads expert company pune,c-033,Google Ads Expert Pune,transactional,mid,pune,1,parked,2,4,2,7,inferred,,,,
best google ads expert in pune,c-033,Google Ads Expert Pune,transactional,mid,pune,1,parked,2,4,2,7,inferred,,,,
google ads expert services pune,c-033,Google Ads Expert Pune,transactional,mid,pune,1,parked,2,4,2,7,inferred,,,,
licensed google ads expert pune,c-033,Google Ads Expert Pune,transactional,mid,pune,1,parked,2,4,2,7,inferred,,,,
emergency google ads expert pune,c-033,Google Ads Expert Pune,transactional,mid,pune,1,parked,2,4,2,7,inferred,,,,
affordable google ads expert pune,c-033,Google Ads Expert Pune,transactional,mid,pune,1,parked,2,4,2,7,inferred,,,,
google ads expert contractor pune,c-033,Google Ads Expert Pune,transactional,mid,pune,1,parked,2,4,2,7,inferred,,,,
google ads expert pune cost,c-033,Google Ads Expert Pune,informational_bofu,mid,pune,1,parked,2,4,2,7,inferred,,,,
google ads expert prices pune,c-033,Google Ads Expert Pune,informational_bofu,mid,pune,1,parked,2,4,2,7,inferred,,,,
google ads expert quotes pune,c-033,Google Ads Expert Pune,informational_bofu,mid,pune,1,parked,2,4,2,7,inferred,,,,
google ads expert cost in pune,c-033,Google Ads Expert Pune,informational_bofu,mid,pune,1,parked,2,4,2,7,inferred,,,,
google ads expert pune reviews,c-033,Google Ads Expert Pune,commercial,mid,pune,1,parked,2,4,2,7,inferred,,,,
24 hour google ads expert pune,c-033,Google Ads Expert Pune,transactional,long_tail,pune,1,parked,2,4,2,7,inferred,,,,
same day google ads expert pune,c-033,Google Ads Expert Pune,transactional,long_tail,pune,1,parked,2,4,2,7,inferred,,,,
top rated google ads expert pune,c-033,Google Ads Expert Pune,transactional,long_tail,pune,1,parked,2,4,2,7,inferred,,,,
google ads expert kolkata,c-034,Google Ads Expert Kolkata,transactional,mid,kolkata,1,parked,2,4,2,7,inferred,,,,
kolkata google ads expert,c-034,Google Ads Expert Kolkata,transactional,mid,kolkata,1,parked,2,4,2,7,inferred,,,,
google ads expert in kolkata,c-034,Google Ads Expert Kolkata,transactional,mid,kolkata,1,parked,2,4,2,7,inferred,,,,
google ads expert kolkata wb,c-034,Google Ads Expert Kolkata,transactional,mid,kolkata,1,parked,2,4,2,7,inferred,,,,
google ads expert near kolkata,c-034,Google Ads Expert Kolkata,transactional,mid,kolkata,1,parked,2,4,2,7,inferred,,,,
best google ads expert kolkata,c-034,Google Ads Expert Kolkata,transactional,mid,kolkata,1,parked,2,4,2,7,inferred,,,,
cheap google ads expert kolkata,c-034,Google Ads Expert Kolkata,transactional,mid,kolkata,1,parked,2,4,2,7,inferred,,,,
google ads expert company kolkata,c-034,Google Ads Expert Kolkata,transactional,mid,kolkata,1,parked,2,4,2,7,inferred,,,,
best google ads expert in kolkata,c-034,Google Ads Expert Kolkata,transactional,mid,kolkata,1,parked,2,4,2,7,inferred,,,,
google ads expert services kolkata,c-034,Google Ads Expert Kolkata,transactional,mid,kolkata,1,parked,2,4,2,7,inferred,,,,
licensed google ads expert kolkata,c-034,Google Ads Expert Kolkata,transactional,mid,kolkata,1,parked,2,4,2,7,inferred,,,,
emergency google ads expert kolkata,c-034,Google Ads Expert Kolkata,transactional,mid,kolkata,1,parked,2,4,2,7,inferred,,,,
affordable google ads expert kolkata,c-034,Google Ads Expert Kolkata,transactional,mid,kolkata,1,parked,2,4,2,7,inferred,,,,
google ads expert contractor kolkata,c-034,Google Ads Expert Kolkata,transactional,mid,kolkata,1,parked,2,4,2,7,inferred,,,,
google ads expert kolkata cost,c-034,Google Ads Expert Kolkata,informational_bofu,mid,kolkata,1,parked,2,4,2,7,inferred,,,,
google ads expert prices kolkata,c-034,Google Ads Expert Kolkata,informational_bofu,mid,kolkata,1,parked,2,4,2,7,inferred,,,,
google ads expert quotes kolkata,c-034,Google Ads Expert Kolkata,informational_bofu,mid,kolkata,1,parked,2,4,2,7,inferred,,,,
google ads expert cost in kolkata,c-034,Google Ads Expert Kolkata,informational_bofu,mid,kolkata,1,parked,2,4,2,7,inferred,,,,
google ads expert kolkata reviews,c-034,Google Ads Expert Kolkata,commercial,mid,kolkata,1,parked,2,4,2,7,inferred,,,,
24 hour google ads expert kolkata,c-034,Google Ads Expert Kolkata,transactional,long_tail,kolkata,1,parked,2,4,2,7,inferred,,,,
same day google ads expert kolkata,c-034,Google Ads Expert Kolkata,transactional,long_tail,kolkata,1,parked,2,4,2,7,inferred,,,,
top rated google ads expert kolkata,c-034,Google Ads Expert Kolkata,transactional,long_tail,kolkata,1,parked,2,4,2,7,inferred,,,,
google ads expert ahmedabad,c-035,Google Ads Expert Ahmedabad,transactional,mid,ahmedabad,1,parked,2,4,2,7,inferred,,,,
ahmedabad google ads expert,c-035,Google Ads Expert Ahmedabad,transactional,mid,ahmedabad,1,parked,2,4,2,7,inferred,,,,
google ads expert in ahmedabad,c-035,Google Ads Expert Ahmedabad,transactional,mid,ahmedabad,1,parked,2,4,2,7,inferred,,,,
google ads expert ahmedabad gj,c-035,Google Ads Expert Ahmedabad,transactional,mid,ahmedabad,1,parked,2,4,2,7,inferred,,,,
google ads expert near ahmedabad,c-035,Google Ads Expert Ahmedabad,transactional,mid,ahmedabad,1,parked,2,4,2,7,inferred,,,,
best google ads expert ahmedabad,c-035,Google Ads Expert Ahmedabad,transactional,mid,ahmedabad,1,parked,2,4,2,7,inferred,,,,
cheap google ads expert ahmedabad,c-035,Google Ads Expert Ahmedabad,transactional,mid,ahmedabad,1,parked,2,4,2,7,inferred,,,,
google ads expert company ahmedabad,c-035,Google Ads Expert Ahmedabad,transactional,mid,ahmedabad,1,parked,2,4,2,7,inferred,,,,
best google ads expert in ahmedabad,c-035,Google Ads Expert Ahmedabad,transactional,mid,ahmedabad,1,parked,2,4,2,7,inferred,,,,
google ads expert services ahmedabad,c-035,Google Ads Expert Ahmedabad,transactional,mid,ahmedabad,1,parked,2,4,2,7,inferred,,,,
licensed google ads expert ahmedabad,c-035,Google Ads Expert Ahmedabad,transactional,mid,ahmedabad,1,parked,2,4,2,7,inferred,,,,
emergency google ads expert ahmedabad,c-035,Google Ads Expert Ahmedabad,transactional,mid,ahmedabad,1,parked,2,4,2,7,inferred,,,,
affordable google ads expert ahmedabad,c-035,Google Ads Expert Ahmedabad,transactional,mid,ahmedabad,1,parked,2,4,2,7,inferred,,,,
google ads expert contractor ahmedabad,c-035,Google Ads Expert Ahmedabad,transactional,mid,ahmedabad,1,parked,2,4,2,7,inferred,,,,
google ads expert ahmedabad cost,c-035,Google Ads Expert Ahmedabad,informational_bofu,mid,ahmedabad,1,parked,2,4,2,7,inferred,,,,
google ads expert prices ahmedabad,c-035,Google Ads Expert Ahmedabad,informational_bofu,mid,ahmedabad,1,parked,2,4,2,7,inferred,,,,
google ads expert quotes ahmedabad,c-035,Google Ads Expert Ahmedabad,informational_bofu,mid,ahmedabad,1,parked,2,4,2,7,inferred,,,,
google ads expert cost in ahmedabad,c-035,Google Ads Expert Ahmedabad,informational_bofu,mid,ahmedabad,1,parked,2,4,2,7,inferred,,,,
google ads expert ahmedabad reviews,c-035,Google Ads Expert Ahmedabad,commercial,mid,ahmedabad,1,parked,2,4,2,7,inferred,,,,
24 hour google ads expert ahmedabad,c-035,Google Ads Expert Ahmedabad,transactional,long_tail,ahmedabad,1,parked,2,4,2,7,inferred,,,,
same day google ads expert ahmedabad,c-035,Google Ads Expert Ahmedabad,transactional,long_tail,ahmedabad,1,parked,2,4,2,7,inferred,,,,
top rated google ads expert ahmedabad,c-035,Google Ads Expert Ahmedabad,transactional,long_tail,ahmedabad,1,parked,2,4,2,7,inferred,,,,
meta ads expert mumbai,c-038,Meta Ads Expert Mumbai,transactional,mid,mumbai,1,parked,2,4,2,7,inferred,,,,
mumbai meta ads expert,c-038,Meta Ads Expert Mumbai,transactional,mid,mumbai,1,parked,2,4,2,7,inferred,,,,
meta ads expert in mumbai,c-038,Meta Ads Expert Mumbai,transactional,mid,mumbai,1,parked,2,4,2,7,inferred,,,,
meta ads expert mumbai mh,c-038,Meta Ads Expert Mumbai,transactional,mid,mumbai,1,parked,2,4,2,7,inferred,,,,
meta ads expert near mumbai,c-038,Meta Ads Expert Mumbai,transactional,mid,mumbai,1,parked,2,4,2,7,inferred,,,,
best meta ads expert mumbai,c-038,Meta Ads Expert Mumbai,transactional,mid,mumbai,1,parked,2,4,2,7,inferred,,,,
cheap meta ads expert mumbai,c-038,Meta Ads Expert Mumbai,transactional,mid,mumbai,1,parked,2,4,2,7,inferred,,,,
meta ads expert company mumbai,c-038,Meta Ads Expert Mumbai,transactional,mid,mumbai,1,parked,2,4,2,7,inferred,,,,
best meta ads expert in mumbai,c-038,Meta Ads Expert Mumbai,transactional,mid,mumbai,1,parked,2,4,2,7,inferred,,,,
meta ads expert services mumbai,c-038,Meta Ads Expert Mumbai,transactional,mid,mumbai,1,parked,2,4,2,7,inferred,,,,
licensed meta ads expert mumbai,c-038,Meta Ads Expert Mumbai,transactional,mid,mumbai,1,parked,2,4,2,7,inferred,,,,
emergency meta ads expert mumbai,c-038,Meta Ads Expert Mumbai,transactional,mid,mumbai,1,parked,2,4,2,7,inferred,,,,
affordable meta ads expert mumbai,c-038,Meta Ads Expert Mumbai,transactional,mid,mumbai,1,parked,2,4,2,7,inferred,,,,
meta ads expert contractor mumbai,c-038,Meta Ads Expert Mumbai,transactional,mid,mumbai,1,parked,2,4,2,7,inferred,,,,
meta ads expert mumbai cost,c-038,Meta Ads Expert Mumbai,informational_bofu,mid,mumbai,1,parked,2,4,2,7,inferred,,,,
meta ads expert prices mumbai,c-038,Meta Ads Expert Mumbai,informational_bofu,mid,mumbai,1,parked,2,4,2,7,inferred,,,,
meta ads expert quotes mumbai,c-038,Meta Ads Expert Mumbai,informational_bofu,mid,mumbai,1,parked,2,4,2,7,inferred,,,,
meta ads expert cost in mumbai,c-038,Meta Ads Expert Mumbai,informational_bofu,mid,mumbai,1,parked,2,4,2,7,inferred,,,,
meta ads expert mumbai reviews,c-038,Meta Ads Expert Mumbai,commercial,mid,mumbai,1,parked,2,4,2,7,inferred,,,,
24 hour meta ads expert mumbai,c-038,Meta Ads Expert Mumbai,transactional,long_tail,mumbai,1,parked,2,4,2,7,inferred,,,,
same day meta ads expert mumbai,c-038,Meta Ads Expert Mumbai,transactional,long_tail,mumbai,1,parked,2,4,2,7,inferred,,,,
top rated meta ads expert mumbai,c-038,Meta Ads Expert Mumbai,transactional,long_tail,mumbai,1,parked,2,4,2,7,inferred,,,,
meta ads expert delhi,c-039,Meta Ads Expert Delhi,transactional,mid,delhi,1,parked,2,4,2,7,inferred,,,,
delhi meta ads expert,c-039,Meta Ads Expert Delhi,transactional,mid,delhi,1,parked,2,4,2,7,inferred,,,,
meta ads expert in delhi,c-039,Meta Ads Expert Delhi,transactional,mid,delhi,1,parked,2,4,2,7,inferred,,,,
meta ads expert delhi dl,c-039,Meta Ads Expert Delhi,transactional,mid,delhi,1,parked,2,4,2,7,inferred,,,,
meta ads expert near delhi,c-039,Meta Ads Expert Delhi,transactional,mid,delhi,1,parked,2,4,2,7,inferred,,,,
best meta ads expert delhi,c-039,Meta Ads Expert Delhi,transactional,mid,delhi,1,parked,2,4,2,7,inferred,,,,
cheap meta ads expert delhi,c-039,Meta Ads Expert Delhi,transactional,mid,delhi,1,parked,2,4,2,7,inferred,,,,
meta ads expert company delhi,c-039,Meta Ads Expert Delhi,transactional,mid,delhi,1,parked,2,4,2,7,inferred,,,,
best meta ads expert in delhi,c-039,Meta Ads Expert Delhi,transactional,mid,delhi,1,parked,2,4,2,7,inferred,,,,
meta ads expert services delhi,c-039,Meta Ads Expert Delhi,transactional,mid,delhi,1,parked,2,4,2,7,inferred,,,,
licensed meta ads expert delhi,c-039,Meta Ads Expert Delhi,transactional,mid,delhi,1,parked,2,4,2,7,inferred,,,,
emergency meta ads expert delhi,c-039,Meta Ads Expert Delhi,transactional,mid,delhi,1,parked,2,4,2,7,inferred,,,,
affordable meta ads expert delhi,c-039,Meta Ads Expert Delhi,transactional,mid,delhi,1,parked,2,4,2,7,inferred,,,,
meta ads expert contractor delhi,c-039,Meta Ads Expert Delhi,transactional,mid,delhi,1,parked,2,4,2,7,inferred,,,,
meta ads expert delhi cost,c-039,Meta Ads Expert Delhi,informational_bofu,mid,delhi,1,parked,2,4,2,7,inferred,,,,
meta ads expert prices delhi,c-039,Meta Ads Expert Delhi,informational_bofu,mid,delhi,1,parked,2,4,2,7,inferred,,,,
meta ads expert quotes delhi,c-039,Meta Ads Expert Delhi,informational_bofu,mid,delhi,1,parked,2,4,2,7,inferred,,,,
meta ads expert cost in delhi,c-039,Meta Ads Expert Delhi,informational_bofu,mid,delhi,1,parked,2,4,2,7,inferred,,,,
meta ads expert delhi reviews,c-039,Meta Ads Expert Delhi,commercial,mid,delhi,1,parked,2,4,2,7,inferred,,,,
24 hour meta ads expert delhi,c-039,Meta Ads Expert Delhi,transactional,long_tail,delhi,1,parked,2,4,2,7,inferred,,,,
same day meta ads expert delhi,c-039,Meta Ads Expert Delhi,transactional,long_tail,delhi,1,parked,2,4,2,7,inferred,,,,
top rated meta ads expert delhi,c-039,Meta Ads Expert Delhi,transactional,long_tail,delhi,1,parked,2,4,2,7,inferred,,,,
meta ads expert gurgaon,c-040,Meta Ads Expert Gurgaon,transactional,mid,gurgaon,1,parked,2,4,2,7,inferred,,,,
gurgaon meta ads expert,c-040,Meta Ads Expert Gurgaon,transactional,mid,gurgaon,1,parked,2,4,2,7,inferred,,,,
meta ads expert in gurgaon,c-040,Meta Ads Expert Gurgaon,transactional,mid,gurgaon,1,parked,2,4,2,7,inferred,,,,
meta ads expert gurgaon hr,c-040,Meta Ads Expert Gurgaon,transactional,mid,gurgaon,1,parked,2,4,2,7,inferred,,,,
meta ads expert near gurgaon,c-040,Meta Ads Expert Gurgaon,transactional,mid,gurgaon,1,parked,2,4,2,7,inferred,,,,
best meta ads expert gurgaon,c-040,Meta Ads Expert Gurgaon,transactional,mid,gurgaon,1,parked,2,4,2,7,inferred,,,,
cheap meta ads expert gurgaon,c-040,Meta Ads Expert Gurgaon,transactional,mid,gurgaon,1,parked,2,4,2,7,inferred,,,,
meta ads expert company gurgaon,c-040,Meta Ads Expert Gurgaon,transactional,mid,gurgaon,1,parked,2,4,2,7,inferred,,,,
best meta ads expert in gurgaon,c-040,Meta Ads Expert Gurgaon,transactional,mid,gurgaon,1,parked,2,4,2,7,inferred,,,,
meta ads expert services gurgaon,c-040,Meta Ads Expert Gurgaon,transactional,mid,gurgaon,1,parked,2,4,2,7,inferred,,,,
licensed meta ads expert gurgaon,c-040,Meta Ads Expert Gurgaon,transactional,mid,gurgaon,1,parked,2,4,2,7,inferred,,,,
emergency meta ads expert gurgaon,c-040,Meta Ads Expert Gurgaon,transactional,mid,gurgaon,1,parked,2,4,2,7,inferred,,,,
affordable meta ads expert gurgaon,c-040,Meta Ads Expert Gurgaon,transactional,mid,gurgaon,1,parked,2,4,2,7,inferred,,,,
meta ads expert contractor gurgaon,c-040,Meta Ads Expert Gurgaon,transactional,mid,gurgaon,1,parked,2,4,2,7,inferred,,,,
meta ads expert gurgaon cost,c-040,Meta Ads Expert Gurgaon,informational_bofu,mid,gurgaon,1,parked,2,4,2,7,inferred,,,,
meta ads expert prices gurgaon,c-040,Meta Ads Expert Gurgaon,informational_bofu,mid,gurgaon,1,parked,2,4,2,7,inferred,,,,
meta ads expert quotes gurgaon,c-040,Meta Ads Expert Gurgaon,informational_bofu,mid,gurgaon,1,parked,2,4,2,7,inferred,,,,
meta ads expert cost in gurgaon,c-040,Meta Ads Expert Gurgaon,informational_bofu,mid,gurgaon,1,parked,2,4,2,7,inferred,,,,
meta ads expert gurgaon reviews,c-040,Meta Ads Expert Gurgaon,commercial,mid,gurgaon,1,parked,2,4,2,7,inferred,,,,
24 hour meta ads expert gurgaon,c-040,Meta Ads Expert Gurgaon,transactional,long_tail,gurgaon,1,parked,2,4,2,7,inferred,,,,
same day meta ads expert gurgaon,c-040,Meta Ads Expert Gurgaon,transactional,long_tail,gurgaon,1,parked,2,4,2,7,inferred,,,,
top rated meta ads expert gurgaon,c-040,Meta Ads Expert Gurgaon,transactional,long_tail,gurgaon,1,parked,2,4,2,7,inferred,,,,
meta ads expert noida,c-041,Meta Ads Expert Noida,transactional,mid,noida,1,parked,2,4,2,7,inferred,,,,
noida meta ads expert,c-041,Meta Ads Expert Noida,transactional,mid,noida,1,parked,2,4,2,7,inferred,,,,
meta ads expert in noida,c-041,Meta Ads Expert Noida,transactional,mid,noida,1,parked,2,4,2,7,inferred,,,,
meta ads expert noida up,c-041,Meta Ads Expert Noida,transactional,mid,noida,1,parked,2,4,2,7,inferred,,,,
meta ads expert near noida,c-041,Meta Ads Expert Noida,transactional,mid,noida,1,parked,2,4,2,7,inferred,,,,
best meta ads expert noida,c-041,Meta Ads Expert Noida,transactional,mid,noida,1,parked,2,4,2,7,inferred,,,,
cheap meta ads expert noida,c-041,Meta Ads Expert Noida,transactional,mid,noida,1,parked,2,4,2,7,inferred,,,,
meta ads expert company noida,c-041,Meta Ads Expert Noida,transactional,mid,noida,1,parked,2,4,2,7,inferred,,,,
best meta ads expert in noida,c-041,Meta Ads Expert Noida,transactional,mid,noida,1,parked,2,4,2,7,inferred,,,,
meta ads expert services noida,c-041,Meta Ads Expert Noida,transactional,mid,noida,1,parked,2,4,2,7,inferred,,,,
licensed meta ads expert noida,c-041,Meta Ads Expert Noida,transactional,mid,noida,1,parked,2,4,2,7,inferred,,,,
emergency meta ads expert noida,c-041,Meta Ads Expert Noida,transactional,mid,noida,1,parked,2,4,2,7,inferred,,,,
affordable meta ads expert noida,c-041,Meta Ads Expert Noida,transactional,mid,noida,1,parked,2,4,2,7,inferred,,,,
meta ads expert contractor noida,c-041,Meta Ads Expert Noida,transactional,mid,noida,1,parked,2,4,2,7,inferred,,,,
meta ads expert noida cost,c-041,Meta Ads Expert Noida,informational_bofu,mid,noida,1,parked,2,4,2,7,inferred,,,,
meta ads expert prices noida,c-041,Meta Ads Expert Noida,informational_bofu,mid,noida,1,parked,2,4,2,7,inferred,,,,
meta ads expert quotes noida,c-041,Meta Ads Expert Noida,informational_bofu,mid,noida,1,parked,2,4,2,7,inferred,,,,
meta ads expert cost in noida,c-041,Meta Ads Expert Noida,informational_bofu,mid,noida,1,parked,2,4,2,7,inferred,,,,
meta ads expert noida reviews,c-041,Meta Ads Expert Noida,commercial,mid,noida,1,parked,2,4,2,7,inferred,,,,
24 hour meta ads expert noida,c-041,Meta Ads Expert Noida,transactional,long_tail,noida,1,parked,2,4,2,7,inferred,,,,
same day meta ads expert noida,c-041,Meta Ads Expert Noida,transactional,long_tail,noida,1,parked,2,4,2,7,inferred,,,,
top rated meta ads expert noida,c-041,Meta Ads Expert Noida,transactional,long_tail,noida,1,parked,2,4,2,7,inferred,,,,
meta ads expert hyderabad,c-042,Meta Ads Expert Hyderabad,transactional,mid,hyderabad,1,parked,2,4,2,7,inferred,,,,
hyderabad meta ads expert,c-042,Meta Ads Expert Hyderabad,transactional,mid,hyderabad,1,parked,2,4,2,7,inferred,,,,
meta ads expert in hyderabad,c-042,Meta Ads Expert Hyderabad,transactional,mid,hyderabad,1,parked,2,4,2,7,inferred,,,,
meta ads expert hyderabad ts,c-042,Meta Ads Expert Hyderabad,transactional,mid,hyderabad,1,parked,2,4,2,7,inferred,,,,
meta ads expert near hyderabad,c-042,Meta Ads Expert Hyderabad,transactional,mid,hyderabad,1,parked,2,4,2,7,inferred,,,,
best meta ads expert hyderabad,c-042,Meta Ads Expert Hyderabad,transactional,mid,hyderabad,1,parked,2,4,2,7,inferred,,,,
cheap meta ads expert hyderabad,c-042,Meta Ads Expert Hyderabad,transactional,mid,hyderabad,1,parked,2,4,2,7,inferred,,,,
meta ads expert company hyderabad,c-042,Meta Ads Expert Hyderabad,transactional,mid,hyderabad,1,parked,2,4,2,7,inferred,,,,
best meta ads expert in hyderabad,c-042,Meta Ads Expert Hyderabad,transactional,mid,hyderabad,1,parked,2,4,2,7,inferred,,,,
meta ads expert services hyderabad,c-042,Meta Ads Expert Hyderabad,transactional,mid,hyderabad,1,parked,2,4,2,7,inferred,,,,
licensed meta ads expert hyderabad,c-042,Meta Ads Expert Hyderabad,transactional,mid,hyderabad,1,parked,2,4,2,7,inferred,,,,
emergency meta ads expert hyderabad,c-042,Meta Ads Expert Hyderabad,transactional,mid,hyderabad,1,parked,2,4,2,7,inferred,,,,
affordable meta ads expert hyderabad,c-042,Meta Ads Expert Hyderabad,transactional,mid,hyderabad,1,parked,2,4,2,7,inferred,,,,
meta ads expert contractor hyderabad,c-042,Meta Ads Expert Hyderabad,transactional,mid,hyderabad,1,parked,2,4,2,7,inferred,,,,
meta ads expert hyderabad cost,c-042,Meta Ads Expert Hyderabad,informational_bofu,mid,hyderabad,1,parked,2,4,2,7,inferred,,,,
meta ads expert prices hyderabad,c-042,Meta Ads Expert Hyderabad,informational_bofu,mid,hyderabad,1,parked,2,4,2,7,inferred,,,,
meta ads expert quotes hyderabad,c-042,Meta Ads Expert Hyderabad,informational_bofu,mid,hyderabad,1,parked,2,4,2,7,inferred,,,,
meta ads expert cost in hyderabad,c-042,Meta Ads Expert Hyderabad,informational_bofu,mid,hyderabad,1,parked,2,4,2,7,inferred,,,,
meta ads expert hyderabad reviews,c-042,Meta Ads Expert Hyderabad,commercial,mid,hyderabad,1,parked,2,4,2,7,inferred,,,,
24 hour meta ads expert hyderabad,c-042,Meta Ads Expert Hyderabad,transactional,long_tail,hyderabad,1,parked,2,4,2,7,inferred,,,,
same day meta ads expert hyderabad,c-042,Meta Ads Expert Hyderabad,transactional,long_tail,hyderabad,1,parked,2,4,2,7,inferred,,,,
top rated meta ads expert hyderabad,c-042,Meta Ads Expert Hyderabad,transactional,long_tail,hyderabad,1,parked,2,4,2,7,inferred,,,,
meta ads expert chennai,c-043,Meta Ads Expert Chennai,transactional,mid,chennai,1,parked,2,4,2,7,inferred,,,,
chennai meta ads expert,c-043,Meta Ads Expert Chennai,transactional,mid,chennai,1,parked,2,4,2,7,inferred,,,,
meta ads expert in chennai,c-043,Meta Ads Expert Chennai,transactional,mid,chennai,1,parked,2,4,2,7,inferred,,,,
meta ads expert chennai tn,c-043,Meta Ads Expert Chennai,transactional,mid,chennai,1,parked,2,4,2,7,inferred,,,,
meta ads expert near chennai,c-043,Meta Ads Expert Chennai,transactional,mid,chennai,1,parked,2,4,2,7,inferred,,,,
best meta ads expert chennai,c-043,Meta Ads Expert Chennai,transactional,mid,chennai,1,parked,2,4,2,7,inferred,,,,
cheap meta ads expert chennai,c-043,Meta Ads Expert Chennai,transactional,mid,chennai,1,parked,2,4,2,7,inferred,,,,
meta ads expert company chennai,c-043,Meta Ads Expert Chennai,transactional,mid,chennai,1,parked,2,4,2,7,inferred,,,,
best meta ads expert in chennai,c-043,Meta Ads Expert Chennai,transactional,mid,chennai,1,parked,2,4,2,7,inferred,,,,
meta ads expert services chennai,c-043,Meta Ads Expert Chennai,transactional,mid,chennai,1,parked,2,4,2,7,inferred,,,,
licensed meta ads expert chennai,c-043,Meta Ads Expert Chennai,transactional,mid,chennai,1,parked,2,4,2,7,inferred,,,,
emergency meta ads expert chennai,c-043,Meta Ads Expert Chennai,transactional,mid,chennai,1,parked,2,4,2,7,inferred,,,,
affordable meta ads expert chennai,c-043,Meta Ads Expert Chennai,transactional,mid,chennai,1,parked,2,4,2,7,inferred,,,,
meta ads expert contractor chennai,c-043,Meta Ads Expert Chennai,transactional,mid,chennai,1,parked,2,4,2,7,inferred,,,,
meta ads expert chennai cost,c-043,Meta Ads Expert Chennai,informational_bofu,mid,chennai,1,parked,2,4,2,7,inferred,,,,
meta ads expert prices chennai,c-043,Meta Ads Expert Chennai,informational_bofu,mid,chennai,1,parked,2,4,2,7,inferred,,,,
meta ads expert quotes chennai,c-043,Meta Ads Expert Chennai,informational_bofu,mid,chennai,1,parked,2,4,2,7,inferred,,,,
meta ads expert cost in chennai,c-043,Meta Ads Expert Chennai,informational_bofu,mid,chennai,1,parked,2,4,2,7,inferred,,,,
meta ads expert chennai reviews,c-043,Meta Ads Expert Chennai,commercial,mid,chennai,1,parked,2,4,2,7,inferred,,,,
24 hour meta ads expert chennai,c-043,Meta Ads Expert Chennai,transactional,long_tail,chennai,1,parked,2,4,2,7,inferred,,,,
same day meta ads expert chennai,c-043,Meta Ads Expert Chennai,transactional,long_tail,chennai,1,parked,2,4,2,7,inferred,,,,
top rated meta ads expert chennai,c-043,Meta Ads Expert Chennai,transactional,long_tail,chennai,1,parked,2,4,2,7,inferred,,,,
meta ads expert pune,c-044,Meta Ads Expert Pune,transactional,mid,pune,1,parked,2,4,2,7,inferred,,,,
pune meta ads expert,c-044,Meta Ads Expert Pune,transactional,mid,pune,1,parked,2,4,2,7,inferred,,,,
meta ads expert in pune,c-044,Meta Ads Expert Pune,transactional,mid,pune,1,parked,2,4,2,7,inferred,,,,
meta ads expert pune mh,c-044,Meta Ads Expert Pune,transactional,mid,pune,1,parked,2,4,2,7,inferred,,,,
meta ads expert near pune,c-044,Meta Ads Expert Pune,transactional,mid,pune,1,parked,2,4,2,7,inferred,,,,
best meta ads expert pune,c-044,Meta Ads Expert Pune,transactional,mid,pune,1,parked,2,4,2,7,inferred,,,,
cheap meta ads expert pune,c-044,Meta Ads Expert Pune,transactional,mid,pune,1,parked,2,4,2,7,inferred,,,,
meta ads expert company pune,c-044,Meta Ads Expert Pune,transactional,mid,pune,1,parked,2,4,2,7,inferred,,,,
best meta ads expert in pune,c-044,Meta Ads Expert Pune,transactional,mid,pune,1,parked,2,4,2,7,inferred,,,,
meta ads expert services pune,c-044,Meta Ads Expert Pune,transactional,mid,pune,1,parked,2,4,2,7,inferred,,,,
licensed meta ads expert pune,c-044,Meta Ads Expert Pune,transactional,mid,pune,1,parked,2,4,2,7,inferred,,,,
emergency meta ads expert pune,c-044,Meta Ads Expert Pune,transactional,mid,pune,1,parked,2,4,2,7,inferred,,,,
affordable meta ads expert pune,c-044,Meta Ads Expert Pune,transactional,mid,pune,1,parked,2,4,2,7,inferred,,,,
meta ads expert contractor pune,c-044,Meta Ads Expert Pune,transactional,mid,pune,1,parked,2,4,2,7,inferred,,,,
meta ads expert pune cost,c-044,Meta Ads Expert Pune,informational_bofu,mid,pune,1,parked,2,4,2,7,inferred,,,,
meta ads expert prices pune,c-044,Meta Ads Expert Pune,informational_bofu,mid,pune,1,parked,2,4,2,7,inferred,,,,
meta ads expert quotes pune,c-044,Meta Ads Expert Pune,informational_bofu,mid,pune,1,parked,2,4,2,7,inferred,,,,
meta ads expert cost in pune,c-044,Meta Ads Expert Pune,informational_bofu,mid,pune,1,parked,2,4,2,7,inferred,,,,
meta ads expert pune reviews,c-044,Meta Ads Expert Pune,commercial,mid,pune,1,parked,2,4,2,7,inferred,,,,
24 hour meta ads expert pune,c-044,Meta Ads Expert Pune,transactional,long_tail,pune,1,parked,2,4,2,7,inferred,,,,
same day meta ads expert pune,c-044,Meta Ads Expert Pune,transactional,long_tail,pune,1,parked,2,4,2,7,inferred,,,,
top rated meta ads expert pune,c-044,Meta Ads Expert Pune,transactional,long_tail,pune,1,parked,2,4,2,7,inferred,,,,
meta ads expert kolkata,c-045,Meta Ads Expert Kolkata,transactional,mid,kolkata,1,parked,2,4,2,7,inferred,,,,
kolkata meta ads expert,c-045,Meta Ads Expert Kolkata,transactional,mid,kolkata,1,parked,2,4,2,7,inferred,,,,
meta ads expert in kolkata,c-045,Meta Ads Expert Kolkata,transactional,mid,kolkata,1,parked,2,4,2,7,inferred,,,,
meta ads expert kolkata wb,c-045,Meta Ads Expert Kolkata,transactional,mid,kolkata,1,parked,2,4,2,7,inferred,,,,
meta ads expert near kolkata,c-045,Meta Ads Expert Kolkata,transactional,mid,kolkata,1,parked,2,4,2,7,inferred,,,,
best meta ads expert kolkata,c-045,Meta Ads Expert Kolkata,transactional,mid,kolkata,1,parked,2,4,2,7,inferred,,,,
cheap meta ads expert kolkata,c-045,Meta Ads Expert Kolkata,transactional,mid,kolkata,1,parked,2,4,2,7,inferred,,,,
meta ads expert company kolkata,c-045,Meta Ads Expert Kolkata,transactional,mid,kolkata,1,parked,2,4,2,7,inferred,,,,
best meta ads expert in kolkata,c-045,Meta Ads Expert Kolkata,transactional,mid,kolkata,1,parked,2,4,2,7,inferred,,,,
meta ads expert services kolkata,c-045,Meta Ads Expert Kolkata,transactional,mid,kolkata,1,parked,2,4,2,7,inferred,,,,
licensed meta ads expert kolkata,c-045,Meta Ads Expert Kolkata,transactional,mid,kolkata,1,parked,2,4,2,7,inferred,,,,
emergency meta ads expert kolkata,c-045,Meta Ads Expert Kolkata,transactional,mid,kolkata,1,parked,2,4,2,7,inferred,,,,
affordable meta ads expert kolkata,c-045,Meta Ads Expert Kolkata,transactional,mid,kolkata,1,parked,2,4,2,7,inferred,,,,
meta ads expert contractor kolkata,c-045,Meta Ads Expert Kolkata,transactional,mid,kolkata,1,parked,2,4,2,7,inferred,,,,
meta ads expert kolkata cost,c-045,Meta Ads Expert Kolkata,informational_bofu,mid,kolkata,1,parked,2,4,2,7,inferred,,,,
meta ads expert prices kolkata,c-045,Meta Ads Expert Kolkata,informational_bofu,mid,kolkata,1,parked,2,4,2,7,inferred,,,,
meta ads expert quotes kolkata,c-045,Meta Ads Expert Kolkata,informational_bofu,mid,kolkata,1,parked,2,4,2,7,inferred,,,,
meta ads expert cost in kolkata,c-045,Meta Ads Expert Kolkata,informational_bofu,mid,kolkata,1,parked,2,4,2,7,inferred,,,,
meta ads expert kolkata reviews,c-045,Meta Ads Expert Kolkata,commercial,mid,kolkata,1,parked,2,4,2,7,inferred,,,,
24 hour meta ads expert kolkata,c-045,Meta Ads Expert Kolkata,transactional,long_tail,kolkata,1,parked,2,4,2,7,inferred,,,,
same day meta ads expert kolkata,c-045,Meta Ads Expert Kolkata,transactional,long_tail,kolkata,1,parked,2,4,2,7,inferred,,,,
top rated meta ads expert kolkata,c-045,Meta Ads Expert Kolkata,transactional,long_tail,kolkata,1,parked,2,4,2,7,inferred,,,,
meta ads expert ahmedabad,c-046,Meta Ads Expert Ahmedabad,transactional,mid,ahmedabad,1,parked,2,4,2,7,inferred,,,,
ahmedabad meta ads expert,c-046,Meta Ads Expert Ahmedabad,transactional,mid,ahmedabad,1,parked,2,4,2,7,inferred,,,,
meta ads expert in ahmedabad,c-046,Meta Ads Expert Ahmedabad,transactional,mid,ahmedabad,1,parked,2,4,2,7,inferred,,,,
meta ads expert ahmedabad gj,c-046,Meta Ads Expert Ahmedabad,transactional,mid,ahmedabad,1,parked,2,4,2,7,inferred,,,,
meta ads expert near ahmedabad,c-046,Meta Ads Expert Ahmedabad,transactional,mid,ahmedabad,1,parked,2,4,2,7,inferred,,,,
best meta ads expert ahmedabad,c-046,Meta Ads Expert Ahmedabad,transactional,mid,ahmedabad,1,parked,2,4,2,7,inferred,,,,
cheap meta ads expert ahmedabad,c-046,Meta Ads Expert Ahmedabad,transactional,mid,ahmedabad,1,parked,2,4,2,7,inferred,,,,
meta ads expert company ahmedabad,c-046,Meta Ads Expert Ahmedabad,transactional,mid,ahmedabad,1,parked,2,4,2,7,inferred,,,,
best meta ads expert in ahmedabad,c-046,Meta Ads Expert Ahmedabad,transactional,mid,ahmedabad,1,parked,2,4,2,7,inferred,,,,
meta ads expert services ahmedabad,c-046,Meta Ads Expert Ahmedabad,transactional,mid,ahmedabad,1,parked,2,4,2,7,inferred,,,,
licensed meta ads expert ahmedabad,c-046,Meta Ads Expert Ahmedabad,transactional,mid,ahmedabad,1,parked,2,4,2,7,inferred,,,,
emergency meta ads expert ahmedabad,c-046,Meta Ads Expert Ahmedabad,transactional,mid,ahmedabad,1,parked,2,4,2,7,inferred,,,,
affordable meta ads expert ahmedabad,c-046,Meta Ads Expert Ahmedabad,transactional,mid,ahmedabad,1,parked,2,4,2,7,inferred,,,,
meta ads expert contractor ahmedabad,c-046,Meta Ads Expert Ahmedabad,transactional,mid,ahmedabad,1,parked,2,4,2,7,inferred,,,,
meta ads expert ahmedabad cost,c-046,Meta Ads Expert Ahmedabad,informational_bofu,mid,ahmedabad,1,parked,2,4,2,7,inferred,,,,
meta ads expert prices ahmedabad,c-046,Meta Ads Expert Ahmedabad,informational_bofu,mid,ahmedabad,1,parked,2,4,2,7,inferred,,,,
meta ads expert quotes ahmedabad,c-046,Meta Ads Expert Ahmedabad,informational_bofu,mid,ahmedabad,1,parked,2,4,2,7,inferred,,,,
meta ads expert cost in ahmedabad,c-046,Meta Ads Expert Ahmedabad,informational_bofu,mid,ahmedabad,1,parked,2,4,2,7,inferred,,,,
meta ads expert ahmedabad reviews,c-046,Meta Ads Expert Ahmedabad,commercial,mid,ahmedabad,1,parked,2,4,2,7,inferred,,,,
24 hour meta ads expert ahmedabad,c-046,Meta Ads Expert Ahmedabad,transactional,long_tail,ahmedabad,1,parked,2,4,2,7,inferred,,,,
same day meta ads expert ahmedabad,c-046,Meta Ads Expert Ahmedabad,transactional,long_tail,ahmedabad,1,parked,2,4,2,7,inferred,,,,
top rated meta ads expert ahmedabad,c-046,Meta Ads Expert Ahmedabad,transactional,long_tail,ahmedabad,1,parked,2,4,2,7,inferred,,,,
lead generation consultant mumbai,c-060,Lead Generation Consultant Mumbai,transactional,mid,mumbai,1,parked,2,4,2,7,inferred,,,,
mumbai lead generation consultant,c-060,Lead Generation Consultant Mumbai,transactional,mid,mumbai,1,parked,2,4,2,7,inferred,,,,
lead generation consultant in mumbai,c-060,Lead Generation Consultant Mumbai,transactional,mid,mumbai,1,parked,2,4,2,7,inferred,,,,
lead generation consultant mumbai mh,c-060,Lead Generation Consultant Mumbai,transactional,mid,mumbai,1,parked,2,4,2,7,inferred,,,,
lead generation consultant near mumbai,c-060,Lead Generation Consultant Mumbai,transactional,mid,mumbai,1,parked,2,4,2,7,inferred,,,,
best lead generation consultant mumbai,c-060,Lead Generation Consultant Mumbai,transactional,mid,mumbai,1,parked,2,4,2,7,inferred,,,,
cheap lead generation consultant mumbai,c-060,Lead Generation Consultant Mumbai,transactional,mid,mumbai,1,parked,2,4,2,7,inferred,,,,
lead generation consultant company mumbai,c-060,Lead Generation Consultant Mumbai,transactional,mid,mumbai,1,parked,2,4,2,7,inferred,,,,
best lead generation consultant in mumbai,c-060,Lead Generation Consultant Mumbai,transactional,mid,mumbai,1,parked,2,4,2,7,inferred,,,,
lead generation consultant services mumbai,c-060,Lead Generation Consultant Mumbai,transactional,mid,mumbai,1,parked,2,4,2,7,inferred,,,,
licensed lead generation consultant mumbai,c-060,Lead Generation Consultant Mumbai,transactional,mid,mumbai,1,parked,2,4,2,7,inferred,,,,
emergency lead generation consultant mumbai,c-060,Lead Generation Consultant Mumbai,transactional,mid,mumbai,1,parked,2,4,2,7,inferred,,,,
affordable lead generation consultant mumbai,c-060,Lead Generation Consultant Mumbai,transactional,mid,mumbai,1,parked,2,4,2,7,inferred,,,,
lead generation consultant contractor mumbai,c-060,Lead Generation Consultant Mumbai,transactional,mid,mumbai,1,parked,2,4,2,7,inferred,,,,
lead generation consultant mumbai cost,c-060,Lead Generation Consultant Mumbai,informational_bofu,mid,mumbai,1,parked,2,4,2,7,inferred,,,,
lead generation consultant prices mumbai,c-060,Lead Generation Consultant Mumbai,informational_bofu,mid,mumbai,1,parked,2,4,2,7,inferred,,,,
lead generation consultant quotes mumbai,c-060,Lead Generation Consultant Mumbai,informational_bofu,mid,mumbai,1,parked,2,4,2,7,inferred,,,,
lead generation consultant cost in mumbai,c-060,Lead Generation Consultant Mumbai,informational_bofu,mid,mumbai,1,parked,2,4,2,7,inferred,,,,
lead generation consultant mumbai reviews,c-060,Lead Generation Consultant Mumbai,commercial,mid,mumbai,1,parked,2,4,2,7,inferred,,,,
24 hour lead generation consultant mumbai,c-060,Lead Generation Consultant Mumbai,transactional,long_tail,mumbai,1,parked,2,4,2,7,inferred,,,,
same day lead generation consultant mumbai,c-060,Lead Generation Consultant Mumbai,transactional,long_tail,mumbai,1,parked,2,4,2,7,inferred,,,,
top rated lead generation consultant mumbai,c-060,Lead Generation Consultant Mumbai,transactional,long_tail,mumbai,1,parked,2,4,2,7,inferred,,,,
lead generation consultant delhi,c-061,Lead Generation Consultant Delhi,transactional,mid,delhi,1,parked,2,4,2,7,inferred,,,,
delhi lead generation consultant,c-061,Lead Generation Consultant Delhi,transactional,mid,delhi,1,parked,2,4,2,7,inferred,,,,
lead generation consultant in delhi,c-061,Lead Generation Consultant Delhi,transactional,mid,delhi,1,parked,2,4,2,7,inferred,,,,
lead generation consultant delhi dl,c-061,Lead Generation Consultant Delhi,transactional,mid,delhi,1,parked,2,4,2,7,inferred,,,,
lead generation consultant near delhi,c-061,Lead Generation Consultant Delhi,transactional,mid,delhi,1,parked,2,4,2,7,inferred,,,,
best lead generation consultant delhi,c-061,Lead Generation Consultant Delhi,transactional,mid,delhi,1,parked,2,4,2,7,inferred,,,,
cheap lead generation consultant delhi,c-061,Lead Generation Consultant Delhi,transactional,mid,delhi,1,parked,2,4,2,7,inferred,,,,
lead generation consultant company delhi,c-061,Lead Generation Consultant Delhi,transactional,mid,delhi,1,parked,2,4,2,7,inferred,,,,
best lead generation consultant in delhi,c-061,Lead Generation Consultant Delhi,transactional,mid,delhi,1,parked,2,4,2,7,inferred,,,,
lead generation consultant services delhi,c-061,Lead Generation Consultant Delhi,transactional,mid,delhi,1,parked,2,4,2,7,inferred,,,,
licensed lead generation consultant delhi,c-061,Lead Generation Consultant Delhi,transactional,mid,delhi,1,parked,2,4,2,7,inferred,,,,
emergency lead generation consultant delhi,c-061,Lead Generation Consultant Delhi,transactional,mid,delhi,1,parked,2,4,2,7,inferred,,,,
affordable lead generation consultant delhi,c-061,Lead Generation Consultant Delhi,transactional,mid,delhi,1,parked,2,4,2,7,inferred,,,,
lead generation consultant contractor delhi,c-061,Lead Generation Consultant Delhi,transactional,mid,delhi,1,parked,2,4,2,7,inferred,,,,
lead generation consultant delhi cost,c-061,Lead Generation Consultant Delhi,informational_bofu,mid,delhi,1,parked,2,4,2,7,inferred,,,,
lead generation consultant prices delhi,c-061,Lead Generation Consultant Delhi,informational_bofu,mid,delhi,1,parked,2,4,2,7,inferred,,,,
lead generation consultant quotes delhi,c-061,Lead Generation Consultant Delhi,informational_bofu,mid,delhi,1,parked,2,4,2,7,inferred,,,,
lead generation consultant cost in delhi,c-061,Lead Generation Consultant Delhi,informational_bofu,mid,delhi,1,parked,2,4,2,7,inferred,,,,
lead generation consultant delhi reviews,c-061,Lead Generation Consultant Delhi,commercial,mid,delhi,1,parked,2,4,2,7,inferred,,,,
24 hour lead generation consultant delhi,c-061,Lead Generation Consultant Delhi,transactional,long_tail,delhi,1,parked,2,4,2,7,inferred,,,,
same day lead generation consultant delhi,c-061,Lead Generation Consultant Delhi,transactional,long_tail,delhi,1,parked,2,4,2,7,inferred,,,,
top rated lead generation consultant delhi,c-061,Lead Generation Consultant Delhi,transactional,long_tail,delhi,1,parked,2,4,2,7,inferred,,,,
lead generation consultant gurgaon,c-062,Lead Generation Consultant Gurgaon,transactional,mid,gurgaon,1,parked,2,4,2,7,inferred,,,,
gurgaon lead generation consultant,c-062,Lead Generation Consultant Gurgaon,transactional,mid,gurgaon,1,parked,2,4,2,7,inferred,,,,
lead generation consultant in gurgaon,c-062,Lead Generation Consultant Gurgaon,transactional,mid,gurgaon,1,parked,2,4,2,7,inferred,,,,
lead generation consultant gurgaon hr,c-062,Lead Generation Consultant Gurgaon,transactional,mid,gurgaon,1,parked,2,4,2,7,inferred,,,,
lead generation consultant near gurgaon,c-062,Lead Generation Consultant Gurgaon,transactional,mid,gurgaon,1,parked,2,4,2,7,inferred,,,,
best lead generation consultant gurgaon,c-062,Lead Generation Consultant Gurgaon,transactional,mid,gurgaon,1,parked,2,4,2,7,inferred,,,,
cheap lead generation consultant gurgaon,c-062,Lead Generation Consultant Gurgaon,transactional,mid,gurgaon,1,parked,2,4,2,7,inferred,,,,
lead generation consultant company gurgaon,c-062,Lead Generation Consultant Gurgaon,transactional,mid,gurgaon,1,parked,2,4,2,7,inferred,,,,
best lead generation consultant in gurgaon,c-062,Lead Generation Consultant Gurgaon,transactional,mid,gurgaon,1,parked,2,4,2,7,inferred,,,,
lead generation consultant services gurgaon,c-062,Lead Generation Consultant Gurgaon,transactional,mid,gurgaon,1,parked,2,4,2,7,inferred,,,,
licensed lead generation consultant gurgaon,c-062,Lead Generation Consultant Gurgaon,transactional,mid,gurgaon,1,parked,2,4,2,7,inferred,,,,
emergency lead generation consultant gurgaon,c-062,Lead Generation Consultant Gurgaon,transactional,mid,gurgaon,1,parked,2,4,2,7,inferred,,,,
affordable lead generation consultant gurgaon,c-062,Lead Generation Consultant Gurgaon,transactional,mid,gurgaon,1,parked,2,4,2,7,inferred,,,,
lead generation consultant contractor gurgaon,c-062,Lead Generation Consultant Gurgaon,transactional,mid,gurgaon,1,parked,2,4,2,7,inferred,,,,
lead generation consultant gurgaon cost,c-062,Lead Generation Consultant Gurgaon,informational_bofu,mid,gurgaon,1,parked,2,4,2,7,inferred,,,,
lead generation consultant prices gurgaon,c-062,Lead Generation Consultant Gurgaon,informational_bofu,mid,gurgaon,1,parked,2,4,2,7,inferred,,,,
lead generation consultant quotes gurgaon,c-062,Lead Generation Consultant Gurgaon,informational_bofu,mid,gurgaon,1,parked,2,4,2,7,inferred,,,,
lead generation consultant cost in gurgaon,c-062,Lead Generation Consultant Gurgaon,informational_bofu,mid,gurgaon,1,parked,2,4,2,7,inferred,,,,
lead generation consultant gurgaon reviews,c-062,Lead Generation Consultant Gurgaon,commercial,mid,gurgaon,1,parked,2,4,2,7,inferred,,,,
24 hour lead generation consultant gurgaon,c-062,Lead Generation Consultant Gurgaon,transactional,long_tail,gurgaon,1,parked,2,4,2,7,inferred,,,,
same day lead generation consultant gurgaon,c-062,Lead Generation Consultant Gurgaon,transactional,long_tail,gurgaon,1,parked,2,4,2,7,inferred,,,,
top rated lead generation consultant gurgaon,c-062,Lead Generation Consultant Gurgaon,transactional,long_tail,gurgaon,1,parked,2,4,2,7,inferred,,,,
lead generation consultant noida,c-063,Lead Generation Consultant Noida,transactional,mid,noida,1,parked,2,4,2,7,inferred,,,,
noida lead generation consultant,c-063,Lead Generation Consultant Noida,transactional,mid,noida,1,parked,2,4,2,7,inferred,,,,
lead generation consultant in noida,c-063,Lead Generation Consultant Noida,transactional,mid,noida,1,parked,2,4,2,7,inferred,,,,
lead generation consultant noida up,c-063,Lead Generation Consultant Noida,transactional,mid,noida,1,parked,2,4,2,7,inferred,,,,
lead generation consultant near noida,c-063,Lead Generation Consultant Noida,transactional,mid,noida,1,parked,2,4,2,7,inferred,,,,
best lead generation consultant noida,c-063,Lead Generation Consultant Noida,transactional,mid,noida,1,parked,2,4,2,7,inferred,,,,
cheap lead generation consultant noida,c-063,Lead Generation Consultant Noida,transactional,mid,noida,1,parked,2,4,2,7,inferred,,,,
lead generation consultant company noida,c-063,Lead Generation Consultant Noida,transactional,mid,noida,1,parked,2,4,2,7,inferred,,,,
best lead generation consultant in noida,c-063,Lead Generation Consultant Noida,transactional,mid,noida,1,parked,2,4,2,7,inferred,,,,
lead generation consultant services noida,c-063,Lead Generation Consultant Noida,transactional,mid,noida,1,parked,2,4,2,7,inferred,,,,
licensed lead generation consultant noida,c-063,Lead Generation Consultant Noida,transactional,mid,noida,1,parked,2,4,2,7,inferred,,,,
emergency lead generation consultant noida,c-063,Lead Generation Consultant Noida,transactional,mid,noida,1,parked,2,4,2,7,inferred,,,,
affordable lead generation consultant noida,c-063,Lead Generation Consultant Noida,transactional,mid,noida,1,parked,2,4,2,7,inferred,,,,
lead generation consultant contractor noida,c-063,Lead Generation Consultant Noida,transactional,mid,noida,1,parked,2,4,2,7,inferred,,,,
lead generation consultant noida cost,c-063,Lead Generation Consultant Noida,informational_bofu,mid,noida,1,parked,2,4,2,7,inferred,,,,
lead generation consultant prices noida,c-063,Lead Generation Consultant Noida,informational_bofu,mid,noida,1,parked,2,4,2,7,inferred,,,,
lead generation consultant quotes noida,c-063,Lead Generation Consultant Noida,informational_bofu,mid,noida,1,parked,2,4,2,7,inferred,,,,
lead generation consultant cost in noida,c-063,Lead Generation Consultant Noida,informational_bofu,mid,noida,1,parked,2,4,2,7,inferred,,,,
lead generation consultant noida reviews,c-063,Lead Generation Consultant Noida,commercial,mid,noida,1,parked,2,4,2,7,inferred,,,,
24 hour lead generation consultant noida,c-063,Lead Generation Consultant Noida,transactional,long_tail,noida,1,parked,2,4,2,7,inferred,,,,
same day lead generation consultant noida,c-063,Lead Generation Consultant Noida,transactional,long_tail,noida,1,parked,2,4,2,7,inferred,,,,
top rated lead generation consultant noida,c-063,Lead Generation Consultant Noida,transactional,long_tail,noida,1,parked,2,4,2,7,inferred,,,,
lead generation consultant hyderabad,c-064,Lead Generation Consultant Hyderabad,transactional,mid,hyderabad,1,parked,2,4,2,7,inferred,,,,
hyderabad lead generation consultant,c-064,Lead Generation Consultant Hyderabad,transactional,mid,hyderabad,1,parked,2,4,2,7,inferred,,,,
lead generation consultant in hyderabad,c-064,Lead Generation Consultant Hyderabad,transactional,mid,hyderabad,1,parked,2,4,2,7,inferred,,,,
lead generation consultant hyderabad ts,c-064,Lead Generation Consultant Hyderabad,transactional,mid,hyderabad,1,parked,2,4,2,7,inferred,,,,
lead generation consultant near hyderabad,c-064,Lead Generation Consultant Hyderabad,transactional,mid,hyderabad,1,parked,2,4,2,7,inferred,,,,
best lead generation consultant hyderabad,c-064,Lead Generation Consultant Hyderabad,transactional,mid,hyderabad,1,parked,2,4,2,7,inferred,,,,
cheap lead generation consultant hyderabad,c-064,Lead Generation Consultant Hyderabad,transactional,mid,hyderabad,1,parked,2,4,2,7,inferred,,,,
lead generation consultant company hyderabad,c-064,Lead Generation Consultant Hyderabad,transactional,mid,hyderabad,1,parked,2,4,2,7,inferred,,,,
best lead generation consultant in hyderabad,c-064,Lead Generation Consultant Hyderabad,transactional,mid,hyderabad,1,parked,2,4,2,7,inferred,,,,
lead generation consultant services hyderabad,c-064,Lead Generation Consultant Hyderabad,transactional,mid,hyderabad,1,parked,2,4,2,7,inferred,,,,
licensed lead generation consultant hyderabad,c-064,Lead Generation Consultant Hyderabad,transactional,mid,hyderabad,1,parked,2,4,2,7,inferred,,,,
emergency lead generation consultant hyderabad,c-064,Lead Generation Consultant Hyderabad,transactional,mid,hyderabad,1,parked,2,4,2,7,inferred,,,,
affordable lead generation consultant hyderabad,c-064,Lead Generation Consultant Hyderabad,transactional,mid,hyderabad,1,parked,2,4,2,7,inferred,,,,
lead generation consultant contractor hyderabad,c-064,Lead Generation Consultant Hyderabad,transactional,mid,hyderabad,1,parked,2,4,2,7,inferred,,,,
lead generation consultant hyderabad cost,c-064,Lead Generation Consultant Hyderabad,informational_bofu,mid,hyderabad,1,parked,2,4,2,7,inferred,,,,
lead generation consultant prices hyderabad,c-064,Lead Generation Consultant Hyderabad,informational_bofu,mid,hyderabad,1,parked,2,4,2,7,inferred,,,,
lead generation consultant quotes hyderabad,c-064,Lead Generation Consultant Hyderabad,informational_bofu,mid,hyderabad,1,parked,2,4,2,7,inferred,,,,
lead generation consultant cost in hyderabad,c-064,Lead Generation Consultant Hyderabad,informational_bofu,mid,hyderabad,1,parked,2,4,2,7,inferred,,,,
lead generation consultant hyderabad reviews,c-064,Lead Generation Consultant Hyderabad,commercial,mid,hyderabad,1,parked,2,4,2,7,inferred,,,,
24 hour lead generation consultant hyderabad,c-064,Lead Generation Consultant Hyderabad,transactional,long_tail,hyderabad,1,parked,2,4,2,7,inferred,,,,
same day lead generation consultant hyderabad,c-064,Lead Generation Consultant Hyderabad,transactional,long_tail,hyderabad,1,parked,2,4,2,7,inferred,,,,
top rated lead generation consultant hyderabad,c-064,Lead Generation Consultant Hyderabad,transactional,long_tail,hyderabad,1,parked,2,4,2,7,inferred,,,,
lead generation consultant chennai,c-065,Lead Generation Consultant Chennai,transactional,mid,chennai,1,parked,2,4,2,7,inferred,,,,
chennai lead generation consultant,c-065,Lead Generation Consultant Chennai,transactional,mid,chennai,1,parked,2,4,2,7,inferred,,,,
lead generation consultant in chennai,c-065,Lead Generation Consultant Chennai,transactional,mid,chennai,1,parked,2,4,2,7,inferred,,,,
lead generation consultant chennai tn,c-065,Lead Generation Consultant Chennai,transactional,mid,chennai,1,parked,2,4,2,7,inferred,,,,
lead generation consultant near chennai,c-065,Lead Generation Consultant Chennai,transactional,mid,chennai,1,parked,2,4,2,7,inferred,,,,
best lead generation consultant chennai,c-065,Lead Generation Consultant Chennai,transactional,mid,chennai,1,parked,2,4,2,7,inferred,,,,
cheap lead generation consultant chennai,c-065,Lead Generation Consultant Chennai,transactional,mid,chennai,1,parked,2,4,2,7,inferred,,,,
lead generation consultant company chennai,c-065,Lead Generation Consultant Chennai,transactional,mid,chennai,1,parked,2,4,2,7,inferred,,,,
best lead generation consultant in chennai,c-065,Lead Generation Consultant Chennai,transactional,mid,chennai,1,parked,2,4,2,7,inferred,,,,
lead generation consultant services chennai,c-065,Lead Generation Consultant Chennai,transactional,mid,chennai,1,parked,2,4,2,7,inferred,,,,
licensed lead generation consultant chennai,c-065,Lead Generation Consultant Chennai,transactional,mid,chennai,1,parked,2,4,2,7,inferred,,,,
emergency lead generation consultant chennai,c-065,Lead Generation Consultant Chennai,transactional,mid,chennai,1,parked,2,4,2,7,inferred,,,,
affordable lead generation consultant chennai,c-065,Lead Generation Consultant Chennai,transactional,mid,chennai,1,parked,2,4,2,7,inferred,,,,
lead generation consultant contractor chennai,c-065,Lead Generation Consultant Chennai,transactional,mid,chennai,1,parked,2,4,2,7,inferred,,,,
lead generation consultant chennai cost,c-065,Lead Generation Consultant Chennai,informational_bofu,mid,chennai,1,parked,2,4,2,7,inferred,,,,
lead generation consultant prices chennai,c-065,Lead Generation Consultant Chennai,informational_bofu,mid,chennai,1,parked,2,4,2,7,inferred,,,,
lead generation consultant quotes chennai,c-065,Lead Generation Consultant Chennai,informational_bofu,mid,chennai,1,parked,2,4,2,7,inferred,,,,
lead generation consultant cost in chennai,c-065,Lead Generation Consultant Chennai,informational_bofu,mid,chennai,1,parked,2,4,2,7,inferred,,,,
lead generation consultant chennai reviews,c-065,Lead Generation Consultant Chennai,commercial,mid,chennai,1,parked,2,4,2,7,inferred,,,,
24 hour lead generation consultant chennai,c-065,Lead Generation Consultant Chennai,transactional,long_tail,chennai,1,parked,2,4,2,7,inferred,,,,
same day lead generation consultant chennai,c-065,Lead Generation Consultant Chennai,transactional,long_tail,chennai,1,parked,2,4,2,7,inferred,,,,
top rated lead generation consultant chennai,c-065,Lead Generation Consultant Chennai,transactional,long_tail,chennai,1,parked,2,4,2,7,inferred,,,,
lead generation consultant pune,c-066,Lead Generation Consultant Pune,transactional,mid,pune,1,parked,2,4,2,7,inferred,,,,
pune lead generation consultant,c-066,Lead Generation Consultant Pune,transactional,mid,pune,1,parked,2,4,2,7,inferred,,,,
lead generation consultant in pune,c-066,Lead Generation Consultant Pune,transactional,mid,pune,1,parked,2,4,2,7,inferred,,,,
lead generation consultant pune mh,c-066,Lead Generation Consultant Pune,transactional,mid,pune,1,parked,2,4,2,7,inferred,,,,
lead generation consultant near pune,c-066,Lead Generation Consultant Pune,transactional,mid,pune,1,parked,2,4,2,7,inferred,,,,
best lead generation consultant pune,c-066,Lead Generation Consultant Pune,transactional,mid,pune,1,parked,2,4,2,7,inferred,,,,
cheap lead generation consultant pune,c-066,Lead Generation Consultant Pune,transactional,mid,pune,1,parked,2,4,2,7,inferred,,,,
lead generation consultant company pune,c-066,Lead Generation Consultant Pune,transactional,mid,pune,1,parked,2,4,2,7,inferred,,,,
best lead generation consultant in pune,c-066,Lead Generation Consultant Pune,transactional,mid,pune,1,parked,2,4,2,7,inferred,,,,
lead generation consultant services pune,c-066,Lead Generation Consultant Pune,transactional,mid,pune,1,parked,2,4,2,7,inferred,,,,
licensed lead generation consultant pune,c-066,Lead Generation Consultant Pune,transactional,mid,pune,1,parked,2,4,2,7,inferred,,,,
emergency lead generation consultant pune,c-066,Lead Generation Consultant Pune,transactional,mid,pune,1,parked,2,4,2,7,inferred,,,,
affordable lead generation consultant pune,c-066,Lead Generation Consultant Pune,transactional,mid,pune,1,parked,2,4,2,7,inferred,,,,
lead generation consultant contractor pune,c-066,Lead Generation Consultant Pune,transactional,mid,pune,1,parked,2,4,2,7,inferred,,,,
lead generation consultant pune cost,c-066,Lead Generation Consultant Pune,informational_bofu,mid,pune,1,parked,2,4,2,7,inferred,,,,
lead generation consultant prices pune,c-066,Lead Generation Consultant Pune,informational_bofu,mid,pune,1,parked,2,4,2,7,inferred,,,,
lead generation consultant quotes pune,c-066,Lead Generation Consultant Pune,informational_bofu,mid,pune,1,parked,2,4,2,7,inferred,,,,
lead generation consultant cost in pune,c-066,Lead Generation Consultant Pune,informational_bofu,mid,pune,1,parked,2,4,2,7,inferred,,,,
lead generation consultant pune reviews,c-066,Lead Generation Consultant Pune,commercial,mid,pune,1,parked,2,4,2,7,inferred,,,,
24 hour lead generation consultant pune,c-066,Lead Generation Consultant Pune,transactional,long_tail,pune,1,parked,2,4,2,7,inferred,,,,
same day lead generation consultant pune,c-066,Lead Generation Consultant Pune,transactional,long_tail,pune,1,parked,2,4,2,7,inferred,,,,
top rated lead generation consultant pune,c-066,Lead Generation Consultant Pune,transactional,long_tail,pune,1,parked,2,4,2,7,inferred,,,,
lead generation consultant kolkata,c-067,Lead Generation Consultant Kolkata,transactional,mid,kolkata,1,parked,2,4,2,7,inferred,,,,
kolkata lead generation consultant,c-067,Lead Generation Consultant Kolkata,transactional,mid,kolkata,1,parked,2,4,2,7,inferred,,,,
lead generation consultant in kolkata,c-067,Lead Generation Consultant Kolkata,transactional,mid,kolkata,1,parked,2,4,2,7,inferred,,,,
lead generation consultant kolkata wb,c-067,Lead Generation Consultant Kolkata,transactional,mid,kolkata,1,parked,2,4,2,7,inferred,,,,
lead generation consultant near kolkata,c-067,Lead Generation Consultant Kolkata,transactional,mid,kolkata,1,parked,2,4,2,7,inferred,,,,
best lead generation consultant kolkata,c-067,Lead Generation Consultant Kolkata,transactional,mid,kolkata,1,parked,2,4,2,7,inferred,,,,
cheap lead generation consultant kolkata,c-067,Lead Generation Consultant Kolkata,transactional,mid,kolkata,1,parked,2,4,2,7,inferred,,,,
lead generation consultant company kolkata,c-067,Lead Generation Consultant Kolkata,transactional,mid,kolkata,1,parked,2,4,2,7,inferred,,,,
best lead generation consultant in kolkata,c-067,Lead Generation Consultant Kolkata,transactional,mid,kolkata,1,parked,2,4,2,7,inferred,,,,
lead generation consultant services kolkata,c-067,Lead Generation Consultant Kolkata,transactional,mid,kolkata,1,parked,2,4,2,7,inferred,,,,
licensed lead generation consultant kolkata,c-067,Lead Generation Consultant Kolkata,transactional,mid,kolkata,1,parked,2,4,2,7,inferred,,,,
emergency lead generation consultant kolkata,c-067,Lead Generation Consultant Kolkata,transactional,mid,kolkata,1,parked,2,4,2,7,inferred,,,,
affordable lead generation consultant kolkata,c-067,Lead Generation Consultant Kolkata,transactional,mid,kolkata,1,parked,2,4,2,7,inferred,,,,
lead generation consultant contractor kolkata,c-067,Lead Generation Consultant Kolkata,transactional,mid,kolkata,1,parked,2,4,2,7,inferred,,,,
lead generation consultant kolkata cost,c-067,Lead Generation Consultant Kolkata,informational_bofu,mid,kolkata,1,parked,2,4,2,7,inferred,,,,
lead generation consultant prices kolkata,c-067,Lead Generation Consultant Kolkata,informational_bofu,mid,kolkata,1,parked,2,4,2,7,inferred,,,,
lead generation consultant quotes kolkata,c-067,Lead Generation Consultant Kolkata,informational_bofu,mid,kolkata,1,parked,2,4,2,7,inferred,,,,
lead generation consultant cost in kolkata,c-067,Lead Generation Consultant Kolkata,informational_bofu,mid,kolkata,1,parked,2,4,2,7,inferred,,,,
lead generation consultant kolkata reviews,c-067,Lead Generation Consultant Kolkata,commercial,mid,kolkata,1,parked,2,4,2,7,inferred,,,,
24 hour lead generation consultant kolkata,c-067,Lead Generation Consultant Kolkata,transactional,long_tail,kolkata,1,parked,2,4,2,7,inferred,,,,
same day lead generation consultant kolkata,c-067,Lead Generation Consultant Kolkata,transactional,long_tail,kolkata,1,parked,2,4,2,7,inferred,,,,
top rated lead generation consultant kolkata,c-067,Lead Generation Consultant Kolkata,transactional,long_tail,kolkata,1,parked,2,4,2,7,inferred,,,,
lead generation consultant ahmedabad,c-068,Lead Generation Consultant Ahmedabad,transactional,mid,ahmedabad,1,parked,2,4,2,7,inferred,,,,
ahmedabad lead generation consultant,c-068,Lead Generation Consultant Ahmedabad,transactional,mid,ahmedabad,1,parked,2,4,2,7,inferred,,,,
lead generation consultant in ahmedabad,c-068,Lead Generation Consultant Ahmedabad,transactional,mid,ahmedabad,1,parked,2,4,2,7,inferred,,,,
lead generation consultant ahmedabad gj,c-068,Lead Generation Consultant Ahmedabad,transactional,mid,ahmedabad,1,parked,2,4,2,7,inferred,,,,
lead generation consultant near ahmedabad,c-068,Lead Generation Consultant Ahmedabad,transactional,mid,ahmedabad,1,parked,2,4,2,7,inferred,,,,
best lead generation consultant ahmedabad,c-068,Lead Generation Consultant Ahmedabad,transactional,mid,ahmedabad,1,parked,2,4,2,7,inferred,,,,
cheap lead generation consultant ahmedabad,c-068,Lead Generation Consultant Ahmedabad,transactional,mid,ahmedabad,1,parked,2,4,2,7,inferred,,,,
lead generation consultant company ahmedabad,c-068,Lead Generation Consultant Ahmedabad,transactional,mid,ahmedabad,1,parked,2,4,2,7,inferred,,,,
best lead generation consultant in ahmedabad,c-068,Lead Generation Consultant Ahmedabad,transactional,mid,ahmedabad,1,parked,2,4,2,7,inferred,,,,
lead generation consultant services ahmedabad,c-068,Lead Generation Consultant Ahmedabad,transactional,mid,ahmedabad,1,parked,2,4,2,7,inferred,,,,
licensed lead generation consultant ahmedabad,c-068,Lead Generation Consultant Ahmedabad,transactional,mid,ahmedabad,1,parked,2,4,2,7,inferred,,,,
emergency lead generation consultant ahmedabad,c-068,Lead Generation Consultant Ahmedabad,transactional,mid,ahmedabad,1,parked,2,4,2,7,inferred,,,,
affordable lead generation consultant ahmedabad,c-068,Lead Generation Consultant Ahmedabad,transactional,mid,ahmedabad,1,parked,2,4,2,7,inferred,,,,
lead generation consultant contractor ahmedabad,c-068,Lead Generation Consultant Ahmedabad,transactional,mid,ahmedabad,1,parked,2,4,2,7,inferred,,,,
lead generation consultant ahmedabad cost,c-068,Lead Generation Consultant Ahmedabad,informational_bofu,mid,ahmedabad,1,parked,2,4,2,7,inferred,,,,
lead generation consultant prices ahmedabad,c-068,Lead Generation Consultant Ahmedabad,informational_bofu,mid,ahmedabad,1,parked,2,4,2,7,inferred,,,,
lead generation consultant quotes ahmedabad,c-068,Lead Generation Consultant Ahmedabad,informational_bofu,mid,ahmedabad,1,parked,2,4,2,7,inferred,,,,
lead generation consultant cost in ahmedabad,c-068,Lead Generation Consultant Ahmedabad,informational_bofu,mid,ahmedabad,1,parked,2,4,2,7,inferred,,,,
lead generation consultant ahmedabad reviews,c-068,Lead Generation Consultant Ahmedabad,commercial,mid,ahmedabad,1,parked,2,4,2,7,inferred,,,,
24 hour lead generation consultant ahmedabad,c-068,Lead Generation Consultant Ahmedabad,transactional,long_tail,ahmedabad,1,parked,2,4,2,7,inferred,,,,
same day lead generation consultant ahmedabad,c-068,Lead Generation Consultant Ahmedabad,transactional,long_tail,ahmedabad,1,parked,2,4,2,7,inferred,,,,
top rated lead generation consultant ahmedabad,c-068,Lead Generation Consultant Ahmedabad,transactional,long_tail,ahmedabad,1,parked,2,4,2,7,inferred,,,,
social media marketing consultant mumbai,c-070,Social Media Marketing Consultant Mumbai,transactional,mid,mumbai,1,parked,2,4,2,7,inferred,,,,
mumbai social media marketing consultant,c-070,Social Media Marketing Consultant Mumbai,transactional,mid,mumbai,1,parked,2,4,2,7,inferred,,,,
social media marketing consultant in mumbai,c-070,Social Media Marketing Consultant Mumbai,transactional,mid,mumbai,1,parked,2,4,2,7,inferred,,,,
social media marketing consultant mumbai mh,c-070,Social Media Marketing Consultant Mumbai,transactional,long_tail,mumbai,1,parked,2,4,2,7,inferred,,,,
social media marketing consultant near mumbai,c-070,Social Media Marketing Consultant Mumbai,transactional,long_tail,mumbai,1,parked,2,4,2,7,inferred,,,,
best social media marketing consultant mumbai,c-070,Social Media Marketing Consultant Mumbai,transactional,long_tail,mumbai,1,parked,2,4,2,7,inferred,,,,
cheap social media marketing consultant mumbai,c-070,Social Media Marketing Consultant Mumbai,transactional,long_tail,mumbai,1,parked,2,4,2,7,inferred,,,,
social media marketing consultant company mumbai,c-070,Social Media Marketing Consultant Mumbai,transactional,long_tail,mumbai,1,parked,2,4,2,7,inferred,,,,
best social media marketing consultant in mumbai,c-070,Social Media Marketing Consultant Mumbai,transactional,long_tail,mumbai,1,parked,2,4,2,7,inferred,,,,
24 hour social media marketing consultant mumbai,c-070,Social Media Marketing Consultant Mumbai,transactional,long_tail,mumbai,1,parked,2,4,2,7,inferred,,,,
social media marketing consultant services mumbai,c-070,Social Media Marketing Consultant Mumbai,transactional,long_tail,mumbai,1,parked,2,4,2,7,inferred,,,,
same day social media marketing consultant mumbai,c-070,Social Media Marketing Consultant Mumbai,transactional,long_tail,mumbai,1,parked,2,4,2,7,inferred,,,,
licensed social media marketing consultant mumbai,c-070,Social Media Marketing Consultant Mumbai,transactional,long_tail,mumbai,1,parked,2,4,2,7,inferred,,,,
top rated social media marketing consultant mumbai,c-070,Social Media Marketing Consultant Mumbai,transactional,long_tail,mumbai,1,parked,2,4,2,7,inferred,,,,
emergency social media marketing consultant mumbai,c-070,Social Media Marketing Consultant Mumbai,transactional,long_tail,mumbai,1,parked,2,4,2,7,inferred,,,,
affordable social media marketing consultant mumbai,c-070,Social Media Marketing Consultant Mumbai,transactional,long_tail,mumbai,1,parked,2,4,2,7,inferred,,,,
social media marketing consultant contractor mumbai,c-070,Social Media Marketing Consultant Mumbai,transactional,long_tail,mumbai,1,parked,2,4,2,7,inferred,,,,
social media marketing consultant mumbai cost,c-070,Social Media Marketing Consultant Mumbai,informational_bofu,long_tail,mumbai,1,parked,2,4,2,7,inferred,,,,
social media marketing consultant prices mumbai,c-070,Social Media Marketing Consultant Mumbai,informational_bofu,long_tail,mumbai,1,parked,2,4,2,7,inferred,,,,
social media marketing consultant quotes mumbai,c-070,Social Media Marketing Consultant Mumbai,informational_bofu,long_tail,mumbai,1,parked,2,4,2,7,inferred,,,,
social media marketing consultant cost in mumbai,c-070,Social Media Marketing Consultant Mumbai,informational_bofu,long_tail,mumbai,1,parked,2,4,2,7,inferred,,,,
social media marketing consultant mumbai reviews,c-070,Social Media Marketing Consultant Mumbai,commercial,long_tail,mumbai,1,parked,2,4,2,7,inferred,,,,
social media marketing consultant delhi,c-071,Social Media Marketing Consultant Delhi,transactional,mid,delhi,1,parked,2,4,2,7,inferred,,,,
delhi social media marketing consultant,c-071,Social Media Marketing Consultant Delhi,transactional,mid,delhi,1,parked,2,4,2,7,inferred,,,,
social media marketing consultant in delhi,c-071,Social Media Marketing Consultant Delhi,transactional,mid,delhi,1,parked,2,4,2,7,inferred,,,,
social media marketing consultant delhi dl,c-071,Social Media Marketing Consultant Delhi,transactional,long_tail,delhi,1,parked,2,4,2,7,inferred,,,,
social media marketing consultant near delhi,c-071,Social Media Marketing Consultant Delhi,transactional,long_tail,delhi,1,parked,2,4,2,7,inferred,,,,
best social media marketing consultant delhi,c-071,Social Media Marketing Consultant Delhi,transactional,long_tail,delhi,1,parked,2,4,2,7,inferred,,,,
cheap social media marketing consultant delhi,c-071,Social Media Marketing Consultant Delhi,transactional,long_tail,delhi,1,parked,2,4,2,7,inferred,,,,
social media marketing consultant company delhi,c-071,Social Media Marketing Consultant Delhi,transactional,long_tail,delhi,1,parked,2,4,2,7,inferred,,,,
best social media marketing consultant in delhi,c-071,Social Media Marketing Consultant Delhi,transactional,long_tail,delhi,1,parked,2,4,2,7,inferred,,,,
24 hour social media marketing consultant delhi,c-071,Social Media Marketing Consultant Delhi,transactional,long_tail,delhi,1,parked,2,4,2,7,inferred,,,,
social media marketing consultant services delhi,c-071,Social Media Marketing Consultant Delhi,transactional,long_tail,delhi,1,parked,2,4,2,7,inferred,,,,
same day social media marketing consultant delhi,c-071,Social Media Marketing Consultant Delhi,transactional,long_tail,delhi,1,parked,2,4,2,7,inferred,,,,
licensed social media marketing consultant delhi,c-071,Social Media Marketing Consultant Delhi,transactional,long_tail,delhi,1,parked,2,4,2,7,inferred,,,,
top rated social media marketing consultant delhi,c-071,Social Media Marketing Consultant Delhi,transactional,long_tail,delhi,1,parked,2,4,2,7,inferred,,,,
emergency social media marketing consultant delhi,c-071,Social Media Marketing Consultant Delhi,transactional,long_tail,delhi,1,parked,2,4,2,7,inferred,,,,
affordable social media marketing consultant delhi,c-071,Social Media Marketing Consultant Delhi,transactional,long_tail,delhi,1,parked,2,4,2,7,inferred,,,,
social media marketing consultant contractor delhi,c-071,Social Media Marketing Consultant Delhi,transactional,long_tail,delhi,1,parked,2,4,2,7,inferred,,,,
social media marketing consultant delhi cost,c-071,Social Media Marketing Consultant Delhi,informational_bofu,long_tail,delhi,1,parked,2,4,2,7,inferred,,,,
social media marketing consultant prices delhi,c-071,Social Media Marketing Consultant Delhi,informational_bofu,long_tail,delhi,1,parked,2,4,2,7,inferred,,,,
social media marketing consultant quotes delhi,c-071,Social Media Marketing Consultant Delhi,informational_bofu,long_tail,delhi,1,parked,2,4,2,7,inferred,,,,
social media marketing consultant cost in delhi,c-071,Social Media Marketing Consultant Delhi,informational_bofu,long_tail,delhi,1,parked,2,4,2,7,inferred,,,,
social media marketing consultant delhi reviews,c-071,Social Media Marketing Consultant Delhi,commercial,long_tail,delhi,1,parked,2,4,2,7,inferred,,,,
social media marketing consultant gurgaon,c-072,Social Media Marketing Consultant Gurgaon,transactional,mid,gurgaon,1,parked,2,4,2,7,inferred,,,,
gurgaon social media marketing consultant,c-072,Social Media Marketing Consultant Gurgaon,transactional,mid,gurgaon,1,parked,2,4,2,7,inferred,,,,
social media marketing consultant in gurgaon,c-072,Social Media Marketing Consultant Gurgaon,transactional,mid,gurgaon,1,parked,2,4,2,7,inferred,,,,
social media marketing consultant gurgaon hr,c-072,Social Media Marketing Consultant Gurgaon,transactional,long_tail,gurgaon,1,parked,2,4,2,7,inferred,,,,
social media marketing consultant near gurgaon,c-072,Social Media Marketing Consultant Gurgaon,transactional,long_tail,gurgaon,1,parked,2,4,2,7,inferred,,,,
best social media marketing consultant gurgaon,c-072,Social Media Marketing Consultant Gurgaon,transactional,long_tail,gurgaon,1,parked,2,4,2,7,inferred,,,,
cheap social media marketing consultant gurgaon,c-072,Social Media Marketing Consultant Gurgaon,transactional,long_tail,gurgaon,1,parked,2,4,2,7,inferred,,,,
social media marketing consultant company gurgaon,c-072,Social Media Marketing Consultant Gurgaon,transactional,long_tail,gurgaon,1,parked,2,4,2,7,inferred,,,,
best social media marketing consultant in gurgaon,c-072,Social Media Marketing Consultant Gurgaon,transactional,long_tail,gurgaon,1,parked,2,4,2,7,inferred,,,,
24 hour social media marketing consultant gurgaon,c-072,Social Media Marketing Consultant Gurgaon,transactional,long_tail,gurgaon,1,parked,2,4,2,7,inferred,,,,
social media marketing consultant services gurgaon,c-072,Social Media Marketing Consultant Gurgaon,transactional,long_tail,gurgaon,1,parked,2,4,2,7,inferred,,,,
same day social media marketing consultant gurgaon,c-072,Social Media Marketing Consultant Gurgaon,transactional,long_tail,gurgaon,1,parked,2,4,2,7,inferred,,,,
licensed social media marketing consultant gurgaon,c-072,Social Media Marketing Consultant Gurgaon,transactional,long_tail,gurgaon,1,parked,2,4,2,7,inferred,,,,
top rated social media marketing consultant gurgaon,c-072,Social Media Marketing Consultant Gurgaon,transactional,long_tail,gurgaon,1,parked,2,4,2,7,inferred,,,,
emergency social media marketing consultant gurgaon,c-072,Social Media Marketing Consultant Gurgaon,transactional,long_tail,gurgaon,1,parked,2,4,2,7,inferred,,,,
affordable social media marketing consultant gurgaon,c-072,Social Media Marketing Consultant Gurgaon,transactional,long_tail,gurgaon,1,parked,2,4,2,7,inferred,,,,
social media marketing consultant contractor gurgaon,c-072,Social Media Marketing Consultant Gurgaon,transactional,long_tail,gurgaon,1,parked,2,4,2,7,inferred,,,,
social media marketing consultant gurgaon cost,c-072,Social Media Marketing Consultant Gurgaon,informational_bofu,long_tail,gurgaon,1,parked,2,4,2,7,inferred,,,,
social media marketing consultant prices gurgaon,c-072,Social Media Marketing Consultant Gurgaon,informational_bofu,long_tail,gurgaon,1,parked,2,4,2,7,inferred,,,,
social media marketing consultant quotes gurgaon,c-072,Social Media Marketing Consultant Gurgaon,informational_bofu,long_tail,gurgaon,1,parked,2,4,2,7,inferred,,,,
social media marketing consultant cost in gurgaon,c-072,Social Media Marketing Consultant Gurgaon,informational_bofu,long_tail,gurgaon,1,parked,2,4,2,7,inferred,,,,
social media marketing consultant gurgaon reviews,c-072,Social Media Marketing Consultant Gurgaon,commercial,long_tail,gurgaon,1,parked,2,4,2,7,inferred,,,,
social media marketing consultant noida,c-073,Social Media Marketing Consultant Noida,transactional,mid,noida,1,parked,2,4,2,7,inferred,,,,
noida social media marketing consultant,c-073,Social Media Marketing Consultant Noida,transactional,mid,noida,1,parked,2,4,2,7,inferred,,,,
social media marketing consultant in noida,c-073,Social Media Marketing Consultant Noida,transactional,mid,noida,1,parked,2,4,2,7,inferred,,,,
social media marketing consultant noida up,c-073,Social Media Marketing Consultant Noida,transactional,long_tail,noida,1,parked,2,4,2,7,inferred,,,,
social media marketing consultant near noida,c-073,Social Media Marketing Consultant Noida,transactional,long_tail,noida,1,parked,2,4,2,7,inferred,,,,
best social media marketing consultant noida,c-073,Social Media Marketing Consultant Noida,transactional,long_tail,noida,1,parked,2,4,2,7,inferred,,,,
cheap social media marketing consultant noida,c-073,Social Media Marketing Consultant Noida,transactional,long_tail,noida,1,parked,2,4,2,7,inferred,,,,
social media marketing consultant company noida,c-073,Social Media Marketing Consultant Noida,transactional,long_tail,noida,1,parked,2,4,2,7,inferred,,,,
best social media marketing consultant in noida,c-073,Social Media Marketing Consultant Noida,transactional,long_tail,noida,1,parked,2,4,2,7,inferred,,,,
24 hour social media marketing consultant noida,c-073,Social Media Marketing Consultant Noida,transactional,long_tail,noida,1,parked,2,4,2,7,inferred,,,,
social media marketing consultant services noida,c-073,Social Media Marketing Consultant Noida,transactional,long_tail,noida,1,parked,2,4,2,7,inferred,,,,
same day social media marketing consultant noida,c-073,Social Media Marketing Consultant Noida,transactional,long_tail,noida,1,parked,2,4,2,7,inferred,,,,
licensed social media marketing consultant noida,c-073,Social Media Marketing Consultant Noida,transactional,long_tail,noida,1,parked,2,4,2,7,inferred,,,,
top rated social media marketing consultant noida,c-073,Social Media Marketing Consultant Noida,transactional,long_tail,noida,1,parked,2,4,2,7,inferred,,,,
emergency social media marketing consultant noida,c-073,Social Media Marketing Consultant Noida,transactional,long_tail,noida,1,parked,2,4,2,7,inferred,,,,
affordable social media marketing consultant noida,c-073,Social Media Marketing Consultant Noida,transactional,long_tail,noida,1,parked,2,4,2,7,inferred,,,,
social media marketing consultant contractor noida,c-073,Social Media Marketing Consultant Noida,transactional,long_tail,noida,1,parked,2,4,2,7,inferred,,,,
social media marketing consultant noida cost,c-073,Social Media Marketing Consultant Noida,informational_bofu,long_tail,noida,1,parked,2,4,2,7,inferred,,,,
social media marketing consultant prices noida,c-073,Social Media Marketing Consultant Noida,informational_bofu,long_tail,noida,1,parked,2,4,2,7,inferred,,,,
social media marketing consultant quotes noida,c-073,Social Media Marketing Consultant Noida,informational_bofu,long_tail,noida,1,parked,2,4,2,7,inferred,,,,
social media marketing consultant cost in noida,c-073,Social Media Marketing Consultant Noida,informational_bofu,long_tail,noida,1,parked,2,4,2,7,inferred,,,,
social media marketing consultant noida reviews,c-073,Social Media Marketing Consultant Noida,commercial,long_tail,noida,1,parked,2,4,2,7,inferred,,,,
social media marketing consultant hyderabad,c-074,Social Media Marketing Consultant Hyderabad,transactional,mid,hyderabad,1,parked,2,4,2,7,inferred,,,,
hyderabad social media marketing consultant,c-074,Social Media Marketing Consultant Hyderabad,transactional,mid,hyderabad,1,parked,2,4,2,7,inferred,,,,
social media marketing consultant in hyderabad,c-074,Social Media Marketing Consultant Hyderabad,transactional,mid,hyderabad,1,parked,2,4,2,7,inferred,,,,
social media marketing consultant hyderabad ts,c-074,Social Media Marketing Consultant Hyderabad,transactional,long_tail,hyderabad,1,parked,2,4,2,7,inferred,,,,
social media marketing consultant near hyderabad,c-074,Social Media Marketing Consultant Hyderabad,transactional,long_tail,hyderabad,1,parked,2,4,2,7,inferred,,,,
best social media marketing consultant hyderabad,c-074,Social Media Marketing Consultant Hyderabad,transactional,long_tail,hyderabad,1,parked,2,4,2,7,inferred,,,,
cheap social media marketing consultant hyderabad,c-074,Social Media Marketing Consultant Hyderabad,transactional,long_tail,hyderabad,1,parked,2,4,2,7,inferred,,,,
social media marketing consultant company hyderabad,c-074,Social Media Marketing Consultant Hyderabad,transactional,long_tail,hyderabad,1,parked,2,4,2,7,inferred,,,,
best social media marketing consultant in hyderabad,c-074,Social Media Marketing Consultant Hyderabad,transactional,long_tail,hyderabad,1,parked,2,4,2,7,inferred,,,,
24 hour social media marketing consultant hyderabad,c-074,Social Media Marketing Consultant Hyderabad,transactional,long_tail,hyderabad,1,parked,2,4,2,7,inferred,,,,
social media marketing consultant services hyderabad,c-074,Social Media Marketing Consultant Hyderabad,transactional,long_tail,hyderabad,1,parked,2,4,2,7,inferred,,,,
same day social media marketing consultant hyderabad,c-074,Social Media Marketing Consultant Hyderabad,transactional,long_tail,hyderabad,1,parked,2,4,2,7,inferred,,,,
licensed social media marketing consultant hyderabad,c-074,Social Media Marketing Consultant Hyderabad,transactional,long_tail,hyderabad,1,parked,2,4,2,7,inferred,,,,
top rated social media marketing consultant hyderabad,c-074,Social Media Marketing Consultant Hyderabad,transactional,long_tail,hyderabad,1,parked,2,4,2,7,inferred,,,,
emergency social media marketing consultant hyderabad,c-074,Social Media Marketing Consultant Hyderabad,transactional,long_tail,hyderabad,1,parked,2,4,2,7,inferred,,,,
affordable social media marketing consultant hyderabad,c-074,Social Media Marketing Consultant Hyderabad,transactional,long_tail,hyderabad,1,parked,2,4,2,7,inferred,,,,
social media marketing consultant contractor hyderabad,c-074,Social Media Marketing Consultant Hyderabad,transactional,long_tail,hyderabad,1,parked,2,4,2,7,inferred,,,,
social media marketing consultant hyderabad cost,c-074,Social Media Marketing Consultant Hyderabad,informational_bofu,long_tail,hyderabad,1,parked,2,4,2,7,inferred,,,,
social media marketing consultant prices hyderabad,c-074,Social Media Marketing Consultant Hyderabad,informational_bofu,long_tail,hyderabad,1,parked,2,4,2,7,inferred,,,,
social media marketing consultant quotes hyderabad,c-074,Social Media Marketing Consultant Hyderabad,informational_bofu,long_tail,hyderabad,1,parked,2,4,2,7,inferred,,,,
social media marketing consultant cost in hyderabad,c-074,Social Media Marketing Consultant Hyderabad,informational_bofu,long_tail,hyderabad,1,parked,2,4,2,7,inferred,,,,
social media marketing consultant hyderabad reviews,c-074,Social Media Marketing Consultant Hyderabad,commercial,long_tail,hyderabad,1,parked,2,4,2,7,inferred,,,,
social media marketing consultant chennai,c-075,Social Media Marketing Consultant Chennai,transactional,mid,chennai,1,parked,2,4,2,7,inferred,,,,
chennai social media marketing consultant,c-075,Social Media Marketing Consultant Chennai,transactional,mid,chennai,1,parked,2,4,2,7,inferred,,,,
social media marketing consultant in chennai,c-075,Social Media Marketing Consultant Chennai,transactional,mid,chennai,1,parked,2,4,2,7,inferred,,,,
social media marketing consultant chennai tn,c-075,Social Media Marketing Consultant Chennai,transactional,long_tail,chennai,1,parked,2,4,2,7,inferred,,,,
social media marketing consultant near chennai,c-075,Social Media Marketing Consultant Chennai,transactional,long_tail,chennai,1,parked,2,4,2,7,inferred,,,,
best social media marketing consultant chennai,c-075,Social Media Marketing Consultant Chennai,transactional,long_tail,chennai,1,parked,2,4,2,7,inferred,,,,
cheap social media marketing consultant chennai,c-075,Social Media Marketing Consultant Chennai,transactional,long_tail,chennai,1,parked,2,4,2,7,inferred,,,,
social media marketing consultant company chennai,c-075,Social Media Marketing Consultant Chennai,transactional,long_tail,chennai,1,parked,2,4,2,7,inferred,,,,
best social media marketing consultant in chennai,c-075,Social Media Marketing Consultant Chennai,transactional,long_tail,chennai,1,parked,2,4,2,7,inferred,,,,
24 hour social media marketing consultant chennai,c-075,Social Media Marketing Consultant Chennai,transactional,long_tail,chennai,1,parked,2,4,2,7,inferred,,,,
social media marketing consultant services chennai,c-075,Social Media Marketing Consultant Chennai,transactional,long_tail,chennai,1,parked,2,4,2,7,inferred,,,,
same day social media marketing consultant chennai,c-075,Social Media Marketing Consultant Chennai,transactional,long_tail,chennai,1,parked,2,4,2,7,inferred,,,,
licensed social media marketing consultant chennai,c-075,Social Media Marketing Consultant Chennai,transactional,long_tail,chennai,1,parked,2,4,2,7,inferred,,,,
top rated social media marketing consultant chennai,c-075,Social Media Marketing Consultant Chennai,transactional,long_tail,chennai,1,parked,2,4,2,7,inferred,,,,
emergency social media marketing consultant chennai,c-075,Social Media Marketing Consultant Chennai,transactional,long_tail,chennai,1,parked,2,4,2,7,inferred,,,,
affordable social media marketing consultant chennai,c-075,Social Media Marketing Consultant Chennai,transactional,long_tail,chennai,1,parked,2,4,2,7,inferred,,,,
social media marketing consultant contractor chennai,c-075,Social Media Marketing Consultant Chennai,transactional,long_tail,chennai,1,parked,2,4,2,7,inferred,,,,
social media marketing consultant chennai cost,c-075,Social Media Marketing Consultant Chennai,informational_bofu,long_tail,chennai,1,parked,2,4,2,7,inferred,,,,
social media marketing consultant prices chennai,c-075,Social Media Marketing Consultant Chennai,informational_bofu,long_tail,chennai,1,parked,2,4,2,7,inferred,,,,
social media marketing consultant quotes chennai,c-075,Social Media Marketing Consultant Chennai,informational_bofu,long_tail,chennai,1,parked,2,4,2,7,inferred,,,,
social media marketing consultant cost in chennai,c-075,Social Media Marketing Consultant Chennai,informational_bofu,long_tail,chennai,1,parked,2,4,2,7,inferred,,,,
social media marketing consultant chennai reviews,c-075,Social Media Marketing Consultant Chennai,commercial,long_tail,chennai,1,parked,2,4,2,7,inferred,,,,
social media marketing consultant pune,c-076,Social Media Marketing Consultant Pune,transactional,mid,pune,1,parked,2,4,2,7,inferred,,,,
pune social media marketing consultant,c-076,Social Media Marketing Consultant Pune,transactional,mid,pune,1,parked,2,4,2,7,inferred,,,,
social media marketing consultant in pune,c-076,Social Media Marketing Consultant Pune,transactional,mid,pune,1,parked,2,4,2,7,inferred,,,,
social media marketing consultant pune mh,c-076,Social Media Marketing Consultant Pune,transactional,long_tail,pune,1,parked,2,4,2,7,inferred,,,,
social media marketing consultant near pune,c-076,Social Media Marketing Consultant Pune,transactional,long_tail,pune,1,parked,2,4,2,7,inferred,,,,
best social media marketing consultant pune,c-076,Social Media Marketing Consultant Pune,transactional,long_tail,pune,1,parked,2,4,2,7,inferred,,,,
cheap social media marketing consultant pune,c-076,Social Media Marketing Consultant Pune,transactional,long_tail,pune,1,parked,2,4,2,7,inferred,,,,
social media marketing consultant company pune,c-076,Social Media Marketing Consultant Pune,transactional,long_tail,pune,1,parked,2,4,2,7,inferred,,,,
best social media marketing consultant in pune,c-076,Social Media Marketing Consultant Pune,transactional,long_tail,pune,1,parked,2,4,2,7,inferred,,,,
24 hour social media marketing consultant pune,c-076,Social Media Marketing Consultant Pune,transactional,long_tail,pune,1,parked,2,4,2,7,inferred,,,,
social media marketing consultant services pune,c-076,Social Media Marketing Consultant Pune,transactional,long_tail,pune,1,parked,2,4,2,7,inferred,,,,
same day social media marketing consultant pune,c-076,Social Media Marketing Consultant Pune,transactional,long_tail,pune,1,parked,2,4,2,7,inferred,,,,
licensed social media marketing consultant pune,c-076,Social Media Marketing Consultant Pune,transactional,long_tail,pune,1,parked,2,4,2,7,inferred,,,,
top rated social media marketing consultant pune,c-076,Social Media Marketing Consultant Pune,transactional,long_tail,pune,1,parked,2,4,2,7,inferred,,,,
emergency social media marketing consultant pune,c-076,Social Media Marketing Consultant Pune,transactional,long_tail,pune,1,parked,2,4,2,7,inferred,,,,
affordable social media marketing consultant pune,c-076,Social Media Marketing Consultant Pune,transactional,long_tail,pune,1,parked,2,4,2,7,inferred,,,,
social media marketing consultant contractor pune,c-076,Social Media Marketing Consultant Pune,transactional,long_tail,pune,1,parked,2,4,2,7,inferred,,,,
social media marketing consultant pune cost,c-076,Social Media Marketing Consultant Pune,informational_bofu,long_tail,pune,1,parked,2,4,2,7,inferred,,,,
social media marketing consultant prices pune,c-076,Social Media Marketing Consultant Pune,informational_bofu,long_tail,pune,1,parked,2,4,2,7,inferred,,,,
social media marketing consultant quotes pune,c-076,Social Media Marketing Consultant Pune,informational_bofu,long_tail,pune,1,parked,2,4,2,7,inferred,,,,
social media marketing consultant cost in pune,c-076,Social Media Marketing Consultant Pune,informational_bofu,long_tail,pune,1,parked,2,4,2,7,inferred,,,,
social media marketing consultant pune reviews,c-076,Social Media Marketing Consultant Pune,commercial,long_tail,pune,1,parked,2,4,2,7,inferred,,,,
social media marketing consultant kolkata,c-077,Social Media Marketing Consultant Kolkata,transactional,mid,kolkata,1,parked,2,4,2,7,inferred,,,,
kolkata social media marketing consultant,c-077,Social Media Marketing Consultant Kolkata,transactional,mid,kolkata,1,parked,2,4,2,7,inferred,,,,
social media marketing consultant in kolkata,c-077,Social Media Marketing Consultant Kolkata,transactional,mid,kolkata,1,parked,2,4,2,7,inferred,,,,
social media marketing consultant kolkata wb,c-077,Social Media Marketing Consultant Kolkata,transactional,long_tail,kolkata,1,parked,2,4,2,7,inferred,,,,
social media marketing consultant near kolkata,c-077,Social Media Marketing Consultant Kolkata,transactional,long_tail,kolkata,1,parked,2,4,2,7,inferred,,,,
best social media marketing consultant kolkata,c-077,Social Media Marketing Consultant Kolkata,transactional,long_tail,kolkata,1,parked,2,4,2,7,inferred,,,,
cheap social media marketing consultant kolkata,c-077,Social Media Marketing Consultant Kolkata,transactional,long_tail,kolkata,1,parked,2,4,2,7,inferred,,,,
social media marketing consultant company kolkata,c-077,Social Media Marketing Consultant Kolkata,transactional,long_tail,kolkata,1,parked,2,4,2,7,inferred,,,,
best social media marketing consultant in kolkata,c-077,Social Media Marketing Consultant Kolkata,transactional,long_tail,kolkata,1,parked,2,4,2,7,inferred,,,,
24 hour social media marketing consultant kolkata,c-077,Social Media Marketing Consultant Kolkata,transactional,long_tail,kolkata,1,parked,2,4,2,7,inferred,,,,
social media marketing consultant services kolkata,c-077,Social Media Marketing Consultant Kolkata,transactional,long_tail,kolkata,1,parked,2,4,2,7,inferred,,,,
same day social media marketing consultant kolkata,c-077,Social Media Marketing Consultant Kolkata,transactional,long_tail,kolkata,1,parked,2,4,2,7,inferred,,,,
licensed social media marketing consultant kolkata,c-077,Social Media Marketing Consultant Kolkata,transactional,long_tail,kolkata,1,parked,2,4,2,7,inferred,,,,
top rated social media marketing consultant kolkata,c-077,Social Media Marketing Consultant Kolkata,transactional,long_tail,kolkata,1,parked,2,4,2,7,inferred,,,,
emergency social media marketing consultant kolkata,c-077,Social Media Marketing Consultant Kolkata,transactional,long_tail,kolkata,1,parked,2,4,2,7,inferred,,,,
affordable social media marketing consultant kolkata,c-077,Social Media Marketing Consultant Kolkata,transactional,long_tail,kolkata,1,parked,2,4,2,7,inferred,,,,
social media marketing consultant contractor kolkata,c-077,Social Media Marketing Consultant Kolkata,transactional,long_tail,kolkata,1,parked,2,4,2,7,inferred,,,,
social media marketing consultant kolkata cost,c-077,Social Media Marketing Consultant Kolkata,informational_bofu,long_tail,kolkata,1,parked,2,4,2,7,inferred,,,,
social media marketing consultant prices kolkata,c-077,Social Media Marketing Consultant Kolkata,informational_bofu,long_tail,kolkata,1,parked,2,4,2,7,inferred,,,,
social media marketing consultant quotes kolkata,c-077,Social Media Marketing Consultant Kolkata,informational_bofu,long_tail,kolkata,1,parked,2,4,2,7,inferred,,,,
social media marketing consultant cost in kolkata,c-077,Social Media Marketing Consultant Kolkata,informational_bofu,long_tail,kolkata,1,parked,2,4,2,7,inferred,,,,
social media marketing consultant kolkata reviews,c-077,Social Media Marketing Consultant Kolkata,commercial,long_tail,kolkata,1,parked,2,4,2,7,inferred,,,,
social media marketing consultant ahmedabad,c-078,Social Media Marketing Consultant Ahmedabad,transactional,mid,ahmedabad,1,parked,2,4,2,7,inferred,,,,
ahmedabad social media marketing consultant,c-078,Social Media Marketing Consultant Ahmedabad,transactional,mid,ahmedabad,1,parked,2,4,2,7,inferred,,,,
social media marketing consultant in ahmedabad,c-078,Social Media Marketing Consultant Ahmedabad,transactional,mid,ahmedabad,1,parked,2,4,2,7,inferred,,,,
social media marketing consultant ahmedabad gj,c-078,Social Media Marketing Consultant Ahmedabad,transactional,long_tail,ahmedabad,1,parked,2,4,2,7,inferred,,,,
social media marketing consultant near ahmedabad,c-078,Social Media Marketing Consultant Ahmedabad,transactional,long_tail,ahmedabad,1,parked,2,4,2,7,inferred,,,,
best social media marketing consultant ahmedabad,c-078,Social Media Marketing Consultant Ahmedabad,transactional,long_tail,ahmedabad,1,parked,2,4,2,7,inferred,,,,
cheap social media marketing consultant ahmedabad,c-078,Social Media Marketing Consultant Ahmedabad,transactional,long_tail,ahmedabad,1,parked,2,4,2,7,inferred,,,,
social media marketing consultant company ahmedabad,c-078,Social Media Marketing Consultant Ahmedabad,transactional,long_tail,ahmedabad,1,parked,2,4,2,7,inferred,,,,
best social media marketing consultant in ahmedabad,c-078,Social Media Marketing Consultant Ahmedabad,transactional,long_tail,ahmedabad,1,parked,2,4,2,7,inferred,,,,
24 hour social media marketing consultant ahmedabad,c-078,Social Media Marketing Consultant Ahmedabad,transactional,long_tail,ahmedabad,1,parked,2,4,2,7,inferred,,,,
social media marketing consultant services ahmedabad,c-078,Social Media Marketing Consultant Ahmedabad,transactional,long_tail,ahmedabad,1,parked,2,4,2,7,inferred,,,,
same day social media marketing consultant ahmedabad,c-078,Social Media Marketing Consultant Ahmedabad,transactional,long_tail,ahmedabad,1,parked,2,4,2,7,inferred,,,,
licensed social media marketing consultant ahmedabad,c-078,Social Media Marketing Consultant Ahmedabad,transactional,long_tail,ahmedabad,1,parked,2,4,2,7,inferred,,,,
top rated social media marketing consultant ahmedabad,c-078,Social Media Marketing Consultant Ahmedabad,transactional,long_tail,ahmedabad,1,parked,2,4,2,7,inferred,,,,
emergency social media marketing consultant ahmedabad,c-078,Social Media Marketing Consultant Ahmedabad,transactional,long_tail,ahmedabad,1,parked,2,4,2,7,inferred,,,,
affordable social media marketing consultant ahmedabad,c-078,Social Media Marketing Consultant Ahmedabad,transactional,long_tail,ahmedabad,1,parked,2,4,2,7,inferred,,,,
social media marketing consultant contractor ahmedabad,c-078,Social Media Marketing Consultant Ahmedabad,transactional,long_tail,ahmedabad,1,parked,2,4,2,7,inferred,,,,
social media marketing consultant ahmedabad cost,c-078,Social Media Marketing Consultant Ahmedabad,informational_bofu,long_tail,ahmedabad,1,parked,2,4,2,7,inferred,,,,
social media marketing consultant prices ahmedabad,c-078,Social Media Marketing Consultant Ahmedabad,informational_bofu,long_tail,ahmedabad,1,parked,2,4,2,7,inferred,,,,
social media marketing consultant quotes ahmedabad,c-078,Social Media Marketing Consultant Ahmedabad,informational_bofu,long_tail,ahmedabad,1,parked,2,4,2,7,inferred,,,,
social media marketing consultant cost in ahmedabad,c-078,Social Media Marketing Consultant Ahmedabad,informational_bofu,long_tail,ahmedabad,1,parked,2,4,2,7,inferred,,,,
social media marketing consultant ahmedabad reviews,c-078,Social Media Marketing Consultant Ahmedabad,commercial,long_tail,ahmedabad,1,parked,2,4,2,7,inferred,,,,
performance marketing consultant mumbai,c-081,Performance Marketing Consultant Mumbai,transactional,mid,mumbai,1,parked,2,4,2,7,inferred,,,,
mumbai performance marketing consultant,c-081,Performance Marketing Consultant Mumbai,transactional,mid,mumbai,1,parked,2,4,2,7,inferred,,,,
performance marketing consultant in mumbai,c-081,Performance Marketing Consultant Mumbai,transactional,mid,mumbai,1,parked,2,4,2,7,inferred,,,,
performance marketing consultant mumbai mh,c-081,Performance Marketing Consultant Mumbai,transactional,mid,mumbai,1,parked,2,4,2,7,inferred,,,,
performance marketing consultant near mumbai,c-081,Performance Marketing Consultant Mumbai,transactional,mid,mumbai,1,parked,2,4,2,7,inferred,,,,
best performance marketing consultant mumbai,c-081,Performance Marketing Consultant Mumbai,transactional,mid,mumbai,1,parked,2,4,2,7,inferred,,,,
cheap performance marketing consultant mumbai,c-081,Performance Marketing Consultant Mumbai,transactional,mid,mumbai,1,parked,2,4,2,7,inferred,,,,
performance marketing consultant company mumbai,c-081,Performance Marketing Consultant Mumbai,transactional,mid,mumbai,1,parked,2,4,2,7,inferred,,,,
best performance marketing consultant in mumbai,c-081,Performance Marketing Consultant Mumbai,transactional,mid,mumbai,1,parked,2,4,2,7,inferred,,,,
performance marketing consultant services mumbai,c-081,Performance Marketing Consultant Mumbai,transactional,mid,mumbai,1,parked,2,4,2,7,inferred,,,,
licensed performance marketing consultant mumbai,c-081,Performance Marketing Consultant Mumbai,transactional,mid,mumbai,1,parked,2,4,2,7,inferred,,,,
emergency performance marketing consultant mumbai,c-081,Performance Marketing Consultant Mumbai,transactional,mid,mumbai,1,parked,2,4,2,7,inferred,,,,
affordable performance marketing consultant mumbai,c-081,Performance Marketing Consultant Mumbai,transactional,mid,mumbai,1,parked,2,4,2,7,inferred,,,,
performance marketing consultant contractor mumbai,c-081,Performance Marketing Consultant Mumbai,transactional,mid,mumbai,1,parked,2,4,2,7,inferred,,,,
performance marketing consultant mumbai cost,c-081,Performance Marketing Consultant Mumbai,informational_bofu,mid,mumbai,1,parked,2,4,2,7,inferred,,,,
performance marketing consultant prices mumbai,c-081,Performance Marketing Consultant Mumbai,informational_bofu,mid,mumbai,1,parked,2,4,2,7,inferred,,,,
performance marketing consultant quotes mumbai,c-081,Performance Marketing Consultant Mumbai,informational_bofu,mid,mumbai,1,parked,2,4,2,7,inferred,,,,
performance marketing consultant cost in mumbai,c-081,Performance Marketing Consultant Mumbai,informational_bofu,mid,mumbai,1,parked,2,4,2,7,inferred,,,,
performance marketing consultant mumbai reviews,c-081,Performance Marketing Consultant Mumbai,commercial,mid,mumbai,1,parked,2,4,2,7,inferred,,,,
24 hour performance marketing consultant mumbai,c-081,Performance Marketing Consultant Mumbai,transactional,long_tail,mumbai,1,parked,2,4,2,7,inferred,,,,
same day performance marketing consultant mumbai,c-081,Performance Marketing Consultant Mumbai,transactional,long_tail,mumbai,1,parked,2,4,2,7,inferred,,,,
top rated performance marketing consultant mumbai,c-081,Performance Marketing Consultant Mumbai,transactional,long_tail,mumbai,1,parked,2,4,2,7,inferred,,,,
performance marketing consultant delhi,c-082,Performance Marketing Consultant Delhi,transactional,mid,delhi,1,parked,2,4,2,7,inferred,,,,
delhi performance marketing consultant,c-082,Performance Marketing Consultant Delhi,transactional,mid,delhi,1,parked,2,4,2,7,inferred,,,,
performance marketing consultant in delhi,c-082,Performance Marketing Consultant Delhi,transactional,mid,delhi,1,parked,2,4,2,7,inferred,,,,
performance marketing consultant delhi dl,c-082,Performance Marketing Consultant Delhi,transactional,mid,delhi,1,parked,2,4,2,7,inferred,,,,
performance marketing consultant near delhi,c-082,Performance Marketing Consultant Delhi,transactional,mid,delhi,1,parked,2,4,2,7,inferred,,,,
best performance marketing consultant delhi,c-082,Performance Marketing Consultant Delhi,transactional,mid,delhi,1,parked,2,4,2,7,inferred,,,,
cheap performance marketing consultant delhi,c-082,Performance Marketing Consultant Delhi,transactional,mid,delhi,1,parked,2,4,2,7,inferred,,,,
performance marketing consultant company delhi,c-082,Performance Marketing Consultant Delhi,transactional,mid,delhi,1,parked,2,4,2,7,inferred,,,,
best performance marketing consultant in delhi,c-082,Performance Marketing Consultant Delhi,transactional,mid,delhi,1,parked,2,4,2,7,inferred,,,,
performance marketing consultant services delhi,c-082,Performance Marketing Consultant Delhi,transactional,mid,delhi,1,parked,2,4,2,7,inferred,,,,
licensed performance marketing consultant delhi,c-082,Performance Marketing Consultant Delhi,transactional,mid,delhi,1,parked,2,4,2,7,inferred,,,,
emergency performance marketing consultant delhi,c-082,Performance Marketing Consultant Delhi,transactional,mid,delhi,1,parked,2,4,2,7,inferred,,,,
affordable performance marketing consultant delhi,c-082,Performance Marketing Consultant Delhi,transactional,mid,delhi,1,parked,2,4,2,7,inferred,,,,
performance marketing consultant contractor delhi,c-082,Performance Marketing Consultant Delhi,transactional,mid,delhi,1,parked,2,4,2,7,inferred,,,,
performance marketing consultant delhi cost,c-082,Performance Marketing Consultant Delhi,informational_bofu,mid,delhi,1,parked,2,4,2,7,inferred,,,,
performance marketing consultant prices delhi,c-082,Performance Marketing Consultant Delhi,informational_bofu,mid,delhi,1,parked,2,4,2,7,inferred,,,,
performance marketing consultant quotes delhi,c-082,Performance Marketing Consultant Delhi,informational_bofu,mid,delhi,1,parked,2,4,2,7,inferred,,,,
performance marketing consultant cost in delhi,c-082,Performance Marketing Consultant Delhi,informational_bofu,mid,delhi,1,parked,2,4,2,7,inferred,,,,
performance marketing consultant delhi reviews,c-082,Performance Marketing Consultant Delhi,commercial,mid,delhi,1,parked,2,4,2,7,inferred,,,,
24 hour performance marketing consultant delhi,c-082,Performance Marketing Consultant Delhi,transactional,long_tail,delhi,1,parked,2,4,2,7,inferred,,,,
same day performance marketing consultant delhi,c-082,Performance Marketing Consultant Delhi,transactional,long_tail,delhi,1,parked,2,4,2,7,inferred,,,,
top rated performance marketing consultant delhi,c-082,Performance Marketing Consultant Delhi,transactional,long_tail,delhi,1,parked,2,4,2,7,inferred,,,,
performance marketing consultant gurgaon,c-083,Performance Marketing Consultant Gurgaon,transactional,mid,gurgaon,1,parked,2,4,2,7,inferred,,,,
gurgaon performance marketing consultant,c-083,Performance Marketing Consultant Gurgaon,transactional,mid,gurgaon,1,parked,2,4,2,7,inferred,,,,
performance marketing consultant in gurgaon,c-083,Performance Marketing Consultant Gurgaon,transactional,mid,gurgaon,1,parked,2,4,2,7,inferred,,,,
performance marketing consultant gurgaon hr,c-083,Performance Marketing Consultant Gurgaon,transactional,mid,gurgaon,1,parked,2,4,2,7,inferred,,,,
performance marketing consultant near gurgaon,c-083,Performance Marketing Consultant Gurgaon,transactional,mid,gurgaon,1,parked,2,4,2,7,inferred,,,,
best performance marketing consultant gurgaon,c-083,Performance Marketing Consultant Gurgaon,transactional,mid,gurgaon,1,parked,2,4,2,7,inferred,,,,
cheap performance marketing consultant gurgaon,c-083,Performance Marketing Consultant Gurgaon,transactional,mid,gurgaon,1,parked,2,4,2,7,inferred,,,,
performance marketing consultant company gurgaon,c-083,Performance Marketing Consultant Gurgaon,transactional,mid,gurgaon,1,parked,2,4,2,7,inferred,,,,
best performance marketing consultant in gurgaon,c-083,Performance Marketing Consultant Gurgaon,transactional,mid,gurgaon,1,parked,2,4,2,7,inferred,,,,
performance marketing consultant services gurgaon,c-083,Performance Marketing Consultant Gurgaon,transactional,mid,gurgaon,1,parked,2,4,2,7,inferred,,,,
licensed performance marketing consultant gurgaon,c-083,Performance Marketing Consultant Gurgaon,transactional,mid,gurgaon,1,parked,2,4,2,7,inferred,,,,
emergency performance marketing consultant gurgaon,c-083,Performance Marketing Consultant Gurgaon,transactional,mid,gurgaon,1,parked,2,4,2,7,inferred,,,,
affordable performance marketing consultant gurgaon,c-083,Performance Marketing Consultant Gurgaon,transactional,mid,gurgaon,1,parked,2,4,2,7,inferred,,,,
performance marketing consultant contractor gurgaon,c-083,Performance Marketing Consultant Gurgaon,transactional,mid,gurgaon,1,parked,2,4,2,7,inferred,,,,
performance marketing consultant gurgaon cost,c-083,Performance Marketing Consultant Gurgaon,informational_bofu,mid,gurgaon,1,parked,2,4,2,7,inferred,,,,
performance marketing consultant prices gurgaon,c-083,Performance Marketing Consultant Gurgaon,informational_bofu,mid,gurgaon,1,parked,2,4,2,7,inferred,,,,
performance marketing consultant quotes gurgaon,c-083,Performance Marketing Consultant Gurgaon,informational_bofu,mid,gurgaon,1,parked,2,4,2,7,inferred,,,,
performance marketing consultant cost in gurgaon,c-083,Performance Marketing Consultant Gurgaon,informational_bofu,mid,gurgaon,1,parked,2,4,2,7,inferred,,,,
performance marketing consultant gurgaon reviews,c-083,Performance Marketing Consultant Gurgaon,commercial,mid,gurgaon,1,parked,2,4,2,7,inferred,,,,
24 hour performance marketing consultant gurgaon,c-083,Performance Marketing Consultant Gurgaon,transactional,long_tail,gurgaon,1,parked,2,4,2,7,inferred,,,,
same day performance marketing consultant gurgaon,c-083,Performance Marketing Consultant Gurgaon,transactional,long_tail,gurgaon,1,parked,2,4,2,7,inferred,,,,
top rated performance marketing consultant gurgaon,c-083,Performance Marketing Consultant Gurgaon,transactional,long_tail,gurgaon,1,parked,2,4,2,7,inferred,,,,
performance marketing consultant noida,c-084,Performance Marketing Consultant Noida,transactional,mid,noida,1,parked,2,4,2,7,inferred,,,,
noida performance marketing consultant,c-084,Performance Marketing Consultant Noida,transactional,mid,noida,1,parked,2,4,2,7,inferred,,,,
performance marketing consultant in noida,c-084,Performance Marketing Consultant Noida,transactional,mid,noida,1,parked,2,4,2,7,inferred,,,,
performance marketing consultant noida up,c-084,Performance Marketing Consultant Noida,transactional,mid,noida,1,parked,2,4,2,7,inferred,,,,
performance marketing consultant near noida,c-084,Performance Marketing Consultant Noida,transactional,mid,noida,1,parked,2,4,2,7,inferred,,,,
best performance marketing consultant noida,c-084,Performance Marketing Consultant Noida,transactional,mid,noida,1,parked,2,4,2,7,inferred,,,,
cheap performance marketing consultant noida,c-084,Performance Marketing Consultant Noida,transactional,mid,noida,1,parked,2,4,2,7,inferred,,,,
performance marketing consultant company noida,c-084,Performance Marketing Consultant Noida,transactional,mid,noida,1,parked,2,4,2,7,inferred,,,,
best performance marketing consultant in noida,c-084,Performance Marketing Consultant Noida,transactional,mid,noida,1,parked,2,4,2,7,inferred,,,,
performance marketing consultant services noida,c-084,Performance Marketing Consultant Noida,transactional,mid,noida,1,parked,2,4,2,7,inferred,,,,
licensed performance marketing consultant noida,c-084,Performance Marketing Consultant Noida,transactional,mid,noida,1,parked,2,4,2,7,inferred,,,,
emergency performance marketing consultant noida,c-084,Performance Marketing Consultant Noida,transactional,mid,noida,1,parked,2,4,2,7,inferred,,,,
affordable performance marketing consultant noida,c-084,Performance Marketing Consultant Noida,transactional,mid,noida,1,parked,2,4,2,7,inferred,,,,
performance marketing consultant contractor noida,c-084,Performance Marketing Consultant Noida,transactional,mid,noida,1,parked,2,4,2,7,inferred,,,,
performance marketing consultant noida cost,c-084,Performance Marketing Consultant Noida,informational_bofu,mid,noida,1,parked,2,4,2,7,inferred,,,,
performance marketing consultant prices noida,c-084,Performance Marketing Consultant Noida,informational_bofu,mid,noida,1,parked,2,4,2,7,inferred,,,,
performance marketing consultant quotes noida,c-084,Performance Marketing Consultant Noida,informational_bofu,mid,noida,1,parked,2,4,2,7,inferred,,,,
performance marketing consultant cost in noida,c-084,Performance Marketing Consultant Noida,informational_bofu,mid,noida,1,parked,2,4,2,7,inferred,,,,
performance marketing consultant noida reviews,c-084,Performance Marketing Consultant Noida,commercial,mid,noida,1,parked,2,4,2,7,inferred,,,,
24 hour performance marketing consultant noida,c-084,Performance Marketing Consultant Noida,transactional,long_tail,noida,1,parked,2,4,2,7,inferred,,,,
same day performance marketing consultant noida,c-084,Performance Marketing Consultant Noida,transactional,long_tail,noida,1,parked,2,4,2,7,inferred,,,,
top rated performance marketing consultant noida,c-084,Performance Marketing Consultant Noida,transactional,long_tail,noida,1,parked,2,4,2,7,inferred,,,,
performance marketing consultant hyderabad,c-085,Performance Marketing Consultant Hyderabad,transactional,mid,hyderabad,1,parked,2,4,2,7,inferred,,,,
hyderabad performance marketing consultant,c-085,Performance Marketing Consultant Hyderabad,transactional,mid,hyderabad,1,parked,2,4,2,7,inferred,,,,
performance marketing consultant in hyderabad,c-085,Performance Marketing Consultant Hyderabad,transactional,mid,hyderabad,1,parked,2,4,2,7,inferred,,,,
performance marketing consultant hyderabad ts,c-085,Performance Marketing Consultant Hyderabad,transactional,mid,hyderabad,1,parked,2,4,2,7,inferred,,,,
performance marketing consultant near hyderabad,c-085,Performance Marketing Consultant Hyderabad,transactional,mid,hyderabad,1,parked,2,4,2,7,inferred,,,,
best performance marketing consultant hyderabad,c-085,Performance Marketing Consultant Hyderabad,transactional,mid,hyderabad,1,parked,2,4,2,7,inferred,,,,
cheap performance marketing consultant hyderabad,c-085,Performance Marketing Consultant Hyderabad,transactional,mid,hyderabad,1,parked,2,4,2,7,inferred,,,,
performance marketing consultant company hyderabad,c-085,Performance Marketing Consultant Hyderabad,transactional,mid,hyderabad,1,parked,2,4,2,7,inferred,,,,
best performance marketing consultant in hyderabad,c-085,Performance Marketing Consultant Hyderabad,transactional,mid,hyderabad,1,parked,2,4,2,7,inferred,,,,
performance marketing consultant services hyderabad,c-085,Performance Marketing Consultant Hyderabad,transactional,mid,hyderabad,1,parked,2,4,2,7,inferred,,,,
licensed performance marketing consultant hyderabad,c-085,Performance Marketing Consultant Hyderabad,transactional,mid,hyderabad,1,parked,2,4,2,7,inferred,,,,
emergency performance marketing consultant hyderabad,c-085,Performance Marketing Consultant Hyderabad,transactional,mid,hyderabad,1,parked,2,4,2,7,inferred,,,,
affordable performance marketing consultant hyderabad,c-085,Performance Marketing Consultant Hyderabad,transactional,mid,hyderabad,1,parked,2,4,2,7,inferred,,,,
performance marketing consultant contractor hyderabad,c-085,Performance Marketing Consultant Hyderabad,transactional,mid,hyderabad,1,parked,2,4,2,7,inferred,,,,
performance marketing consultant hyderabad cost,c-085,Performance Marketing Consultant Hyderabad,informational_bofu,mid,hyderabad,1,parked,2,4,2,7,inferred,,,,
performance marketing consultant prices hyderabad,c-085,Performance Marketing Consultant Hyderabad,informational_bofu,mid,hyderabad,1,parked,2,4,2,7,inferred,,,,
performance marketing consultant quotes hyderabad,c-085,Performance Marketing Consultant Hyderabad,informational_bofu,mid,hyderabad,1,parked,2,4,2,7,inferred,,,,
performance marketing consultant cost in hyderabad,c-085,Performance Marketing Consultant Hyderabad,informational_bofu,mid,hyderabad,1,parked,2,4,2,7,inferred,,,,
performance marketing consultant hyderabad reviews,c-085,Performance Marketing Consultant Hyderabad,commercial,mid,hyderabad,1,parked,2,4,2,7,inferred,,,,
24 hour performance marketing consultant hyderabad,c-085,Performance Marketing Consultant Hyderabad,transactional,long_tail,hyderabad,1,parked,2,4,2,7,inferred,,,,
same day performance marketing consultant hyderabad,c-085,Performance Marketing Consultant Hyderabad,transactional,long_tail,hyderabad,1,parked,2,4,2,7,inferred,,,,
top rated performance marketing consultant hyderabad,c-085,Performance Marketing Consultant Hyderabad,transactional,long_tail,hyderabad,1,parked,2,4,2,7,inferred,,,,
performance marketing consultant chennai,c-086,Performance Marketing Consultant Chennai,transactional,mid,chennai,1,parked,2,4,2,7,inferred,,,,
chennai performance marketing consultant,c-086,Performance Marketing Consultant Chennai,transactional,mid,chennai,1,parked,2,4,2,7,inferred,,,,
performance marketing consultant in chennai,c-086,Performance Marketing Consultant Chennai,transactional,mid,chennai,1,parked,2,4,2,7,inferred,,,,
performance marketing consultant chennai tn,c-086,Performance Marketing Consultant Chennai,transactional,mid,chennai,1,parked,2,4,2,7,inferred,,,,
performance marketing consultant near chennai,c-086,Performance Marketing Consultant Chennai,transactional,mid,chennai,1,parked,2,4,2,7,inferred,,,,
best performance marketing consultant chennai,c-086,Performance Marketing Consultant Chennai,transactional,mid,chennai,1,parked,2,4,2,7,inferred,,,,
cheap performance marketing consultant chennai,c-086,Performance Marketing Consultant Chennai,transactional,mid,chennai,1,parked,2,4,2,7,inferred,,,,
performance marketing consultant company chennai,c-086,Performance Marketing Consultant Chennai,transactional,mid,chennai,1,parked,2,4,2,7,inferred,,,,
best performance marketing consultant in chennai,c-086,Performance Marketing Consultant Chennai,transactional,mid,chennai,1,parked,2,4,2,7,inferred,,,,
performance marketing consultant services chennai,c-086,Performance Marketing Consultant Chennai,transactional,mid,chennai,1,parked,2,4,2,7,inferred,,,,
licensed performance marketing consultant chennai,c-086,Performance Marketing Consultant Chennai,transactional,mid,chennai,1,parked,2,4,2,7,inferred,,,,
emergency performance marketing consultant chennai,c-086,Performance Marketing Consultant Chennai,transactional,mid,chennai,1,parked,2,4,2,7,inferred,,,,
affordable performance marketing consultant chennai,c-086,Performance Marketing Consultant Chennai,transactional,mid,chennai,1,parked,2,4,2,7,inferred,,,,
performance marketing consultant contractor chennai,c-086,Performance Marketing Consultant Chennai,transactional,mid,chennai,1,parked,2,4,2,7,inferred,,,,
performance marketing consultant chennai cost,c-086,Performance Marketing Consultant Chennai,informational_bofu,mid,chennai,1,parked,2,4,2,7,inferred,,,,
performance marketing consultant prices chennai,c-086,Performance Marketing Consultant Chennai,informational_bofu,mid,chennai,1,parked,2,4,2,7,inferred,,,,
performance marketing consultant quotes chennai,c-086,Performance Marketing Consultant Chennai,informational_bofu,mid,chennai,1,parked,2,4,2,7,inferred,,,,
performance marketing consultant cost in chennai,c-086,Performance Marketing Consultant Chennai,informational_bofu,mid,chennai,1,parked,2,4,2,7,inferred,,,,
performance marketing consultant chennai reviews,c-086,Performance Marketing Consultant Chennai,commercial,mid,chennai,1,parked,2,4,2,7,inferred,,,,
24 hour performance marketing consultant chennai,c-086,Performance Marketing Consultant Chennai,transactional,long_tail,chennai,1,parked,2,4,2,7,inferred,,,,
same day performance marketing consultant chennai,c-086,Performance Marketing Consultant Chennai,transactional,long_tail,chennai,1,parked,2,4,2,7,inferred,,,,
top rated performance marketing consultant chennai,c-086,Performance Marketing Consultant Chennai,transactional,long_tail,chennai,1,parked,2,4,2,7,inferred,,,,
performance marketing consultant pune,c-087,Performance Marketing Consultant Pune,transactional,mid,pune,1,parked,2,4,2,7,inferred,,,,
pune performance marketing consultant,c-087,Performance Marketing Consultant Pune,transactional,mid,pune,1,parked,2,4,2,7,inferred,,,,
performance marketing consultant in pune,c-087,Performance Marketing Consultant Pune,transactional,mid,pune,1,parked,2,4,2,7,inferred,,,,
performance marketing consultant pune mh,c-087,Performance Marketing Consultant Pune,transactional,mid,pune,1,parked,2,4,2,7,inferred,,,,
performance marketing consultant near pune,c-087,Performance Marketing Consultant Pune,transactional,mid,pune,1,parked,2,4,2,7,inferred,,,,
best performance marketing consultant pune,c-087,Performance Marketing Consultant Pune,transactional,mid,pune,1,parked,2,4,2,7,inferred,,,,
cheap performance marketing consultant pune,c-087,Performance Marketing Consultant Pune,transactional,mid,pune,1,parked,2,4,2,7,inferred,,,,
performance marketing consultant company pune,c-087,Performance Marketing Consultant Pune,transactional,mid,pune,1,parked,2,4,2,7,inferred,,,,
best performance marketing consultant in pune,c-087,Performance Marketing Consultant Pune,transactional,mid,pune,1,parked,2,4,2,7,inferred,,,,
performance marketing consultant services pune,c-087,Performance Marketing Consultant Pune,transactional,mid,pune,1,parked,2,4,2,7,inferred,,,,
licensed performance marketing consultant pune,c-087,Performance Marketing Consultant Pune,transactional,mid,pune,1,parked,2,4,2,7,inferred,,,,
emergency performance marketing consultant pune,c-087,Performance Marketing Consultant Pune,transactional,mid,pune,1,parked,2,4,2,7,inferred,,,,
affordable performance marketing consultant pune,c-087,Performance Marketing Consultant Pune,transactional,mid,pune,1,parked,2,4,2,7,inferred,,,,
performance marketing consultant contractor pune,c-087,Performance Marketing Consultant Pune,transactional,mid,pune,1,parked,2,4,2,7,inferred,,,,
performance marketing consultant pune cost,c-087,Performance Marketing Consultant Pune,informational_bofu,mid,pune,1,parked,2,4,2,7,inferred,,,,
performance marketing consultant prices pune,c-087,Performance Marketing Consultant Pune,informational_bofu,mid,pune,1,parked,2,4,2,7,inferred,,,,
performance marketing consultant quotes pune,c-087,Performance Marketing Consultant Pune,informational_bofu,mid,pune,1,parked,2,4,2,7,inferred,,,,
performance marketing consultant cost in pune,c-087,Performance Marketing Consultant Pune,informational_bofu,mid,pune,1,parked,2,4,2,7,inferred,,,,
performance marketing consultant pune reviews,c-087,Performance Marketing Consultant Pune,commercial,mid,pune,1,parked,2,4,2,7,inferred,,,,
24 hour performance marketing consultant pune,c-087,Performance Marketing Consultant Pune,transactional,long_tail,pune,1,parked,2,4,2,7,inferred,,,,
same day performance marketing consultant pune,c-087,Performance Marketing Consultant Pune,transactional,long_tail,pune,1,parked,2,4,2,7,inferred,,,,
top rated performance marketing consultant pune,c-087,Performance Marketing Consultant Pune,transactional,long_tail,pune,1,parked,2,4,2,7,inferred,,,,
performance marketing consultant kolkata,c-088,Performance Marketing Consultant Kolkata,transactional,mid,kolkata,1,parked,2,4,2,7,inferred,,,,
kolkata performance marketing consultant,c-088,Performance Marketing Consultant Kolkata,transactional,mid,kolkata,1,parked,2,4,2,7,inferred,,,,
performance marketing consultant in kolkata,c-088,Performance Marketing Consultant Kolkata,transactional,mid,kolkata,1,parked,2,4,2,7,inferred,,,,
performance marketing consultant kolkata wb,c-088,Performance Marketing Consultant Kolkata,transactional,mid,kolkata,1,parked,2,4,2,7,inferred,,,,
performance marketing consultant near kolkata,c-088,Performance Marketing Consultant Kolkata,transactional,mid,kolkata,1,parked,2,4,2,7,inferred,,,,
best performance marketing consultant kolkata,c-088,Performance Marketing Consultant Kolkata,transactional,mid,kolkata,1,parked,2,4,2,7,inferred,,,,
cheap performance marketing consultant kolkata,c-088,Performance Marketing Consultant Kolkata,transactional,mid,kolkata,1,parked,2,4,2,7,inferred,,,,
performance marketing consultant company kolkata,c-088,Performance Marketing Consultant Kolkata,transactional,mid,kolkata,1,parked,2,4,2,7,inferred,,,,
best performance marketing consultant in kolkata,c-088,Performance Marketing Consultant Kolkata,transactional,mid,kolkata,1,parked,2,4,2,7,inferred,,,,
performance marketing consultant services kolkata,c-088,Performance Marketing Consultant Kolkata,transactional,mid,kolkata,1,parked,2,4,2,7,inferred,,,,
licensed performance marketing consultant kolkata,c-088,Performance Marketing Consultant Kolkata,transactional,mid,kolkata,1,parked,2,4,2,7,inferred,,,,
emergency performance marketing consultant kolkata,c-088,Performance Marketing Consultant Kolkata,transactional,mid,kolkata,1,parked,2,4,2,7,inferred,,,,
affordable performance marketing consultant kolkata,c-088,Performance Marketing Consultant Kolkata,transactional,mid,kolkata,1,parked,2,4,2,7,inferred,,,,
performance marketing consultant contractor kolkata,c-088,Performance Marketing Consultant Kolkata,transactional,mid,kolkata,1,parked,2,4,2,7,inferred,,,,
performance marketing consultant kolkata cost,c-088,Performance Marketing Consultant Kolkata,informational_bofu,mid,kolkata,1,parked,2,4,2,7,inferred,,,,
performance marketing consultant prices kolkata,c-088,Performance Marketing Consultant Kolkata,informational_bofu,mid,kolkata,1,parked,2,4,2,7,inferred,,,,
performance marketing consultant quotes kolkata,c-088,Performance Marketing Consultant Kolkata,informational_bofu,mid,kolkata,1,parked,2,4,2,7,inferred,,,,
performance marketing consultant cost in kolkata,c-088,Performance Marketing Consultant Kolkata,informational_bofu,mid,kolkata,1,parked,2,4,2,7,inferred,,,,
performance marketing consultant kolkata reviews,c-088,Performance Marketing Consultant Kolkata,commercial,mid,kolkata,1,parked,2,4,2,7,inferred,,,,
24 hour performance marketing consultant kolkata,c-088,Performance Marketing Consultant Kolkata,transactional,long_tail,kolkata,1,parked,2,4,2,7,inferred,,,,
same day performance marketing consultant kolkata,c-088,Performance Marketing Consultant Kolkata,transactional,long_tail,kolkata,1,parked,2,4,2,7,inferred,,,,
top rated performance marketing consultant kolkata,c-088,Performance Marketing Consultant Kolkata,transactional,long_tail,kolkata,1,parked,2,4,2,7,inferred,,,,
performance marketing consultant ahmedabad,c-089,Performance Marketing Consultant Ahmedabad,transactional,mid,ahmedabad,1,parked,2,4,2,7,inferred,,,,
ahmedabad performance marketing consultant,c-089,Performance Marketing Consultant Ahmedabad,transactional,mid,ahmedabad,1,parked,2,4,2,7,inferred,,,,
performance marketing consultant in ahmedabad,c-089,Performance Marketing Consultant Ahmedabad,transactional,mid,ahmedabad,1,parked,2,4,2,7,inferred,,,,
performance marketing consultant ahmedabad gj,c-089,Performance Marketing Consultant Ahmedabad,transactional,mid,ahmedabad,1,parked,2,4,2,7,inferred,,,,
performance marketing consultant near ahmedabad,c-089,Performance Marketing Consultant Ahmedabad,transactional,mid,ahmedabad,1,parked,2,4,2,7,inferred,,,,
best performance marketing consultant ahmedabad,c-089,Performance Marketing Consultant Ahmedabad,transactional,mid,ahmedabad,1,parked,2,4,2,7,inferred,,,,
cheap performance marketing consultant ahmedabad,c-089,Performance Marketing Consultant Ahmedabad,transactional,mid,ahmedabad,1,parked,2,4,2,7,inferred,,,,
performance marketing consultant company ahmedabad,c-089,Performance Marketing Consultant Ahmedabad,transactional,mid,ahmedabad,1,parked,2,4,2,7,inferred,,,,
best performance marketing consultant in ahmedabad,c-089,Performance Marketing Consultant Ahmedabad,transactional,mid,ahmedabad,1,parked,2,4,2,7,inferred,,,,
performance marketing consultant services ahmedabad,c-089,Performance Marketing Consultant Ahmedabad,transactional,mid,ahmedabad,1,parked,2,4,2,7,inferred,,,,
licensed performance marketing consultant ahmedabad,c-089,Performance Marketing Consultant Ahmedabad,transactional,mid,ahmedabad,1,parked,2,4,2,7,inferred,,,,
emergency performance marketing consultant ahmedabad,c-089,Performance Marketing Consultant Ahmedabad,transactional,mid,ahmedabad,1,parked,2,4,2,7,inferred,,,,
affordable performance marketing consultant ahmedabad,c-089,Performance Marketing Consultant Ahmedabad,transactional,mid,ahmedabad,1,parked,2,4,2,7,inferred,,,,
performance marketing consultant contractor ahmedabad,c-089,Performance Marketing Consultant Ahmedabad,transactional,mid,ahmedabad,1,parked,2,4,2,7,inferred,,,,
performance marketing consultant ahmedabad cost,c-089,Performance Marketing Consultant Ahmedabad,informational_bofu,mid,ahmedabad,1,parked,2,4,2,7,inferred,,,,
performance marketing consultant prices ahmedabad,c-089,Performance Marketing Consultant Ahmedabad,informational_bofu,mid,ahmedabad,1,parked,2,4,2,7,inferred,,,,
performance marketing consultant quotes ahmedabad,c-089,Performance Marketing Consultant Ahmedabad,informational_bofu,mid,ahmedabad,1,parked,2,4,2,7,inferred,,,,
performance marketing consultant cost in ahmedabad,c-089,Performance Marketing Consultant Ahmedabad,informational_bofu,mid,ahmedabad,1,parked,2,4,2,7,inferred,,,,
performance marketing consultant ahmedabad reviews,c-089,Performance Marketing Consultant Ahmedabad,commercial,mid,ahmedabad,1,parked,2,4,2,7,inferred,,,,
24 hour performance marketing consultant ahmedabad,c-089,Performance Marketing Consultant Ahmedabad,transactional,long_tail,ahmedabad,1,parked,2,4,2,7,inferred,,,,
same day performance marketing consultant ahmedabad,c-089,Performance Marketing Consultant Ahmedabad,transactional,long_tail,ahmedabad,1,parked,2,4,2,7,inferred,,,,
top rated performance marketing consultant ahmedabad,c-089,Performance Marketing Consultant Ahmedabad,transactional,long_tail,ahmedabad,1,parked,2,4,2,7,inferred,,,,
seo consultant mumbai,c-091,Seo Consultant Mumbai,transactional,head,mumbai,1,parked,2,4,2,7,serp,True,False,,
mumbai seo consultant,c-091,Seo Consultant Mumbai,transactional,head,mumbai,1,parked,2,4,2,7,inferred,,,,
seo consultant in mumbai,c-091,Seo Consultant Mumbai,transactional,head,mumbai,1,parked,2,4,2,7,inferred,,,,
seo consultant mumbai mh,c-091,Seo Consultant Mumbai,transactional,mid,mumbai,1,parked,2,4,2,7,inferred,,,,
seo consultant near mumbai,c-091,Seo Consultant Mumbai,transactional,mid,mumbai,1,parked,2,4,2,7,inferred,,,,
best seo consultant mumbai,c-091,Seo Consultant Mumbai,transactional,mid,mumbai,1,parked,2,4,2,7,inferred,,,,
cheap seo consultant mumbai,c-091,Seo Consultant Mumbai,transactional,mid,mumbai,1,parked,2,4,2,7,inferred,,,,
seo consultant company mumbai,c-091,Seo Consultant Mumbai,transactional,mid,mumbai,1,parked,2,4,2,7,inferred,,,,
best seo consultant in mumbai,c-091,Seo Consultant Mumbai,transactional,mid,mumbai,1,parked,2,4,2,7,inferred,,,,
24 hour seo consultant mumbai,c-091,Seo Consultant Mumbai,transactional,mid,mumbai,1,parked,2,4,2,7,inferred,,,,
seo consultant services mumbai,c-091,Seo Consultant Mumbai,transactional,mid,mumbai,1,parked,2,4,2,7,inferred,,,,
same day seo consultant mumbai,c-091,Seo Consultant Mumbai,transactional,mid,mumbai,1,parked,2,4,2,7,inferred,,,,
licensed seo consultant mumbai,c-091,Seo Consultant Mumbai,transactional,mid,mumbai,1,parked,2,4,2,7,inferred,,,,
top rated seo consultant mumbai,c-091,Seo Consultant Mumbai,transactional,mid,mumbai,1,parked,2,4,2,7,inferred,,,,
emergency seo consultant mumbai,c-091,Seo Consultant Mumbai,transactional,mid,mumbai,1,parked,2,4,2,7,inferred,,,,
affordable seo consultant mumbai,c-091,Seo Consultant Mumbai,transactional,mid,mumbai,1,parked,2,4,2,7,inferred,,,,
seo consultant contractor mumbai,c-091,Seo Consultant Mumbai,transactional,mid,mumbai,1,parked,2,4,2,7,inferred,,,,
seo consultant mumbai cost,c-091,Seo Consultant Mumbai,informational_bofu,mid,mumbai,1,parked,2,4,2,7,inferred,,,,
seo consultant prices mumbai,c-091,Seo Consultant Mumbai,informational_bofu,mid,mumbai,1,parked,2,4,2,7,inferred,,,,
seo consultant quotes mumbai,c-091,Seo Consultant Mumbai,informational_bofu,mid,mumbai,1,parked,2,4,2,7,inferred,,,,
seo consultant cost in mumbai,c-091,Seo Consultant Mumbai,informational_bofu,mid,mumbai,1,parked,2,4,2,7,inferred,,,,
seo consultant mumbai reviews,c-091,Seo Consultant Mumbai,commercial,mid,mumbai,1,parked,2,4,2,7,inferred,,,,
seo consultant hyderabad,c-092,Seo Consultant Hyderabad,transactional,head,hyderabad,1,parked,2,4,2,7,inferred,,,,
hyderabad seo consultant,c-092,Seo Consultant Hyderabad,transactional,head,hyderabad,1,parked,2,4,2,7,inferred,,,,
seo consultant in hyderabad,c-092,Seo Consultant Hyderabad,transactional,head,hyderabad,1,parked,2,4,2,7,inferred,,,,
seo consultant hyderabad ts,c-092,Seo Consultant Hyderabad,transactional,mid,hyderabad,1,parked,2,4,2,7,inferred,,,,
seo consultant near hyderabad,c-092,Seo Consultant Hyderabad,transactional,mid,hyderabad,1,parked,2,4,2,7,inferred,,,,
best seo consultant hyderabad,c-092,Seo Consultant Hyderabad,transactional,mid,hyderabad,1,parked,2,4,2,7,inferred,,,,
cheap seo consultant hyderabad,c-092,Seo Consultant Hyderabad,transactional,mid,hyderabad,1,parked,2,4,2,7,inferred,,,,
seo consultant company hyderabad,c-092,Seo Consultant Hyderabad,transactional,mid,hyderabad,1,parked,2,4,2,7,inferred,,,,
best seo consultant in hyderabad,c-092,Seo Consultant Hyderabad,transactional,mid,hyderabad,1,parked,2,4,2,7,inferred,,,,
24 hour seo consultant hyderabad,c-092,Seo Consultant Hyderabad,transactional,mid,hyderabad,1,parked,2,4,2,7,inferred,,,,
seo consultant services hyderabad,c-092,Seo Consultant Hyderabad,transactional,mid,hyderabad,1,parked,2,4,2,7,inferred,,,,
same day seo consultant hyderabad,c-092,Seo Consultant Hyderabad,transactional,mid,hyderabad,1,parked,2,4,2,7,inferred,,,,
licensed seo consultant hyderabad,c-092,Seo Consultant Hyderabad,transactional,mid,hyderabad,1,parked,2,4,2,7,inferred,,,,
top rated seo consultant hyderabad,c-092,Seo Consultant Hyderabad,transactional,mid,hyderabad,1,parked,2,4,2,7,inferred,,,,
emergency seo consultant hyderabad,c-092,Seo Consultant Hyderabad,transactional,mid,hyderabad,1,parked,2,4,2,7,inferred,,,,
affordable seo consultant hyderabad,c-092,Seo Consultant Hyderabad,transactional,mid,hyderabad,1,parked,2,4,2,7,inferred,,,,
seo consultant contractor hyderabad,c-092,Seo Consultant Hyderabad,transactional,mid,hyderabad,1,parked,2,4,2,7,inferred,,,,
seo consultant hyderabad cost,c-092,Seo Consultant Hyderabad,informational_bofu,mid,hyderabad,1,parked,2,4,2,7,inferred,,,,
seo consultant prices hyderabad,c-092,Seo Consultant Hyderabad,informational_bofu,mid,hyderabad,1,parked,2,4,2,7,inferred,,,,
seo consultant quotes hyderabad,c-092,Seo Consultant Hyderabad,informational_bofu,mid,hyderabad,1,parked,2,4,2,7,inferred,,,,
seo consultant cost in hyderabad,c-092,Seo Consultant Hyderabad,informational_bofu,mid,hyderabad,1,parked,2,4,2,7,inferred,,,,
seo consultant hyderabad reviews,c-092,Seo Consultant Hyderabad,commercial,mid,hyderabad,1,parked,2,4,2,7,inferred,,,,
seo consultant chennai,c-093,Seo Consultant Chennai,transactional,head,chennai,1,parked,2,4,2,7,inferred,,,,
chennai seo consultant,c-093,Seo Consultant Chennai,transactional,head,chennai,1,parked,2,4,2,7,inferred,,,,
seo consultant in chennai,c-093,Seo Consultant Chennai,transactional,head,chennai,1,parked,2,4,2,7,inferred,,,,
seo consultant chennai tn,c-093,Seo Consultant Chennai,transactional,mid,chennai,1,parked,2,4,2,7,inferred,,,,
seo consultant near chennai,c-093,Seo Consultant Chennai,transactional,mid,chennai,1,parked,2,4,2,7,inferred,,,,
best seo consultant chennai,c-093,Seo Consultant Chennai,transactional,mid,chennai,1,parked,2,4,2,7,inferred,,,,
cheap seo consultant chennai,c-093,Seo Consultant Chennai,transactional,mid,chennai,1,parked,2,4,2,7,inferred,,,,
seo consultant company chennai,c-093,Seo Consultant Chennai,transactional,mid,chennai,1,parked,2,4,2,7,inferred,,,,
best seo consultant in chennai,c-093,Seo Consultant Chennai,transactional,mid,chennai,1,parked,2,4,2,7,inferred,,,,
24 hour seo consultant chennai,c-093,Seo Consultant Chennai,transactional,mid,chennai,1,parked,2,4,2,7,inferred,,,,
seo consultant services chennai,c-093,Seo Consultant Chennai,transactional,mid,chennai,1,parked,2,4,2,7,inferred,,,,
same day seo consultant chennai,c-093,Seo Consultant Chennai,transactional,mid,chennai,1,parked,2,4,2,7,inferred,,,,
licensed seo consultant chennai,c-093,Seo Consultant Chennai,transactional,mid,chennai,1,parked,2,4,2,7,inferred,,,,
top rated seo consultant chennai,c-093,Seo Consultant Chennai,transactional,mid,chennai,1,parked,2,4,2,7,inferred,,,,
emergency seo consultant chennai,c-093,Seo Consultant Chennai,transactional,mid,chennai,1,parked,2,4,2,7,inferred,,,,
affordable seo consultant chennai,c-093,Seo Consultant Chennai,transactional,mid,chennai,1,parked,2,4,2,7,inferred,,,,
seo consultant contractor chennai,c-093,Seo Consultant Chennai,transactional,mid,chennai,1,parked,2,4,2,7,inferred,,,,
seo consultant chennai cost,c-093,Seo Consultant Chennai,informational_bofu,mid,chennai,1,parked,2,4,2,7,inferred,,,,
seo consultant prices chennai,c-093,Seo Consultant Chennai,informational_bofu,mid,chennai,1,parked,2,4,2,7,inferred,,,,
seo consultant quotes chennai,c-093,Seo Consultant Chennai,informational_bofu,mid,chennai,1,parked,2,4,2,7,inferred,,,,
seo consultant cost in chennai,c-093,Seo Consultant Chennai,informational_bofu,mid,chennai,1,parked,2,4,2,7,inferred,,,,
seo consultant chennai reviews,c-093,Seo Consultant Chennai,commercial,mid,chennai,1,parked,2,4,2,7,inferred,,,,
seo consultant pune,c-094,Seo Consultant Pune,transactional,head,pune,1,parked,2,4,2,7,inferred,,,,
pune seo consultant,c-094,Seo Consultant Pune,transactional,head,pune,1,parked,2,4,2,7,inferred,,,,
seo consultant in pune,c-094,Seo Consultant Pune,transactional,head,pune,1,parked,2,4,2,7,inferred,,,,
seo consultant pune mh,c-094,Seo Consultant Pune,transactional,mid,pune,1,parked,2,4,2,7,inferred,,,,
seo consultant near pune,c-094,Seo Consultant Pune,transactional,mid,pune,1,parked,2,4,2,7,inferred,,,,
best seo consultant pune,c-094,Seo Consultant Pune,transactional,mid,pune,1,parked,2,4,2,7,inferred,,,,
cheap seo consultant pune,c-094,Seo Consultant Pune,transactional,mid,pune,1,parked,2,4,2,7,inferred,,,,
seo consultant company pune,c-094,Seo Consultant Pune,transactional,mid,pune,1,parked,2,4,2,7,inferred,,,,
best seo consultant in pune,c-094,Seo Consultant Pune,transactional,mid,pune,1,parked,2,4,2,7,inferred,,,,
24 hour seo consultant pune,c-094,Seo Consultant Pune,transactional,mid,pune,1,parked,2,4,2,7,inferred,,,,
seo consultant services pune,c-094,Seo Consultant Pune,transactional,mid,pune,1,parked,2,4,2,7,inferred,,,,
same day seo consultant pune,c-094,Seo Consultant Pune,transactional,mid,pune,1,parked,2,4,2,7,inferred,,,,
licensed seo consultant pune,c-094,Seo Consultant Pune,transactional,mid,pune,1,parked,2,4,2,7,inferred,,,,
top rated seo consultant pune,c-094,Seo Consultant Pune,transactional,mid,pune,1,parked,2,4,2,7,inferred,,,,
emergency seo consultant pune,c-094,Seo Consultant Pune,transactional,mid,pune,1,parked,2,4,2,7,inferred,,,,
affordable seo consultant pune,c-094,Seo Consultant Pune,transactional,mid,pune,1,parked,2,4,2,7,inferred,,,,
seo consultant contractor pune,c-094,Seo Consultant Pune,transactional,mid,pune,1,parked,2,4,2,7,inferred,,,,
seo consultant pune cost,c-094,Seo Consultant Pune,informational_bofu,mid,pune,1,parked,2,4,2,7,inferred,,,,
seo consultant prices pune,c-094,Seo Consultant Pune,informational_bofu,mid,pune,1,parked,2,4,2,7,inferred,,,,
seo consultant quotes pune,c-094,Seo Consultant Pune,informational_bofu,mid,pune,1,parked,2,4,2,7,inferred,,,,
seo consultant cost in pune,c-094,Seo Consultant Pune,informational_bofu,mid,pune,1,parked,2,4,2,7,inferred,,,,
seo consultant pune reviews,c-094,Seo Consultant Pune,commercial,mid,pune,1,parked,2,4,2,7,inferred,,,,
seo consultant gurgaon,c-096,Seo Consultant Gurgaon,transactional,head,gurgaon,1,parked,2,4,2,7,inferred,,,,
gurgaon seo consultant,c-096,Seo Consultant Gurgaon,transactional,head,gurgaon,1,parked,2,4,2,7,inferred,,,,
seo consultant in gurgaon,c-096,Seo Consultant Gurgaon,transactional,head,gurgaon,1,parked,2,4,2,7,inferred,,,,
seo consultant gurgaon hr,c-096,Seo Consultant Gurgaon,transactional,mid,gurgaon,1,parked,2,4,2,7,inferred,,,,
seo consultant near gurgaon,c-096,Seo Consultant Gurgaon,transactional,mid,gurgaon,1,parked,2,4,2,7,inferred,,,,
best seo consultant gurgaon,c-096,Seo Consultant Gurgaon,transactional,mid,gurgaon,1,parked,2,4,2,7,inferred,,,,
cheap seo consultant gurgaon,c-096,Seo Consultant Gurgaon,transactional,mid,gurgaon,1,parked,2,4,2,7,inferred,,,,
seo consultant company gurgaon,c-096,Seo Consultant Gurgaon,transactional,mid,gurgaon,1,parked,2,4,2,7,inferred,,,,
best seo consultant in gurgaon,c-096,Seo Consultant Gurgaon,transactional,mid,gurgaon,1,parked,2,4,2,7,inferred,,,,
24 hour seo consultant gurgaon,c-096,Seo Consultant Gurgaon,transactional,mid,gurgaon,1,parked,2,4,2,7,inferred,,,,
seo consultant services gurgaon,c-096,Seo Consultant Gurgaon,transactional,mid,gurgaon,1,parked,2,4,2,7,inferred,,,,
same day seo consultant gurgaon,c-096,Seo Consultant Gurgaon,transactional,mid,gurgaon,1,parked,2,4,2,7,inferred,,,,
licensed seo consultant gurgaon,c-096,Seo Consultant Gurgaon,transactional,mid,gurgaon,1,parked,2,4,2,7,inferred,,,,
top rated seo consultant gurgaon,c-096,Seo Consultant Gurgaon,transactional,mid,gurgaon,1,parked,2,4,2,7,inferred,,,,
emergency seo consultant gurgaon,c-096,Seo Consultant Gurgaon,transactional,mid,gurgaon,1,parked,2,4,2,7,inferred,,,,
affordable seo consultant gurgaon,c-096,Seo Consultant Gurgaon,transactional,mid,gurgaon,1,parked,2,4,2,7,inferred,,,,
seo consultant contractor gurgaon,c-096,Seo Consultant Gurgaon,transactional,mid,gurgaon,1,parked,2,4,2,7,inferred,,,,
seo consultant gurgaon cost,c-096,Seo Consultant Gurgaon,informational_bofu,mid,gurgaon,1,parked,2,4,2,7,inferred,,,,
seo consultant prices gurgaon,c-096,Seo Consultant Gurgaon,informational_bofu,mid,gurgaon,1,parked,2,4,2,7,inferred,,,,
seo consultant quotes gurgaon,c-096,Seo Consultant Gurgaon,informational_bofu,mid,gurgaon,1,parked,2,4,2,7,inferred,,,,
seo consultant cost in gurgaon,c-096,Seo Consultant Gurgaon,informational_bofu,mid,gurgaon,1,parked,2,4,2,7,inferred,,,,
seo consultant gurgaon reviews,c-096,Seo Consultant Gurgaon,commercial,mid,gurgaon,1,parked,2,4,2,7,inferred,,,,
seo consultant noida,c-097,Seo Consultant Noida,transactional,head,noida,1,parked,2,4,2,7,inferred,,,,
noida seo consultant,c-097,Seo Consultant Noida,transactional,head,noida,1,parked,2,4,2,7,inferred,,,,
seo consultant in noida,c-097,Seo Consultant Noida,transactional,head,noida,1,parked,2,4,2,7,inferred,,,,
seo consultant noida up,c-097,Seo Consultant Noida,transactional,mid,noida,1,parked,2,4,2,7,inferred,,,,
seo consultant near noida,c-097,Seo Consultant Noida,transactional,mid,noida,1,parked,2,4,2,7,inferred,,,,
best seo consultant noida,c-097,Seo Consultant Noida,transactional,mid,noida,1,parked,2,4,2,7,inferred,,,,
cheap seo consultant noida,c-097,Seo Consultant Noida,transactional,mid,noida,1,parked,2,4,2,7,inferred,,,,
seo consultant company noida,c-097,Seo Consultant Noida,transactional,mid,noida,1,parked,2,4,2,7,inferred,,,,
best seo consultant in noida,c-097,Seo Consultant Noida,transactional,mid,noida,1,parked,2,4,2,7,inferred,,,,
24 hour seo consultant noida,c-097,Seo Consultant Noida,transactional,mid,noida,1,parked,2,4,2,7,inferred,,,,
seo consultant services noida,c-097,Seo Consultant Noida,transactional,mid,noida,1,parked,2,4,2,7,inferred,,,,
same day seo consultant noida,c-097,Seo Consultant Noida,transactional,mid,noida,1,parked,2,4,2,7,inferred,,,,
licensed seo consultant noida,c-097,Seo Consultant Noida,transactional,mid,noida,1,parked,2,4,2,7,inferred,,,,
top rated seo consultant noida,c-097,Seo Consultant Noida,transactional,mid,noida,1,parked,2,4,2,7,inferred,,,,
emergency seo consultant noida,c-097,Seo Consultant Noida,transactional,mid,noida,1,parked,2,4,2,7,inferred,,,,
affordable seo consultant noida,c-097,Seo Consultant Noida,transactional,mid,noida,1,parked,2,4,2,7,inferred,,,,
seo consultant contractor noida,c-097,Seo Consultant Noida,transactional,mid,noida,1,parked,2,4,2,7,inferred,,,,
seo consultant noida cost,c-097,Seo Consultant Noida,informational_bofu,mid,noida,1,parked,2,4,2,7,inferred,,,,
seo consultant prices noida,c-097,Seo Consultant Noida,informational_bofu,mid,noida,1,parked,2,4,2,7,inferred,,,,
seo consultant quotes noida,c-097,Seo Consultant Noida,informational_bofu,mid,noida,1,parked,2,4,2,7,inferred,,,,
seo consultant cost in noida,c-097,Seo Consultant Noida,informational_bofu,mid,noida,1,parked,2,4,2,7,inferred,,,,
seo consultant noida reviews,c-097,Seo Consultant Noida,commercial,mid,noida,1,parked,2,4,2,7,inferred,,,,
seo consultant kolkata,c-098,Seo Consultant Kolkata,transactional,head,kolkata,1,parked,2,4,2,7,inferred,,,,
kolkata seo consultant,c-098,Seo Consultant Kolkata,transactional,head,kolkata,1,parked,2,4,2,7,inferred,,,,
seo consultant in kolkata,c-098,Seo Consultant Kolkata,transactional,head,kolkata,1,parked,2,4,2,7,inferred,,,,
seo consultant kolkata wb,c-098,Seo Consultant Kolkata,transactional,mid,kolkata,1,parked,2,4,2,7,inferred,,,,
seo consultant near kolkata,c-098,Seo Consultant Kolkata,transactional,mid,kolkata,1,parked,2,4,2,7,inferred,,,,
best seo consultant kolkata,c-098,Seo Consultant Kolkata,transactional,mid,kolkata,1,parked,2,4,2,7,inferred,,,,
cheap seo consultant kolkata,c-098,Seo Consultant Kolkata,transactional,mid,kolkata,1,parked,2,4,2,7,inferred,,,,
seo consultant company kolkata,c-098,Seo Consultant Kolkata,transactional,mid,kolkata,1,parked,2,4,2,7,inferred,,,,
best seo consultant in kolkata,c-098,Seo Consultant Kolkata,transactional,mid,kolkata,1,parked,2,4,2,7,inferred,,,,
24 hour seo consultant kolkata,c-098,Seo Consultant Kolkata,transactional,mid,kolkata,1,parked,2,4,2,7,inferred,,,,
seo consultant services kolkata,c-098,Seo Consultant Kolkata,transactional,mid,kolkata,1,parked,2,4,2,7,inferred,,,,
same day seo consultant kolkata,c-098,Seo Consultant Kolkata,transactional,mid,kolkata,1,parked,2,4,2,7,inferred,,,,
licensed seo consultant kolkata,c-098,Seo Consultant Kolkata,transactional,mid,kolkata,1,parked,2,4,2,7,inferred,,,,
top rated seo consultant kolkata,c-098,Seo Consultant Kolkata,transactional,mid,kolkata,1,parked,2,4,2,7,inferred,,,,
emergency seo consultant kolkata,c-098,Seo Consultant Kolkata,transactional,mid,kolkata,1,parked,2,4,2,7,inferred,,,,
affordable seo consultant kolkata,c-098,Seo Consultant Kolkata,transactional,mid,kolkata,1,parked,2,4,2,7,inferred,,,,
seo consultant contractor kolkata,c-098,Seo Consultant Kolkata,transactional,mid,kolkata,1,parked,2,4,2,7,inferred,,,,
seo consultant kolkata cost,c-098,Seo Consultant Kolkata,informational_bofu,mid,kolkata,1,parked,2,4,2,7,inferred,,,,
seo consultant prices kolkata,c-098,Seo Consultant Kolkata,informational_bofu,mid,kolkata,1,parked,2,4,2,7,inferred,,,,
seo consultant quotes kolkata,c-098,Seo Consultant Kolkata,informational_bofu,mid,kolkata,1,parked,2,4,2,7,inferred,,,,
seo consultant cost in kolkata,c-098,Seo Consultant Kolkata,informational_bofu,mid,kolkata,1,parked,2,4,2,7,inferred,,,,
seo consultant kolkata reviews,c-098,Seo Consultant Kolkata,commercial,mid,kolkata,1,parked,2,4,2,7,inferred,,,,
seo consultant ahmedabad,c-099,Seo Consultant Ahmedabad,transactional,head,ahmedabad,1,parked,2,4,2,7,inferred,,,,
ahmedabad seo consultant,c-099,Seo Consultant Ahmedabad,transactional,head,ahmedabad,1,parked,2,4,2,7,inferred,,,,
seo consultant in ahmedabad,c-099,Seo Consultant Ahmedabad,transactional,head,ahmedabad,1,parked,2,4,2,7,inferred,,,,
seo consultant ahmedabad gj,c-099,Seo Consultant Ahmedabad,transactional,mid,ahmedabad,1,parked,2,4,2,7,inferred,,,,
seo consultant near ahmedabad,c-099,Seo Consultant Ahmedabad,transactional,mid,ahmedabad,1,parked,2,4,2,7,inferred,,,,
best seo consultant ahmedabad,c-099,Seo Consultant Ahmedabad,transactional,mid,ahmedabad,1,parked,2,4,2,7,inferred,,,,
cheap seo consultant ahmedabad,c-099,Seo Consultant Ahmedabad,transactional,mid,ahmedabad,1,parked,2,4,2,7,inferred,,,,
seo consultant company ahmedabad,c-099,Seo Consultant Ahmedabad,transactional,mid,ahmedabad,1,parked,2,4,2,7,inferred,,,,
best seo consultant in ahmedabad,c-099,Seo Consultant Ahmedabad,transactional,mid,ahmedabad,1,parked,2,4,2,7,inferred,,,,
24 hour seo consultant ahmedabad,c-099,Seo Consultant Ahmedabad,transactional,mid,ahmedabad,1,parked,2,4,2,7,inferred,,,,
seo consultant services ahmedabad,c-099,Seo Consultant Ahmedabad,transactional,mid,ahmedabad,1,parked,2,4,2,7,inferred,,,,
same day seo consultant ahmedabad,c-099,Seo Consultant Ahmedabad,transactional,mid,ahmedabad,1,parked,2,4,2,7,inferred,,,,
licensed seo consultant ahmedabad,c-099,Seo Consultant Ahmedabad,transactional,mid,ahmedabad,1,parked,2,4,2,7,inferred,,,,
top rated seo consultant ahmedabad,c-099,Seo Consultant Ahmedabad,transactional,mid,ahmedabad,1,parked,2,4,2,7,inferred,,,,
emergency seo consultant ahmedabad,c-099,Seo Consultant Ahmedabad,transactional,mid,ahmedabad,1,parked,2,4,2,7,inferred,,,,
affordable seo consultant ahmedabad,c-099,Seo Consultant Ahmedabad,transactional,mid,ahmedabad,1,parked,2,4,2,7,inferred,,,,
seo consultant contractor ahmedabad,c-099,Seo Consultant Ahmedabad,transactional,mid,ahmedabad,1,parked,2,4,2,7,inferred,,,,
seo consultant ahmedabad cost,c-099,Seo Consultant Ahmedabad,informational_bofu,mid,ahmedabad,1,parked,2,4,2,7,inferred,,,,
seo consultant prices ahmedabad,c-099,Seo Consultant Ahmedabad,informational_bofu,mid,ahmedabad,1,parked,2,4,2,7,inferred,,,,
seo consultant quotes ahmedabad,c-099,Seo Consultant Ahmedabad,informational_bofu,mid,ahmedabad,1,parked,2,4,2,7,inferred,,,,
seo consultant cost in ahmedabad,c-099,Seo Consultant Ahmedabad,informational_bofu,mid,ahmedabad,1,parked,2,4,2,7,inferred,,,,
seo consultant ahmedabad reviews,c-099,Seo Consultant Ahmedabad,commercial,mid,ahmedabad,1,parked,2,4,2,7,inferred,,,,
freelance digital marketer mumbai,c-102,Freelance Digital Marketer Mumbai,transactional,mid,mumbai,1,parked,2,4,2,7,inferred,,,,
mumbai freelance digital marketer,c-102,Freelance Digital Marketer Mumbai,transactional,mid,mumbai,1,parked,2,4,2,7,inferred,,,,
freelance digital marketer in mumbai,c-102,Freelance Digital Marketer Mumbai,transactional,mid,mumbai,1,parked,2,4,2,7,inferred,,,,
freelance digital marketer mumbai mh,c-102,Freelance Digital Marketer Mumbai,transactional,mid,mumbai,1,parked,2,4,2,7,inferred,,,,
freelance digital marketer near mumbai,c-102,Freelance Digital Marketer Mumbai,transactional,mid,mumbai,1,parked,2,4,2,7,inferred,,,,
best freelance digital marketer mumbai,c-102,Freelance Digital Marketer Mumbai,transactional,mid,mumbai,1,parked,2,4,2,7,inferred,,,,
cheap freelance digital marketer mumbai,c-102,Freelance Digital Marketer Mumbai,transactional,mid,mumbai,1,parked,2,4,2,7,inferred,,,,
freelance digital marketer company mumbai,c-102,Freelance Digital Marketer Mumbai,transactional,mid,mumbai,1,parked,2,4,2,7,inferred,,,,
best freelance digital marketer in mumbai,c-102,Freelance Digital Marketer Mumbai,transactional,mid,mumbai,1,parked,2,4,2,7,inferred,,,,
freelance digital marketer services mumbai,c-102,Freelance Digital Marketer Mumbai,transactional,mid,mumbai,1,parked,2,4,2,7,inferred,,,,
licensed freelance digital marketer mumbai,c-102,Freelance Digital Marketer Mumbai,transactional,mid,mumbai,1,parked,2,4,2,7,inferred,,,,
emergency freelance digital marketer mumbai,c-102,Freelance Digital Marketer Mumbai,transactional,mid,mumbai,1,parked,2,4,2,7,inferred,,,,
affordable freelance digital marketer mumbai,c-102,Freelance Digital Marketer Mumbai,transactional,mid,mumbai,1,parked,2,4,2,7,inferred,,,,
freelance digital marketer contractor mumbai,c-102,Freelance Digital Marketer Mumbai,transactional,mid,mumbai,1,parked,2,4,2,7,inferred,,,,
freelance digital marketer mumbai cost,c-102,Freelance Digital Marketer Mumbai,informational_bofu,mid,mumbai,1,parked,2,4,2,7,inferred,,,,
freelance digital marketer prices mumbai,c-102,Freelance Digital Marketer Mumbai,informational_bofu,mid,mumbai,1,parked,2,4,2,7,inferred,,,,
freelance digital marketer quotes mumbai,c-102,Freelance Digital Marketer Mumbai,informational_bofu,mid,mumbai,1,parked,2,4,2,7,inferred,,,,
freelance digital marketer cost in mumbai,c-102,Freelance Digital Marketer Mumbai,informational_bofu,mid,mumbai,1,parked,2,4,2,7,inferred,,,,
freelance digital marketer mumbai reviews,c-102,Freelance Digital Marketer Mumbai,commercial,mid,mumbai,1,parked,2,4,2,7,inferred,,,,
24 hour freelance digital marketer mumbai,c-102,Freelance Digital Marketer Mumbai,transactional,long_tail,mumbai,1,parked,2,4,2,7,inferred,,,,
same day freelance digital marketer mumbai,c-102,Freelance Digital Marketer Mumbai,transactional,long_tail,mumbai,1,parked,2,4,2,7,inferred,,,,
top rated freelance digital marketer mumbai,c-102,Freelance Digital Marketer Mumbai,transactional,long_tail,mumbai,1,parked,2,4,2,7,inferred,,,,
freelance digital marketer delhi,c-103,Freelance Digital Marketer Delhi,transactional,mid,delhi,1,parked,2,4,2,7,inferred,,,,
delhi freelance digital marketer,c-103,Freelance Digital Marketer Delhi,transactional,mid,delhi,1,parked,2,4,2,7,inferred,,,,
freelance digital marketer in delhi,c-103,Freelance Digital Marketer Delhi,transactional,mid,delhi,1,parked,2,4,2,7,inferred,,,,
freelance digital marketer delhi dl,c-103,Freelance Digital Marketer Delhi,transactional,mid,delhi,1,parked,2,4,2,7,inferred,,,,
freelance digital marketer near delhi,c-103,Freelance Digital Marketer Delhi,transactional,mid,delhi,1,parked,2,4,2,7,inferred,,,,
best freelance digital marketer delhi,c-103,Freelance Digital Marketer Delhi,transactional,mid,delhi,1,parked,2,4,2,7,inferred,,,,
cheap freelance digital marketer delhi,c-103,Freelance Digital Marketer Delhi,transactional,mid,delhi,1,parked,2,4,2,7,inferred,,,,
freelance digital marketer company delhi,c-103,Freelance Digital Marketer Delhi,transactional,mid,delhi,1,parked,2,4,2,7,inferred,,,,
best freelance digital marketer in delhi,c-103,Freelance Digital Marketer Delhi,transactional,mid,delhi,1,parked,2,4,2,7,inferred,,,,
freelance digital marketer services delhi,c-103,Freelance Digital Marketer Delhi,transactional,mid,delhi,1,parked,2,4,2,7,inferred,,,,
licensed freelance digital marketer delhi,c-103,Freelance Digital Marketer Delhi,transactional,mid,delhi,1,parked,2,4,2,7,inferred,,,,
emergency freelance digital marketer delhi,c-103,Freelance Digital Marketer Delhi,transactional,mid,delhi,1,parked,2,4,2,7,inferred,,,,
affordable freelance digital marketer delhi,c-103,Freelance Digital Marketer Delhi,transactional,mid,delhi,1,parked,2,4,2,7,inferred,,,,
freelance digital marketer contractor delhi,c-103,Freelance Digital Marketer Delhi,transactional,mid,delhi,1,parked,2,4,2,7,inferred,,,,
freelance digital marketer delhi cost,c-103,Freelance Digital Marketer Delhi,informational_bofu,mid,delhi,1,parked,2,4,2,7,inferred,,,,
freelance digital marketer prices delhi,c-103,Freelance Digital Marketer Delhi,informational_bofu,mid,delhi,1,parked,2,4,2,7,inferred,,,,
freelance digital marketer quotes delhi,c-103,Freelance Digital Marketer Delhi,informational_bofu,mid,delhi,1,parked,2,4,2,7,inferred,,,,
freelance digital marketer cost in delhi,c-103,Freelance Digital Marketer Delhi,informational_bofu,mid,delhi,1,parked,2,4,2,7,inferred,,,,
freelance digital marketer delhi reviews,c-103,Freelance Digital Marketer Delhi,commercial,mid,delhi,1,parked,2,4,2,7,inferred,,,,
24 hour freelance digital marketer delhi,c-103,Freelance Digital Marketer Delhi,transactional,long_tail,delhi,1,parked,2,4,2,7,inferred,,,,
same day freelance digital marketer delhi,c-103,Freelance Digital Marketer Delhi,transactional,long_tail,delhi,1,parked,2,4,2,7,inferred,,,,
top rated freelance digital marketer delhi,c-103,Freelance Digital Marketer Delhi,transactional,long_tail,delhi,1,parked,2,4,2,7,inferred,,,,
freelance digital marketer gurgaon,c-104,Freelance Digital Marketer Gurgaon,transactional,mid,gurgaon,1,parked,2,4,2,7,inferred,,,,
gurgaon freelance digital marketer,c-104,Freelance Digital Marketer Gurgaon,transactional,mid,gurgaon,1,parked,2,4,2,7,inferred,,,,
freelance digital marketer in gurgaon,c-104,Freelance Digital Marketer Gurgaon,transactional,mid,gurgaon,1,parked,2,4,2,7,inferred,,,,
freelance digital marketer gurgaon hr,c-104,Freelance Digital Marketer Gurgaon,transactional,mid,gurgaon,1,parked,2,4,2,7,inferred,,,,
freelance digital marketer near gurgaon,c-104,Freelance Digital Marketer Gurgaon,transactional,mid,gurgaon,1,parked,2,4,2,7,inferred,,,,
best freelance digital marketer gurgaon,c-104,Freelance Digital Marketer Gurgaon,transactional,mid,gurgaon,1,parked,2,4,2,7,inferred,,,,
cheap freelance digital marketer gurgaon,c-104,Freelance Digital Marketer Gurgaon,transactional,mid,gurgaon,1,parked,2,4,2,7,inferred,,,,
freelance digital marketer company gurgaon,c-104,Freelance Digital Marketer Gurgaon,transactional,mid,gurgaon,1,parked,2,4,2,7,inferred,,,,
best freelance digital marketer in gurgaon,c-104,Freelance Digital Marketer Gurgaon,transactional,mid,gurgaon,1,parked,2,4,2,7,inferred,,,,
freelance digital marketer services gurgaon,c-104,Freelance Digital Marketer Gurgaon,transactional,mid,gurgaon,1,parked,2,4,2,7,inferred,,,,
licensed freelance digital marketer gurgaon,c-104,Freelance Digital Marketer Gurgaon,transactional,mid,gurgaon,1,parked,2,4,2,7,inferred,,,,
emergency freelance digital marketer gurgaon,c-104,Freelance Digital Marketer Gurgaon,transactional,mid,gurgaon,1,parked,2,4,2,7,inferred,,,,
affordable freelance digital marketer gurgaon,c-104,Freelance Digital Marketer Gurgaon,transactional,mid,gurgaon,1,parked,2,4,2,7,inferred,,,,
freelance digital marketer contractor gurgaon,c-104,Freelance Digital Marketer Gurgaon,transactional,mid,gurgaon,1,parked,2,4,2,7,inferred,,,,
freelance digital marketer gurgaon cost,c-104,Freelance Digital Marketer Gurgaon,informational_bofu,mid,gurgaon,1,parked,2,4,2,7,inferred,,,,
freelance digital marketer prices gurgaon,c-104,Freelance Digital Marketer Gurgaon,informational_bofu,mid,gurgaon,1,parked,2,4,2,7,inferred,,,,
freelance digital marketer quotes gurgaon,c-104,Freelance Digital Marketer Gurgaon,informational_bofu,mid,gurgaon,1,parked,2,4,2,7,inferred,,,,
freelance digital marketer cost in gurgaon,c-104,Freelance Digital Marketer Gurgaon,informational_bofu,mid,gurgaon,1,parked,2,4,2,7,inferred,,,,
freelance digital marketer gurgaon reviews,c-104,Freelance Digital Marketer Gurgaon,commercial,mid,gurgaon,1,parked,2,4,2,7,inferred,,,,
24 hour freelance digital marketer gurgaon,c-104,Freelance Digital Marketer Gurgaon,transactional,long_tail,gurgaon,1,parked,2,4,2,7,inferred,,,,
same day freelance digital marketer gurgaon,c-104,Freelance Digital Marketer Gurgaon,transactional,long_tail,gurgaon,1,parked,2,4,2,7,inferred,,,,
top rated freelance digital marketer gurgaon,c-104,Freelance Digital Marketer Gurgaon,transactional,long_tail,gurgaon,1,parked,2,4,2,7,inferred,,,,
freelance digital marketer noida,c-105,Freelance Digital Marketer Noida,transactional,mid,noida,1,parked,2,4,2,7,inferred,,,,
noida freelance digital marketer,c-105,Freelance Digital Marketer Noida,transactional,mid,noida,1,parked,2,4,2,7,inferred,,,,
freelance digital marketer in noida,c-105,Freelance Digital Marketer Noida,transactional,mid,noida,1,parked,2,4,2,7,inferred,,,,
freelance digital marketer noida up,c-105,Freelance Digital Marketer Noida,transactional,mid,noida,1,parked,2,4,2,7,inferred,,,,
freelance digital marketer near noida,c-105,Freelance Digital Marketer Noida,transactional,mid,noida,1,parked,2,4,2,7,inferred,,,,
best freelance digital marketer noida,c-105,Freelance Digital Marketer Noida,transactional,mid,noida,1,parked,2,4,2,7,inferred,,,,
cheap freelance digital marketer noida,c-105,Freelance Digital Marketer Noida,transactional,mid,noida,1,parked,2,4,2,7,inferred,,,,
freelance digital marketer company noida,c-105,Freelance Digital Marketer Noida,transactional,mid,noida,1,parked,2,4,2,7,inferred,,,,
best freelance digital marketer in noida,c-105,Freelance Digital Marketer Noida,transactional,mid,noida,1,parked,2,4,2,7,inferred,,,,
freelance digital marketer services noida,c-105,Freelance Digital Marketer Noida,transactional,mid,noida,1,parked,2,4,2,7,inferred,,,,
licensed freelance digital marketer noida,c-105,Freelance Digital Marketer Noida,transactional,mid,noida,1,parked,2,4,2,7,inferred,,,,
emergency freelance digital marketer noida,c-105,Freelance Digital Marketer Noida,transactional,mid,noida,1,parked,2,4,2,7,inferred,,,,
affordable freelance digital marketer noida,c-105,Freelance Digital Marketer Noida,transactional,mid,noida,1,parked,2,4,2,7,inferred,,,,
freelance digital marketer contractor noida,c-105,Freelance Digital Marketer Noida,transactional,mid,noida,1,parked,2,4,2,7,inferred,,,,
freelance digital marketer noida cost,c-105,Freelance Digital Marketer Noida,informational_bofu,mid,noida,1,parked,2,4,2,7,inferred,,,,
freelance digital marketer prices noida,c-105,Freelance Digital Marketer Noida,informational_bofu,mid,noida,1,parked,2,4,2,7,inferred,,,,
freelance digital marketer quotes noida,c-105,Freelance Digital Marketer Noida,informational_bofu,mid,noida,1,parked,2,4,2,7,inferred,,,,
freelance digital marketer cost in noida,c-105,Freelance Digital Marketer Noida,informational_bofu,mid,noida,1,parked,2,4,2,7,inferred,,,,
freelance digital marketer noida reviews,c-105,Freelance Digital Marketer Noida,commercial,mid,noida,1,parked,2,4,2,7,inferred,,,,
24 hour freelance digital marketer noida,c-105,Freelance Digital Marketer Noida,transactional,long_tail,noida,1,parked,2,4,2,7,inferred,,,,
same day freelance digital marketer noida,c-105,Freelance Digital Marketer Noida,transactional,long_tail,noida,1,parked,2,4,2,7,inferred,,,,
top rated freelance digital marketer noida,c-105,Freelance Digital Marketer Noida,transactional,long_tail,noida,1,parked,2,4,2,7,inferred,,,,
freelance digital marketer hyderabad,c-106,Freelance Digital Marketer Hyderabad,transactional,mid,hyderabad,1,parked,2,4,2,7,inferred,,,,
hyderabad freelance digital marketer,c-106,Freelance Digital Marketer Hyderabad,transactional,mid,hyderabad,1,parked,2,4,2,7,inferred,,,,
freelance digital marketer in hyderabad,c-106,Freelance Digital Marketer Hyderabad,transactional,mid,hyderabad,1,parked,2,4,2,7,inferred,,,,
freelance digital marketer hyderabad ts,c-106,Freelance Digital Marketer Hyderabad,transactional,mid,hyderabad,1,parked,2,4,2,7,inferred,,,,
freelance digital marketer near hyderabad,c-106,Freelance Digital Marketer Hyderabad,transactional,mid,hyderabad,1,parked,2,4,2,7,inferred,,,,
best freelance digital marketer hyderabad,c-106,Freelance Digital Marketer Hyderabad,transactional,mid,hyderabad,1,parked,2,4,2,7,inferred,,,,
cheap freelance digital marketer hyderabad,c-106,Freelance Digital Marketer Hyderabad,transactional,mid,hyderabad,1,parked,2,4,2,7,inferred,,,,
freelance digital marketer company hyderabad,c-106,Freelance Digital Marketer Hyderabad,transactional,mid,hyderabad,1,parked,2,4,2,7,inferred,,,,
best freelance digital marketer in hyderabad,c-106,Freelance Digital Marketer Hyderabad,transactional,mid,hyderabad,1,parked,2,4,2,7,inferred,,,,
freelance digital marketer services hyderabad,c-106,Freelance Digital Marketer Hyderabad,transactional,mid,hyderabad,1,parked,2,4,2,7,inferred,,,,
licensed freelance digital marketer hyderabad,c-106,Freelance Digital Marketer Hyderabad,transactional,mid,hyderabad,1,parked,2,4,2,7,inferred,,,,
emergency freelance digital marketer hyderabad,c-106,Freelance Digital Marketer Hyderabad,transactional,mid,hyderabad,1,parked,2,4,2,7,inferred,,,,
affordable freelance digital marketer hyderabad,c-106,Freelance Digital Marketer Hyderabad,transactional,mid,hyderabad,1,parked,2,4,2,7,inferred,,,,
freelance digital marketer contractor hyderabad,c-106,Freelance Digital Marketer Hyderabad,transactional,mid,hyderabad,1,parked,2,4,2,7,inferred,,,,
freelance digital marketer hyderabad cost,c-106,Freelance Digital Marketer Hyderabad,informational_bofu,mid,hyderabad,1,parked,2,4,2,7,inferred,,,,
freelance digital marketer prices hyderabad,c-106,Freelance Digital Marketer Hyderabad,informational_bofu,mid,hyderabad,1,parked,2,4,2,7,inferred,,,,
freelance digital marketer quotes hyderabad,c-106,Freelance Digital Marketer Hyderabad,informational_bofu,mid,hyderabad,1,parked,2,4,2,7,inferred,,,,
freelance digital marketer cost in hyderabad,c-106,Freelance Digital Marketer Hyderabad,informational_bofu,mid,hyderabad,1,parked,2,4,2,7,inferred,,,,
freelance digital marketer hyderabad reviews,c-106,Freelance Digital Marketer Hyderabad,commercial,mid,hyderabad,1,parked,2,4,2,7,inferred,,,,
24 hour freelance digital marketer hyderabad,c-106,Freelance Digital Marketer Hyderabad,transactional,long_tail,hyderabad,1,parked,2,4,2,7,inferred,,,,
same day freelance digital marketer hyderabad,c-106,Freelance Digital Marketer Hyderabad,transactional,long_tail,hyderabad,1,parked,2,4,2,7,inferred,,,,
top rated freelance digital marketer hyderabad,c-106,Freelance Digital Marketer Hyderabad,transactional,long_tail,hyderabad,1,parked,2,4,2,7,inferred,,,,
freelance digital marketer chennai,c-107,Freelance Digital Marketer Chennai,transactional,mid,chennai,1,parked,2,4,2,7,inferred,,,,
chennai freelance digital marketer,c-107,Freelance Digital Marketer Chennai,transactional,mid,chennai,1,parked,2,4,2,7,inferred,,,,
freelance digital marketer in chennai,c-107,Freelance Digital Marketer Chennai,transactional,mid,chennai,1,parked,2,4,2,7,inferred,,,,
freelance digital marketer chennai tn,c-107,Freelance Digital Marketer Chennai,transactional,mid,chennai,1,parked,2,4,2,7,inferred,,,,
freelance digital marketer near chennai,c-107,Freelance Digital Marketer Chennai,transactional,mid,chennai,1,parked,2,4,2,7,inferred,,,,
best freelance digital marketer chennai,c-107,Freelance Digital Marketer Chennai,transactional,mid,chennai,1,parked,2,4,2,7,inferred,,,,
cheap freelance digital marketer chennai,c-107,Freelance Digital Marketer Chennai,transactional,mid,chennai,1,parked,2,4,2,7,inferred,,,,
freelance digital marketer company chennai,c-107,Freelance Digital Marketer Chennai,transactional,mid,chennai,1,parked,2,4,2,7,inferred,,,,
best freelance digital marketer in chennai,c-107,Freelance Digital Marketer Chennai,transactional,mid,chennai,1,parked,2,4,2,7,inferred,,,,
freelance digital marketer services chennai,c-107,Freelance Digital Marketer Chennai,transactional,mid,chennai,1,parked,2,4,2,7,inferred,,,,
licensed freelance digital marketer chennai,c-107,Freelance Digital Marketer Chennai,transactional,mid,chennai,1,parked,2,4,2,7,inferred,,,,
emergency freelance digital marketer chennai,c-107,Freelance Digital Marketer Chennai,transactional,mid,chennai,1,parked,2,4,2,7,inferred,,,,
affordable freelance digital marketer chennai,c-107,Freelance Digital Marketer Chennai,transactional,mid,chennai,1,parked,2,4,2,7,inferred,,,,
freelance digital marketer contractor chennai,c-107,Freelance Digital Marketer Chennai,transactional,mid,chennai,1,parked,2,4,2,7,inferred,,,,
freelance digital marketer chennai cost,c-107,Freelance Digital Marketer Chennai,informational_bofu,mid,chennai,1,parked,2,4,2,7,inferred,,,,
freelance digital marketer prices chennai,c-107,Freelance Digital Marketer Chennai,informational_bofu,mid,chennai,1,parked,2,4,2,7,inferred,,,,
freelance digital marketer quotes chennai,c-107,Freelance Digital Marketer Chennai,informational_bofu,mid,chennai,1,parked,2,4,2,7,inferred,,,,
freelance digital marketer cost in chennai,c-107,Freelance Digital Marketer Chennai,informational_bofu,mid,chennai,1,parked,2,4,2,7,inferred,,,,
freelance digital marketer chennai reviews,c-107,Freelance Digital Marketer Chennai,commercial,mid,chennai,1,parked,2,4,2,7,inferred,,,,
24 hour freelance digital marketer chennai,c-107,Freelance Digital Marketer Chennai,transactional,long_tail,chennai,1,parked,2,4,2,7,inferred,,,,
same day freelance digital marketer chennai,c-107,Freelance Digital Marketer Chennai,transactional,long_tail,chennai,1,parked,2,4,2,7,inferred,,,,
top rated freelance digital marketer chennai,c-107,Freelance Digital Marketer Chennai,transactional,long_tail,chennai,1,parked,2,4,2,7,inferred,,,,
freelance digital marketer pune,c-108,Freelance Digital Marketer Pune,transactional,mid,pune,1,parked,2,4,2,7,inferred,,,,
pune freelance digital marketer,c-108,Freelance Digital Marketer Pune,transactional,mid,pune,1,parked,2,4,2,7,inferred,,,,
freelance digital marketer in pune,c-108,Freelance Digital Marketer Pune,transactional,mid,pune,1,parked,2,4,2,7,inferred,,,,
freelance digital marketer pune mh,c-108,Freelance Digital Marketer Pune,transactional,mid,pune,1,parked,2,4,2,7,inferred,,,,
freelance digital marketer near pune,c-108,Freelance Digital Marketer Pune,transactional,mid,pune,1,parked,2,4,2,7,inferred,,,,
best freelance digital marketer pune,c-108,Freelance Digital Marketer Pune,transactional,mid,pune,1,parked,2,4,2,7,inferred,,,,
cheap freelance digital marketer pune,c-108,Freelance Digital Marketer Pune,transactional,mid,pune,1,parked,2,4,2,7,inferred,,,,
freelance digital marketer company pune,c-108,Freelance Digital Marketer Pune,transactional,mid,pune,1,parked,2,4,2,7,inferred,,,,
best freelance digital marketer in pune,c-108,Freelance Digital Marketer Pune,transactional,mid,pune,1,parked,2,4,2,7,inferred,,,,
freelance digital marketer services pune,c-108,Freelance Digital Marketer Pune,transactional,mid,pune,1,parked,2,4,2,7,inferred,,,,
licensed freelance digital marketer pune,c-108,Freelance Digital Marketer Pune,transactional,mid,pune,1,parked,2,4,2,7,inferred,,,,
emergency freelance digital marketer pune,c-108,Freelance Digital Marketer Pune,transactional,mid,pune,1,parked,2,4,2,7,inferred,,,,
affordable freelance digital marketer pune,c-108,Freelance Digital Marketer Pune,transactional,mid,pune,1,parked,2,4,2,7,inferred,,,,
freelance digital marketer contractor pune,c-108,Freelance Digital Marketer Pune,transactional,mid,pune,1,parked,2,4,2,7,inferred,,,,
freelance digital marketer pune cost,c-108,Freelance Digital Marketer Pune,informational_bofu,mid,pune,1,parked,2,4,2,7,inferred,,,,
freelance digital marketer prices pune,c-108,Freelance Digital Marketer Pune,informational_bofu,mid,pune,1,parked,2,4,2,7,inferred,,,,
freelance digital marketer quotes pune,c-108,Freelance Digital Marketer Pune,informational_bofu,mid,pune,1,parked,2,4,2,7,inferred,,,,
freelance digital marketer cost in pune,c-108,Freelance Digital Marketer Pune,informational_bofu,mid,pune,1,parked,2,4,2,7,inferred,,,,
freelance digital marketer pune reviews,c-108,Freelance Digital Marketer Pune,commercial,mid,pune,1,parked,2,4,2,7,inferred,,,,
24 hour freelance digital marketer pune,c-108,Freelance Digital Marketer Pune,transactional,long_tail,pune,1,parked,2,4,2,7,inferred,,,,
same day freelance digital marketer pune,c-108,Freelance Digital Marketer Pune,transactional,long_tail,pune,1,parked,2,4,2,7,inferred,,,,
top rated freelance digital marketer pune,c-108,Freelance Digital Marketer Pune,transactional,long_tail,pune,1,parked,2,4,2,7,inferred,,,,
freelance digital marketer kolkata,c-109,Freelance Digital Marketer Kolkata,transactional,mid,kolkata,1,parked,2,4,2,7,inferred,,,,
kolkata freelance digital marketer,c-109,Freelance Digital Marketer Kolkata,transactional,mid,kolkata,1,parked,2,4,2,7,inferred,,,,
freelance digital marketer in kolkata,c-109,Freelance Digital Marketer Kolkata,transactional,mid,kolkata,1,parked,2,4,2,7,inferred,,,,
freelance digital marketer kolkata wb,c-109,Freelance Digital Marketer Kolkata,transactional,mid,kolkata,1,parked,2,4,2,7,inferred,,,,
freelance digital marketer near kolkata,c-109,Freelance Digital Marketer Kolkata,transactional,mid,kolkata,1,parked,2,4,2,7,inferred,,,,
best freelance digital marketer kolkata,c-109,Freelance Digital Marketer Kolkata,transactional,mid,kolkata,1,parked,2,4,2,7,inferred,,,,
cheap freelance digital marketer kolkata,c-109,Freelance Digital Marketer Kolkata,transactional,mid,kolkata,1,parked,2,4,2,7,inferred,,,,
freelance digital marketer company kolkata,c-109,Freelance Digital Marketer Kolkata,transactional,mid,kolkata,1,parked,2,4,2,7,inferred,,,,
best freelance digital marketer in kolkata,c-109,Freelance Digital Marketer Kolkata,transactional,mid,kolkata,1,parked,2,4,2,7,inferred,,,,
freelance digital marketer services kolkata,c-109,Freelance Digital Marketer Kolkata,transactional,mid,kolkata,1,parked,2,4,2,7,inferred,,,,
licensed freelance digital marketer kolkata,c-109,Freelance Digital Marketer Kolkata,transactional,mid,kolkata,1,parked,2,4,2,7,inferred,,,,
emergency freelance digital marketer kolkata,c-109,Freelance Digital Marketer Kolkata,transactional,mid,kolkata,1,parked,2,4,2,7,inferred,,,,
affordable freelance digital marketer kolkata,c-109,Freelance Digital Marketer Kolkata,transactional,mid,kolkata,1,parked,2,4,2,7,inferred,,,,
freelance digital marketer contractor kolkata,c-109,Freelance Digital Marketer Kolkata,transactional,mid,kolkata,1,parked,2,4,2,7,inferred,,,,
freelance digital marketer kolkata cost,c-109,Freelance Digital Marketer Kolkata,informational_bofu,mid,kolkata,1,parked,2,4,2,7,inferred,,,,
freelance digital marketer prices kolkata,c-109,Freelance Digital Marketer Kolkata,informational_bofu,mid,kolkata,1,parked,2,4,2,7,inferred,,,,
freelance digital marketer quotes kolkata,c-109,Freelance Digital Marketer Kolkata,informational_bofu,mid,kolkata,1,parked,2,4,2,7,inferred,,,,
freelance digital marketer cost in kolkata,c-109,Freelance Digital Marketer Kolkata,informational_bofu,mid,kolkata,1,parked,2,4,2,7,inferred,,,,
freelance digital marketer kolkata reviews,c-109,Freelance Digital Marketer Kolkata,commercial,mid,kolkata,1,parked,2,4,2,7,inferred,,,,
24 hour freelance digital marketer kolkata,c-109,Freelance Digital Marketer Kolkata,transactional,long_tail,kolkata,1,parked,2,4,2,7,inferred,,,,
same day freelance digital marketer kolkata,c-109,Freelance Digital Marketer Kolkata,transactional,long_tail,kolkata,1,parked,2,4,2,7,inferred,,,,
top rated freelance digital marketer kolkata,c-109,Freelance Digital Marketer Kolkata,transactional,long_tail,kolkata,1,parked,2,4,2,7,inferred,,,,
freelance digital marketer ahmedabad,c-110,Freelance Digital Marketer Ahmedabad,transactional,mid,ahmedabad,1,parked,2,4,2,7,inferred,,,,
ahmedabad freelance digital marketer,c-110,Freelance Digital Marketer Ahmedabad,transactional,mid,ahmedabad,1,parked,2,4,2,7,inferred,,,,
freelance digital marketer in ahmedabad,c-110,Freelance Digital Marketer Ahmedabad,transactional,mid,ahmedabad,1,parked,2,4,2,7,inferred,,,,
freelance digital marketer ahmedabad gj,c-110,Freelance Digital Marketer Ahmedabad,transactional,mid,ahmedabad,1,parked,2,4,2,7,inferred,,,,
freelance digital marketer near ahmedabad,c-110,Freelance Digital Marketer Ahmedabad,transactional,mid,ahmedabad,1,parked,2,4,2,7,inferred,,,,
best freelance digital marketer ahmedabad,c-110,Freelance Digital Marketer Ahmedabad,transactional,mid,ahmedabad,1,parked,2,4,2,7,inferred,,,,
cheap freelance digital marketer ahmedabad,c-110,Freelance Digital Marketer Ahmedabad,transactional,mid,ahmedabad,1,parked,2,4,2,7,inferred,,,,
freelance digital marketer company ahmedabad,c-110,Freelance Digital Marketer Ahmedabad,transactional,mid,ahmedabad,1,parked,2,4,2,7,inferred,,,,
best freelance digital marketer in ahmedabad,c-110,Freelance Digital Marketer Ahmedabad,transactional,mid,ahmedabad,1,parked,2,4,2,7,inferred,,,,
freelance digital marketer services ahmedabad,c-110,Freelance Digital Marketer Ahmedabad,transactional,mid,ahmedabad,1,parked,2,4,2,7,inferred,,,,
licensed freelance digital marketer ahmedabad,c-110,Freelance Digital Marketer Ahmedabad,transactional,mid,ahmedabad,1,parked,2,4,2,7,inferred,,,,
emergency freelance digital marketer ahmedabad,c-110,Freelance Digital Marketer Ahmedabad,transactional,mid,ahmedabad,1,parked,2,4,2,7,inferred,,,,
affordable freelance digital marketer ahmedabad,c-110,Freelance Digital Marketer Ahmedabad,transactional,mid,ahmedabad,1,parked,2,4,2,7,inferred,,,,
freelance digital marketer contractor ahmedabad,c-110,Freelance Digital Marketer Ahmedabad,transactional,mid,ahmedabad,1,parked,2,4,2,7,inferred,,,,
freelance digital marketer ahmedabad cost,c-110,Freelance Digital Marketer Ahmedabad,informational_bofu,mid,ahmedabad,1,parked,2,4,2,7,inferred,,,,
freelance digital marketer prices ahmedabad,c-110,Freelance Digital Marketer Ahmedabad,informational_bofu,mid,ahmedabad,1,parked,2,4,2,7,inferred,,,,
freelance digital marketer quotes ahmedabad,c-110,Freelance Digital Marketer Ahmedabad,informational_bofu,mid,ahmedabad,1,parked,2,4,2,7,inferred,,,,
freelance digital marketer cost in ahmedabad,c-110,Freelance Digital Marketer Ahmedabad,informational_bofu,mid,ahmedabad,1,parked,2,4,2,7,inferred,,,,
freelance digital marketer ahmedabad reviews,c-110,Freelance Digital Marketer Ahmedabad,commercial,mid,ahmedabad,1,parked,2,4,2,7,inferred,,,,
24 hour freelance digital marketer ahmedabad,c-110,Freelance Digital Marketer Ahmedabad,transactional,long_tail,ahmedabad,1,parked,2,4,2,7,inferred,,,,
same day freelance digital marketer ahmedabad,c-110,Freelance Digital Marketer Ahmedabad,transactional,long_tail,ahmedabad,1,parked,2,4,2,7,inferred,,,,
top rated freelance digital marketer ahmedabad,c-110,Freelance Digital Marketer Ahmedabad,transactional,long_tail,ahmedabad,1,parked,2,4,2,7,inferred,,,,
email warm up tools,c-275,Email Warm Up Tools,transactional,mid,up,1,parked,2,4,2,7,inferred,,,,
lead follow up speed,c-291,Lead Follow Up Speed,transactional,mid,up,1,parked,2,4,2,7,inferred,,,,
